gene,description,apoptosis,cell_cycle,p53_signaling,immune_response,metabolism,DNA_repair,angiogenesis,inflammation,oxidative_stress,transcription_regulation
TP53,Tumor suppressor regulating cell cycle and apoptosis.,1,1,1,0,0,0,0,0,0,0
BCL2,Anti-apoptotic regulator; blocks mitochondrial outer membrane permeabilization.,1,0,0,0,0,0,0,0,0,0
CDKN1A,Cyclin-dependent kinase inhibitor (p21); mediates p53-dependent cell cycle arrest.,0,1,1,0,0,0,0,0,0,0
MYC,Oncogenic transcription factor driving proliferation and metabolism.,0,1,0,0,1,0,0,0,0,1
BRCA1,DNA repair and homologous recombination.,0,1,0,0,0,1,0,0,0,0
VEGFA,Vascular endothelial growth factor; promotes angiogenesis.,0,0,0,0,0,0,1,0,0,0
IL6,Pro-inflammatory cytokine.,0,0,0,1,0,0,0,1,0,0
SOD2,Mitochondrial antioxidant enzyme.,0,0,0,0,1,0,0,0,1,0
EGFR,Receptor tyrosine kinase; drives proliferation signaling.,0,1,0,0,0,0,0,0,0,1
PTEN,Tumor suppressor phosphatase antagonizing PI3K/AKT.,1,0,0,0,1,0,0,0,0,0
GENE_0010,Predicted function for GENE_0010 based on expression profile.,0,0,0,0,0,0,1,0,1,0
GENE_0011,Predicted function for GENE_0011 based on expression profile.,0,0,0,0,0,0,0,0,0,0
GENE_0012,Predicted function for GENE_0012 based on expression profile.,0,0,0,0,1,0,0,0,0,0
GENE_0013,Predicted function for GENE_0013 based on expression profile.,0,0,0,0,0,0,0,0,0,0
GENE_0014,Predicted function for GENE_0014 based on expression profile.,1,0,0,0,0,0,0,0,0,0
GENE_0015,Predicted function for GENE_0015 based on expression profile.,0,0,0,0,0,0,0,0,0,0
GENE_0016,Predicted function for GENE_0016 based on expression profile.,1,0,0,0,0,0,0,0,1,0
GENE_0017,Predicted function for GENE_0017 based on expression profile.,0,0,1,0,0,0,0,0,1,0
GENE_0018,Predicted function for GENE_0018 based on expression profile.,1,0,0,0,0,0,0,1,0,0
GENE_0019,Predicted function for GENE_0019 based on expression profile.,1,0,0,0,0,0,0,0,0,0
GENE_0020,Predicted function for GENE_0020 based on expression profile.,0,0,0,0,0,1,0,0,0,1
GENE_0021,Predicted function for GENE_0021 based on expression profile.,0,0,0,0,0,0,0,0,0,0
GENE_0022,Predicted function for GENE_0022 based on expression profile.,0,0,0,0,1,0,0,0,0,0
GENE_0023,Predicted function for GENE_0023 based on expression profile.,0,0,0,0,0,0,0,0,0,0
GENE_0024,Predicted function for GENE_0024 based on expression profile.,0,0,0,0,0,1,0,0,1,0
GENE_0025,Predicted function for GENE_0025 based on expression profile.,1,0,0,0,0,0,1,0,0,0
GENE_0026,Predicted function for GENE_0026 based on expression profile.,0,0,0,0,0,1,0,1,0,0
GENE_0027,Predicted function for GENE_0027 based on expression profile.,0,0,0,1,0,0,0,0,0,0
GENE_0028,Predicted function for GENE_0028 based on expression profile.,0,0,0,0,0,0,1,0,0,0
GENE_0029,Predicted function for GENE_0029 based on expression profile.,0,0,1,0,0,0,0,0,0,1
GENE_0030,Predicted function for GENE_0030 based on expression profile.,0,0,0,1,0,0,1,0,0,0
GENE_0031,Predicted function for GENE_0031 based on expression profile.,0,0,0,0,0,0,0,0,0,0
GENE_0032,Predicted function for GENE_0032 based on expression profile.,0,0,0,0,0,1,0,0,1,0
GENE_0033,Predicted function for GENE_0033 based on expression profile.,0,0,0,0,0,0,0,0,0,0
GENE_0034,Predicted function for GENE_0034 based on expression profile.,0,0,0,0,0,0,0,0,1,1
GENE_0035,Predicted function for GENE_0035 based on expression profile.,0,0,0,0,1,0,0,0,1,0
GENE_0036,Predicted function for GENE_0036 based on expression profile.,0,0,0,1,0,0,0,0,0,0
GENE_0037,Predicted function for GENE_0037 based on expression profile.,0,0,0,0,1,0,0,0,0,1
GENE_0038,Predicted function for GENE_0038 based on expression profile.,0,1,0,0,0,0,0,0,0,1
GENE_0039,Predicted function for GENE_0039 based on expression profile.,0,0,0,0,0,0,0,0,0,0
GENE_0040,Predicted function for GENE_0040 based on expression profile.,0,0,0,0,0,0,0,0,0,0
GENE_0041,Predicted function for GENE_0041 based on expression profile.,0,0,0,0,0,0,1,0,0,0
GENE_0042,Predicted function for GENE_0042 based on expression profile.,0,1,0,0,0,0,0,0,0,0
GENE_0043,Predicted function for GENE_0043 based on expression profile.,0,0,1,0,0,0,0,0,0,0
GENE_0044,Predicted function for GENE_0044 based on expression profile.,0,0,0,0,0,0,0,0,0,0
GENE_0045,Predicted function for GENE_0045 based on expression profile.,0,1,0,0,0,0,0,1,0,0
GENE_0046,Predicted function for GENE_0046 based on expression profile.,0,0,0,1,0,0,0,0,0,0
GENE_0047,Predicted function for GENE_0047 based on expression profile.,0,0,1,0,0,0,0,1,0,0
GENE_0048,Predicted function for GENE_0048 based on expression profile.,0,0,0,0,0,0,0,0,0,0
GENE_0049,Predicted function for GENE_0049 based on expression profile.,0,0,0,0,0,1,0,1,0,0
GENE_0050,Predicted function for GENE_0050 based on expression profile.,0,0,0,0,0,0,0,0,0,0
GENE_0051,Predicted function for GENE_0051 based on expression profile.,0,0,0,1,0,0,0,0,0,0
GENE_0052,Predicted function for GENE_0052 based on expression profile.,0,0,0,1,0,0,0,1,0,0
GENE_0053,Predicted function for GENE_0053 based on expression profile.,0,0,1,0,0,0,0,0,0,0
GENE_0054,Predicted function for GENE_0054 based on expression profile.,1,0,0,0,0,0,0,0,0,0
GENE_0055,Predicted function for GENE_0055 based on expression profile.,1,0,0,0,0,0,0,0,0,1
GENE_0056,Predicted function for GENE_0056 based on expression profile.,0,0,0,0,0,0,0,0,0,1
GENE_0057,Predicted function for GENE_0057 based on expression profile.,0,1,0,0,0,0,0,1,0,0
GENE_0058,Predicted function for GENE_0058 based on expression profile.,0,0,0,0,0,0,0,1,0,1
GENE_0059,Predicted function for GENE_0059 based on expression profile.,0,0,0,0,0,0,0,0,0,0
GENE_0060,Predicted function for GENE_0060 based on expression profile.,0,0,0,0,0,0,0,0,0,0
GENE_0061,Predicted function for GENE_0061 based on expression profile.,0,0,0,0,0,0,0,0,0,0
GENE_0062,Predicted function for GENE_0062 based on expression profile.,0,0,0,1,0,1,0,0,0,0
GENE_0063,Predicted function for GENE_0063 based on expression profile.,0,0,0,0,0,0,0,0,0,0
GENE_0064,Predicted function for GENE_0064 based on expression profile.,0,0,0,0,1,0,0,0,0,0
GENE_0065,Predicted function for GENE_0065 based on expression profile.,1,0,0,0,0,0,0,0,0,1
GENE_0066,Predicted function for GENE_0066 based on expression profile.,0,0,0,1,0,0,0,0,0,0
GENE_0067,Predicted function for GENE_0067 based on expression profile.,0,1,0,0,0,1,0,0,0,0
GENE_0068,Predicted function for GENE_0068 based on expression profile.,0,0,0,0,1,0,0,0,0,0
GENE_0069,Predicted function for GENE_0069 based on expression profile.,0,0,0,0,0,0,0,0,0,0
GENE_0070,Predicted function for GENE_0070 based on expression profile.,0,0,0,0,0,0,0,0,0,0
GENE_0071,Predicted function for GENE_0071 based on expression profile.,0,0,1,0,0,0,0,0,0,0
GENE_0072,Predicted function for GENE_0072 based on expression profile.,0,1,0,0,0,0,0,0,0,0
GENE_0073,Predicted function for GENE_0073 based on expression profile.,0,1,0,0,0,0,1,0,0,0
GENE_0074,Predicted function for GENE_0074 based on expression profile.,0,1,0,0,0,0,0,0,0,0
GENE_0075,Predicted function for GENE_0075 based on expression profile.,0,0,0,0,0,0,0,0,0,0
GENE_0076,Predicted function for GENE_0076 based on expression profile.,0,1,0,0,0,0,0,0,0,0
GENE_0077,Predicted function for GENE_0077 based on expression profile.,0,0,0,0,0,0,0,0,1,1
GENE_0078,Predicted function for GENE_0078 based on expression profile.,0,0,0,1,0,0,0,0,0,0
GENE_0079,Predicted function for GENE_0079 based on expression profile.,0,0,1,0,0,0,0,0,0,0
GENE_0080,Predicted function for GENE_0080 based on expression profile.,0,0,0,1,0,0,0,0,0,1
GENE_0081,Predicted function for GENE_0081 based on expression profile.,0,0,0,1,0,0,0,0,0,0
GENE_0082,Predicted function for GENE_0082 based on expression profile.,0,0,0,0,0,0,0,0,0,0
GENE_0083,Predicted function for GENE_0083 based on expression profile.,0,0,0,0,0,0,0,0,0,0
GENE_0084,Predicted function for GENE_0084 based on expression profile.,0,0,0,0,0,0,0,0,0,0
GENE_0085,Predicted function for GENE_0085 based on expression profile.,0,0,0,0,0,0,0,0,0,1
GENE_0086,Predicted function for GENE_0086 based on expression profile.,0,0,0,0,0,0,0,0,0,0
GENE_0087,Predicted function for GENE_0087 based on expression profile.,0,0,0,1,0,0,0,0,0,0
GENE_0088,Predicted function for GENE_0088 based on expression profile.,0,0,0,0,0,0,0,0,0,0
GENE_0089,Predicted function for GENE_0089 based on expression profile.,0,0,0,0,0,0,0,0,0,0
GENE_0090,Predicted function for GENE_0090 based on expression profile.,0,0,0,0,0,0,1,0,0,0
GENE_0091,Predicted function for GENE_0091 based on expression profile.,0,0,0,0,0,1,0,0,0,0
GENE_0092,Predicted function for GENE_0092 based on expression profile.,0,0,1,0,0,0,0,0,0,0
GENE_0093,Predicted function for GENE_0093 based on expression profile.,1,0,0,0,1,0,0,0,0,0
GENE_0094,Predicted function for GENE_0094 based on expression profile.,0,0,0,0,0,0,0,1,0,0
GENE_0095,Predicted function for GENE_0095 based on expression profile.,0,0,0,0,0,0,0,0,0,0
GENE_0096,Predicted function for GENE_0096 based on expression profile.,0,1,0,0,0,1,0,0,0,0
GENE_0097,Predicted function for GENE_0097 based on expression profile.,0,0,1,0,0,0,0,1,0,0
GENE_0098,Predicted function for GENE_0098 based on expression profile.,1,0,0,1,0,0,0,0,0,0
GENE_0099,Predicted function for GENE_0099 based on expression profile.,0,0,0,0,0,0,0,0,1,0
GENE_0100,Predicted function for GENE_0100 based on expression profile.,0,0,0,0,0,0,0,0,0,0
GENE_0101,Predicted function for GENE_0101 based on expression profile.,0,0,0,0,0,0,0,0,0,1
GENE_0102,Predicted function for GENE_0102 based on expression profile.,0,0,0,0,0,1,0,0,0,1
GENE_0103,Predicted function for GENE_0103 based on expression profile.,0,0,0,0,0,1,0,0,0,0
GENE_0104,Predicted function for GENE_0104 based on expression profile.,0,0,0,0,0,0,0,0,0,0
GENE_0105,Predicted function for GENE_0105 based on expression profile.,0,0,0,0,0,0,0,0,0,0
GENE_0106,Predicted function for GENE_0106 based on expression profile.,0,1,0,1,0,0,0,0,0,0
GENE_0107,Predicted function for GENE_0107 based on expression profile.,0,0,0,0,0,1,0,0,0,0
GENE_0108,Predicted function for GENE_0108 based on expression profile.,0,0,0,0,0,0,0,1,0,1
GENE_0109,Predicted function for GENE_0109 based on expression profile.,0,0,0,0,0,1,0,0,0,1
GENE_0110,Predicted function for GENE_0110 based on expression profile.,1,0,0,0,0,0,0,0,0,1
GENE_0111,Predicted function for GENE_0111 based on expression profile.,0,0,0,0,0,0,1,0,0,1
GENE_0112,Predicted function for GENE_0112 based on expression profile.,0,0,0,0,0,0,0,0,0,0
GENE_0113,Predicted function for GENE_0113 based on expression profile.,0,0,0,0,0,0,0,0,0,0
GENE_0114,Predicted function for GENE_0114 based on expression profile.,0,0,0,0,0,0,0,0,0,0
GENE_0115,Predicted function for GENE_0115 based on expression profile.,0,0,0,0,0,0,0,0,0,0
GENE_0116,Predicted function for GENE_0116 based on expression profile.,0,1,0,0,0,0,0,0,0,0
GENE_0117,Predicted function for GENE_0117 based on expression profile.,0,0,0,0,0,0,0,0,0,0
GENE_0118,Predicted function for GENE_0118 based on expression profile.,0,0,0,0,0,0,0,1,0,0
GENE_0119,Predicted function for GENE_0119 based on expression profile.,0,0,0,0,0,0,0,0,0,0
GENE_0120,Predicted function for GENE_0120 based on expression profile.,0,0,0,0,0,0,1,0,0,0
GENE_0121,Predicted function for GENE_0121 based on expression profile.,1,0,0,0,0,0,0,1,0,0
GENE_0122,Predicted function for GENE_0122 based on expression profile.,0,0,0,0,0,0,0,0,0,0
GENE_0123,Predicted function for GENE_0123 based on expression profile.,0,0,0,0,0,0,0,0,0,0
GENE_0124,Predicted function for GENE_0124 based on expression profile.,0,1,0,0,0,0,0,1,0,0
GENE_0125,Predicted function for GENE_0125 based on expression profile.,1,0,1,0,0,0,0,0,0,0
GENE_0126,Predicted function for GENE_0126 based on expression profile.,0,1,0,0,0,0,1,0,0,0
GENE_0127,Predicted function for GENE_0127 based on expression profile.,0,0,0,0,0,1,0,0,0,1
GENE_0128,Predicted function for GENE_0128 based on expression profile.,0,0,0,1,0,1,0,0,0,0
GENE_0129,Predicted function for GENE_0129 based on expression profile.,0,0,0,1,1,0,0,0,0,0
GENE_0130,Predicted function for GENE_0130 based on expression profile.,0,1,0,0,0,1,0,0,0,0
GENE_0131,Predicted function for GENE_0131 based on expression profile.,0,0,0,0,0,0,0,1,0,0
GENE_0132,Predicted function for GENE_0132 based on expression profile.,1,0,0,0,0,0,0,1,0,0
GENE_0133,Predicted function for GENE_0133 based on expression profile.,0,1,0,0,0,0,0,0,1,0
GENE_0134,Predicted function for GENE_0134 based on expression profile.,0,0,0,0,0,0,0,0,0,0
GENE_0135,Predicted function for GENE_0135 based on expression profile.,0,0,0,0,0,0,0,0,0,0
GENE_0136,Predicted function for GENE_0136 based on expression profile.,0,0,0,0,0,0,0,1,0,1
GENE_0137,Predicted function for GENE_0137 based on expression profile.,0,0,0,0,0,1,0,0,0,0
GENE_0138,Predicted function for GENE_0138 based on expression profile.,0,0,0,0,0,1,0,0,0,0
GENE_0139,Predicted function for GENE_0139 based on expression profile.,0,0,0,0,0,0,0,0,0,0
GENE_0140,Predicted function for GENE_0140 based on expression profile.,0,0,0,1,0,0,1,0,0,0
GENE_0141,Predicted function for GENE_0141 based on expression profile.,0,0,0,0,0,0,1,0,0,0
GENE_0142,Predicted function for GENE_0142 based on expression profile.,0,0,0,0,0,0,0,0,0,0
GENE_0143,Predicted function for GENE_0143 based on expression profile.,0,0,0,0,0,0,0,0,0,0
GENE_0144,Predicted function for GENE_0144 based on expression profile.,0,0,0,1,0,0,0,0,0,0
GENE_0145,Predicted function for GENE_0145 based on expression profile.,0,0,0,0,0,0,0,1,1,0
GENE_0146,Predicted function for GENE_0146 based on expression profile.,0,0,0,0,0,0,0,0,0,0
GENE_0147,Predicted function for GENE_0147 based on expression profile.,0,0,0,0,1,0,0,1,0,0
GENE_0148,Predicted function for GENE_0148 based on expression profile.,0,0,1,0,1,0,0,0,0,0
GENE_0149,Predicted function for GENE_0149 based on expression profile.,0,1,0,0,0,1,0,0,0,0
GENE_0150,Predicted function for GENE_0150 based on expression profile.,0,0,1,1,0,0,0,0,0,0
GENE_0151,Predicted function for GENE_0151 based on expression profile.,0,0,0,0,0,0,0,0,0,1
GENE_0152,Predicted function for GENE_0152 based on expression profile.,0,0,1,1,0,0,0,0,0,0
GENE_0153,Predicted function for GENE_0153 based on expression profile.,0,0,0,0,0,0,0,0,0,1
GENE_0154,Predicted function for GENE_0154 based on expression profile.,1,0,0,0,0,0,0,0,0,0
GENE_0155,Predicted function for GENE_0155 based on expression profile.,0,0,1,0,0,0,0,0,1,0
GENE_0156,Predicted function for GENE_0156 based on expression profile.,0,0,0,0,0,0,0,0,0,0
GENE_0157,Predicted function for GENE_0157 based on expression profile.,1,0,0,1,0,0,0,0,0,0
GENE_0158,Predicted function for GENE_0158 based on expression profile.,0,0,0,0,0,1,0,0,0,0
GENE_0159,Predicted function for GENE_0159 based on expression profile.,0,0,0,0,1,0,0,0,0,0
GENE_0160,Predicted function for GENE_0160 based on expression profile.,0,1,0,0,0,0,0,1,0,0
GENE_0161,Predicted function for GENE_0161 based on expression profile.,0,0,0,0,0,0,0,0,0,0
GENE_0162,Predicted function for GENE_0162 based on expression profile.,0,1,0,0,0,0,0,1,0,0
GENE_0163,Predicted function for GENE_0163 based on expression profile.,0,0,0,0,0,0,0,0,0,0
GENE_0164,Predicted function for GENE_0164 based on expression profile.,0,1,0,0,0,0,0,0,0,1
GENE_0165,Predicted function for GENE_0165 based on expression profile.,0,1,0,0,0,0,0,0,1,0
GENE_0166,Predicted function for GENE_0166 based on expression profile.,0,0,0,0,0,0,0,0,1,0
GENE_0167,Predicted function for GENE_0167 based on expression profile.,0,0,0,0,0,0,0,0,0,0
GENE_0168,Predicted function for GENE_0168 based on expression profile.,0,0,0,0,0,0,0,0,0,0
GENE_0169,Predicted function for GENE_0169 based on expression profile.,0,0,1,0,0,0,0,0,0,0
GENE_0170,Predicted function for GENE_0170 based on expression profile.,0,0,0,0,0,0,0,0,0,0
GENE_0171,Predicted function for GENE_0171 based on expression profile.,0,0,0,0,0,0,0,0,0,0
GENE_0172,Predicted function for GENE_0172 based on expression profile.,0,1,0,0,0,0,0,1,0,0
GENE_0173,Predicted function for GENE_0173 based on expression profile.,0,0,0,0,0,0,1,0,0,0
GENE_0174,Predicted function for GENE_0174 based on expression profile.,0,0,0,0,0,1,1,0,0,0
GENE_0175,Predicted function for GENE_0175 based on expression profile.,0,0,0,0,0,0,0,0,0,0
GENE_0176,Predicted function for GENE_0176 based on expression profile.,0,0,0,0,0,0,0,0,0,1
GENE_0177,Predicted function for GENE_0177 based on expression profile.,0,0,0,0,0,0,1,0,0,0
GENE_0178,Predicted function for GENE_0178 based on expression profile.,0,0,0,0,0,0,0,0,0,0
GENE_0179,Predicted function for GENE_0179 based on expression profile.,0,0,0,0,0,0,0,1,0,0
GENE_0180,Predicted function for GENE_0180 based on expression profile.,0,1,0,0,0,0,0,0,0,0
GENE_0181,Predicted function for GENE_0181 based on expression profile.,0,0,0,0,1,0,0,0,1,0
GENE_0182,Predicted function for GENE_0182 based on expression profile.,0,0,0,0,0,0,0,0,1,0
GENE_0183,Predicted function for GENE_0183 based on expression profile.,1,0,0,0,0,0,0,0,0,0
GENE_0184,Predicted function for GENE_0184 based on expression profile.,0,0,0,0,0,0,0,0,0,0
GENE_0185,Predicted function for GENE_0185 based on expression profile.,0,0,0,0,0,0,0,1,0,1
GENE_0186,Predicted function for GENE_0186 based on expression profile.,0,0,0,0,0,0,0,0,0,0
GENE_0187,Predicted function for GENE_0187 based on expression profile.,0,0,1,0,0,0,0,0,0,0
GENE_0188,Predicted function for GENE_0188 based on expression profile.,0,0,0,0,0,1,0,0,0,0
GENE_0189,Predicted function for GENE_0189 based on expression profile.,0,0,0,0,0,0,0,0,0,0
GENE_0190,Predicted function for GENE_0190 based on expression profile.,0,0,0,0,0,0,0,0,0,0
GENE_0191,Predicted function for GENE_0191 based on expression profile.,0,0,0,0,0,0,0,1,0,0
GENE_0192,Predicted function for GENE_0192 based on expression profile.,0,0,0,1,0,0,0,0,0,0
GENE_0193,Predicted function for GENE_0193 based on expression profile.,0,0,0,0,0,0,0,0,0,0
GENE_0194,Predicted function for GENE_0194 based on expression profile.,0,1,0,0,0,0,0,0,0,0
GENE_0195,Predicted function for GENE_0195 based on expression profile.,1,0,0,0,0,0,0,1,0,0
GENE_0196,Predicted function for GENE_0196 based on expression profile.,0,0,0,0,0,0,0,0,0,0
GENE_0197,Predicted function for GENE_0197 based on expression profile.,0,0,0,0,0,0,1,0,0,0
GENE_0198,Predicted function for GENE_0198 based on expression profile.,0,0,0,0,0,0,0,0,0,0
GENE_0199,Predicted function for GENE_0199 based on expression profile.,0,0,0,0,0,0,0,0,0,0
GENE_0200,Predicted function for GENE_0200 based on expression profile.,0,0,0,0,0,0,0,0,0,0
GENE_0201,Predicted function for GENE_0201 based on expression profile.,1,0,0,0,1,0,0,0,0,0
GENE_0202,Predicted function for GENE_0202 based on expression profile.,0,0,0,0,0,0,0,0,1,1
GENE_0203,Predicted function for GENE_0203 based on expression profile.,0,0,0,1,0,0,0,0,0,0
GENE_0204,Predicted function for GENE_0204 based on expression profile.,0,0,0,0,0,0,0,0,0,0
GENE_0205,Predicted function for GENE_0205 based on expression profile.,0,0,0,1,1,0,0,0,0,0
GENE_0206,Predicted function for GENE_0206 based on expression profile.,0,0,0,0,0,0,0,0,0,0
GENE_0207,Predicted function for GENE_0207 based on expression profile.,0,0,0,0,1,0,0,0,0,0
GENE_0208,Predicted function for GENE_0208 based on expression profile.,0,0,1,0,0,0,0,0,0,0
GENE_0209,Predicted function for GENE_0209 based on expression profile.,0,0,0,0,0,0,0,0,0,0
GENE_0210,Predicted function for GENE_0210 based on expression profile.,0,0,0,1,0,0,0,0,0,1
GENE_0211,Predicted function for GENE_0211 based on expression profile.,0,0,0,0,0,1,0,0,0,0
GENE_0212,Predicted function for GENE_0212 based on expression profile.,0,0,0,0,0,0,0,0,0,1
GENE_0213,Predicted function for GENE_0213 based on expression profile.,0,1,0,0,0,0,1,0,0,0
GENE_0214,Predicted function for GENE_0214 based on expression profile.,1,0,0,0,0,0,0,0,0,0
GENE_0215,Predicted function for GENE_0215 based on expression profile.,0,0,0,0,0,0,0,0,0,0
GENE_0216,Predicted function for GENE_0216 based on expression profile.,0,1,0,0,0,0,0,0,1,0
GENE_0217,Predicted function for GENE_0217 based on expression profile.,0,0,1,0,0,0,0,0,0,0
GENE_0218,Predicted function for GENE_0218 based on expression profile.,0,0,0,0,0,0,0,0,1,0
GENE_0219,Predicted function for GENE_0219 based on expression profile.,0,0,0,0,0,0,0,0,0,0
GENE_0220,Predicted function for GENE_0220 based on expression profile.,0,0,0,0,0,0,0,0,0,0
GENE_0221,Predicted function for GENE_0221 based on expression profile.,0,0,0,1,0,0,0,0,0,0
GENE_0222,Predicted function for GENE_0222 based on expression profile.,1,0,0,0,1,0,0,0,0,0
GENE_0223,Predicted function for GENE_0223 based on expression profile.,0,0,0,0,1,1,0,0,0,0
GENE_0224,Predicted function for GENE_0224 based on expression profile.,0,0,0,0,0,0,0,0,0,0
GENE_0225,Predicted function for GENE_0225 based on expression profile.,0,0,0,0,0,0,0,0,0,0
GENE_0226,Predicted function for GENE_0226 based on expression profile.,0,0,0,0,0,0,0,0,0,0
GENE_0227,Predicted function for GENE_0227 based on expression profile.,0,0,0,0,0,0,0,0,0,0
GENE_0228,Predicted function for GENE_0228 based on expression profile.,0,1,0,0,0,0,0,0,0,0
GENE_0229,Predicted function for GENE_0229 based on expression profile.,0,0,0,0,0,0,0,0,0,1
GENE_0230,Predicted function for GENE_0230 based on expression profile.,0,1,0,0,0,1,0,0,0,0
GENE_0231,Predicted function for GENE_0231 based on expression profile.,0,0,0,1,0,0,0,0,1,0
GENE_0232,Predicted function for GENE_0232 based on expression profile.,0,0,0,0,0,0,0,0,0,0
GENE_0233,Predicted function for GENE_0233 based on expression profile.,0,0,0,0,0,0,0,0,0,0
GENE_0234,Predicted function for GENE_0234 based on expression profile.,0,0,0,0,0,0,0,0,0,0
GENE_0235,Predicted function for GENE_0235 based on expression profile.,0,0,0,0,0,0,0,0,0,0
GENE_0236,Predicted function for GENE_0236 based on expression profile.,0,0,0,0,0,0,0,0,0,0
GENE_0237,Predicted function for GENE_0237 based on expression profile.,0,0,0,0,0,1,0,0,0,0
GENE_0238,Predicted function for GENE_0238 based on expression profile.,0,0,0,0,0,0,0,1,0,0
GENE_0239,Predicted function for GENE_0239 based on expression profile.,0,0,0,0,0,0,1,0,1,0
GENE_0240,Predicted function for GENE_0240 based on expression profile.,0,1,0,1,0,0,0,0,0,0
GENE_0241,Predicted function for GENE_0241 based on expression profile.,0,0,0,0,0,0,0,0,0,0
GENE_0242,Predicted function for GENE_0242 based on expression profile.,0,1,0,0,0,0,0,0,1,0
GENE_0243,Predicted function for GENE_0243 based on expression profile.,0,0,0,0,0,0,0,0,0,1
GENE_0244,Predicted function for GENE_0244 based on expression profile.,0,0,0,0,1,0,0,0,1,0
GENE_0245,Predicted function for GENE_0245 based on expression profile.,0,0,0,0,0,0,0,0,0,0
GENE_0246,Predicted function for GENE_0246 based on expression profile.,0,0,0,0,0,1,0,1,0,0
GENE_0247,Predicted function for GENE_0247 based on expression profile.,0,0,1,0,0,1,0,0,0,0
GENE_0248,Predicted function for GENE_0248 based on expression profile.,0,0,0,0,0,0,0,0,0,0
GENE_0249,Predicted function for GENE_0249 based on expression profile.,0,0,0,0,0,0,0,0,0,0
GENE_0250,Predicted function for GENE_0250 based on expression profile.,0,0,0,0,0,0,0,0,0,0
GENE_0251,Predicted function for GENE_0251 based on expression profile.,0,0,0,0,1,0,0,0,1,0
GENE_0252,Predicted function for GENE_0252 based on expression profile.,0,0,0,1,0,0,0,0,0,0
GENE_0253,Predicted function for GENE_0253 based on expression profile.,0,0,0,1,0,0,0,0,0,0
GENE_0254,Predicted function for GENE_0254 based on expression profile.,0,0,0,1,0,0,0,0,0,0
GENE_0255,Predicted function for GENE_0255 based on expression profile.,0,0,0,0,0,0,0,0,0,1
GENE_0256,Predicted function for GENE_0256 based on expression profile.,0,0,0,0,0,0,0,0,0,0
GENE_0257,Predicted function for GENE_0257 based on expression profile.,0,0,0,0,0,0,0,0,0,0
GENE_0258,Predicted function for GENE_0258 based on expression profile.,0,1,0,0,0,0,0,0,0,0
GENE_0259,Predicted function for GENE_0259 based on expression profile.,0,0,0,0,0,0,0,0,0,0
GENE_0260,Predicted function for GENE_0260 based on expression profile.,0,0,0,1,0,1,0,0,0,0
GENE_0261,Predicted function for GENE_0261 based on expression profile.,0,0,0,0,0,0,0,0,0,0
GENE_0262,Predicted function for GENE_0262 based on expression profile.,1,0,0,0,0,0,0,0,0,0
GENE_0263,Predicted function for GENE_0263 based on expression profile.,0,0,1,0,0,0,0,0,0,0
GENE_0264,Predicted function for GENE_0264 based on expression profile.,0,0,1,0,0,0,0,0,0,1
GENE_0265,Predicted function for GENE_0265 based on expression profile.,0,0,0,0,0,0,0,0,0,0
GENE_0266,Predicted function for GENE_0266 based on expression profile.,0,0,0,0,0,0,0,0,0,0
GENE_0267,Predicted function for GENE_0267 based on expression profile.,0,0,0,0,0,0,0,0,0,0
GENE_0268,Predicted function for GENE_0268 based on expression profile.,0,0,0,0,0,0,0,1,1,0
GENE_0269,Predicted function for GENE_0269 based on expression profile.,0,0,0,1,1,0,0,0,0,0
GENE_0270,Predicted function for GENE_0270 based on expression profile.,0,0,0,0,0,0,0,0,0,0
GENE_0271,Predicted function for GENE_0271 based on expression profile.,0,0,0,0,0,0,0,0,0,1
GENE_0272,Predicted function for GENE_0272 based on expression profile.,0,0,0,0,0,0,0,0,0,0
GENE_0273,Predicted function for GENE_0273 based on expression profile.,0,0,0,0,0,1,0,0,1,0
GENE_0274,Predicted function for GENE_0274 based on expression profile.,0,0,0,0,0,0,0,0,0,0
GENE_0275,Predicted function for GENE_0275 based on expression profile.,0,0,0,0,0,0,0,0,0,0
GENE_0276,Predicted function for GENE_0276 based on expression profile.,0,0,0,0,0,0,0,0,0,0
GENE_0277,Predicted function for GENE_0277 based on expression profile.,0,0,1,0,1,0,0,0,0,0
GENE_0278,Predicted function for GENE_0278 based on expression profile.,1,0,0,0,0,0,0,0,0,1
GENE_0279,Predicted function for GENE_0279 based on expression profile.,0,0,0,0,0,1,0,0,0,1
GENE_0280,Predicted function for GENE_0280 based on expression profile.,0,0,1,0,0,0,0,0,0,0
GENE_0281,Predicted function for GENE_0281 based on expression profile.,0,0,1,0,0,0,1,0,0,0
GENE_0282,Predicted function for GENE_0282 based on expression profile.,1,1,0,0,0,0,0,0,0,0
GENE_0283,Predicted function for GENE_0283 based on expression profile.,0,0,0,0,0,0,1,0,0,0
GENE_0284,Predicted function for GENE_0284 based on expression profile.,0,0,0,0,0,0,0,0,1,0
GENE_0285,Predicted function for GENE_0285 based on expression profile.,0,0,1,0,0,0,0,0,0,0
GENE_0286,Predicted function for GENE_0286 based on expression profile.,0,0,0,0,0,0,0,0,0,0
GENE_0287,Predicted function for GENE_0287 based on expression profile.,0,0,0,0,1,0,1,0,0,0
GENE_0288,Predicted function for GENE_0288 based on expression profile.,0,0,0,0,0,0,0,0,0,0
GENE_0289,Predicted function for GENE_0289 based on expression profile.,0,0,0,0,0,0,0,0,0,0
GENE_0290,Predicted function for GENE_0290 based on expression profile.,0,0,0,0,0,0,0,0,0,0
GENE_0291,Predicted function for GENE_0291 based on expression profile.,0,1,0,0,0,0,0,0,0,0
GENE_0292,Predicted function for GENE_0292 based on expression profile.,0,0,0,0,0,0,0,0,0,0
GENE_0293,Predicted function for GENE_0293 based on expression profile.,0,0,0,0,0,0,0,0,0,0
GENE_0294,Predicted function for GENE_0294 based on expression profile.,0,1,0,0,1,0,0,0,0,0
GENE_0295,Predicted function for GENE_0295 based on expression profile.,0,1,0,0,0,0,0,0,0,0
GENE_0296,Predicted function for GENE_0296 based on expression profile.,0,0,0,0,0,1,0,0,1,0
GENE_0297,Predicted function for GENE_0297 based on expression profile.,0,0,0,0,0,0,0,0,0,0
GENE_0298,Predicted function for GENE_0298 based on expression profile.,0,0,0,0,0,0,0,0,0,1
GENE_0299,Predicted function for GENE_0299 based on expression profile.,0,0,0,0,0,0,0,0,1,1
GENE_0300,Predicted function for GENE_0300 based on expression profile.,0,0,0,0,0,0,0,1,0,0
GENE_0301,Predicted function for GENE_0301 based on expression profile.,0,1,0,0,0,1,0,0,0,0
GENE_0302,Predicted function for GENE_0302 based on expression profile.,0,0,0,0,0,0,0,0,0,0
GENE_0303,Predicted function for GENE_0303 based on expression profile.,0,0,0,0,1,0,0,0,0,0
GENE_0304,Predicted function for GENE_0304 based on expression profile.,1,0,0,0,1,0,0,0,0,0
GENE_0305,Predicted function for GENE_0305 based on expression profile.,0,0,0,0,0,0,0,0,0,0
GENE_0306,Predicted function for GENE_0306 based on expression profile.,0,0,0,0,0,0,0,0,0,0
GENE_0307,Predicted function for GENE_0307 based on expression profile.,0,0,0,0,0,0,0,0,0,1
GENE_0308,Predicted function for GENE_0308 based on expression profile.,0,0,0,0,0,0,0,0,1,0
GENE_0309,Predicted function for GENE_0309 based on expression profile.,0,0,0,0,0,0,0,1,1,0
GENE_0310,Predicted function for GENE_0310 based on expression profile.,0,1,0,0,0,0,0,1,0,0
GENE_0311,Predicted function for GENE_0311 based on expression profile.,0,0,0,0,0,1,0,1,0,0
GENE_0312,Predicted function for GENE_0312 based on expression profile.,0,0,0,1,0,0,0,0,0,0
GENE_0313,Predicted function for GENE_0313 based on expression profile.,0,0,0,0,1,0,0,0,0,0
GENE_0314,Predicted function for GENE_0314 based on expression profile.,0,0,0,0,1,0,0,0,0,0
GENE_0315,Predicted function for GENE_0315 based on expression profile.,0,0,1,0,0,0,0,0,0,0
GENE_0316,Predicted function for GENE_0316 based on expression profile.,0,0,0,1,0,0,0,0,0,0
GENE_0317,Predicted function for GENE_0317 based on expression profile.,0,0,0,0,0,0,0,0,0,0
GENE_0318,Predicted function for GENE_0318 based on expression profile.,0,1,0,0,0,0,0,0,0,0
GENE_0319,Predicted function for GENE_0319 based on expression profile.,0,0,0,0,0,0,0,1,0,0
GENE_0320,Predicted function for GENE_0320 based on expression profile.,0,0,1,0,0,1,0,0,0,0
GENE_0321,Predicted function for GENE_0321 based on expression profile.,0,0,0,0,0,1,0,0,1,0
GENE_0322,Predicted function for GENE_0322 based on expression profile.,0,0,0,0,0,0,0,0,0,0
GENE_0323,Predicted function for GENE_0323 based on expression profile.,0,0,0,0,0,0,1,0,0,0
GENE_0324,Predicted function for GENE_0324 based on expression profile.,0,0,0,0,1,0,0,0,0,0
GENE_0325,Predicted function for GENE_0325 based on expression profile.,0,0,0,0,0,0,0,0,0,0
GENE_0326,Predicted function for GENE_0326 based on expression profile.,0,0,0,0,0,0,0,1,0,0
GENE_0327,Predicted function for GENE_0327 based on expression profile.,0,0,0,0,0,0,0,0,0,0
GENE_0328,Predicted function for GENE_0328 based on expression profile.,0,0,0,0,0,0,0,0,0,1
GENE_0329,Predicted function for GENE_0329 based on expression profile.,0,0,0,0,0,0,0,0,0,1
GENE_0330,Predicted function for GENE_0330 based on expression profile.,1,0,0,0,0,0,0,0,0,0
GENE_0331,Predicted function for GENE_0331 based on expression profile.,1,1,0,0,0,0,0,0,0,0
GENE_0332,Predicted function for GENE_0332 based on expression profile.,0,0,1,0,0,0,0,1,0,0
GENE_0333,Predicted function for GENE_0333 based on expression profile.,0,1,0,0,0,0,0,0,0,0
GENE_0334,Predicted function for GENE_0334 based on expression profile.,0,0,0,1,0,0,0,1,0,0
GENE_0335,Predicted function for GENE_0335 based on expression profile.,0,0,0,1,1,0,0,0,0,0
GENE_0336,Predicted function for GENE_0336 based on expression profile.,0,0,0,0,0,1,0,0,0,0
GENE_0337,Predicted function for GENE_0337 based on expression profile.,0,0,0,0,0,0,0,0,0,0
GENE_0338,Predicted function for GENE_0338 based on expression profile.,0,0,0,0,1,0,0,0,0,0
GENE_0339,Predicted function for GENE_0339 based on expression profile.,0,0,0,0,0,0,0,0,0,0
GENE_0340,Predicted function for GENE_0340 based on expression profile.,0,0,0,0,1,0,0,0,0,0
GENE_0341,Predicted function for GENE_0341 based on expression profile.,0,0,0,0,0,0,0,0,0,1
GENE_0342,Predicted function for GENE_0342 based on expression profile.,0,0,0,0,0,1,0,0,0,0
GENE_0343,Predicted function for GENE_0343 based on expression profile.,0,0,0,0,0,0,0,0,0,0
GENE_0344,Predicted function for GENE_0344 based on expression profile.,1,0,0,0,0,1,0,0,0,0
GENE_0345,Predicted function for GENE_0345 based on expression profile.,0,0,1,1,0,0,0,0,0,0
GENE_0346,Predicted function for GENE_0346 based on expression profile.,0,0,1,1,0,0,0,0,0,0
GENE_0347,Predicted function for GENE_0347 based on expression profile.,0,0,0,0,0,0,0,0,0,0
GENE_0348,Predicted function for GENE_0348 based on expression profile.,0,1,0,0,0,0,0,0,0,0
GENE_0349,Predicted function for GENE_0349 based on expression profile.,0,0,0,0,0,0,0,0,0,0
GENE_0350,Predicted function for GENE_0350 based on expression profile.,0,0,0,0,0,0,0,0,0,0
GENE_0351,Predicted function for GENE_0351 based on expression profile.,0,0,0,0,0,0,0,0,0,0
GENE_0352,Predicted function for GENE_0352 based on expression profile.,0,0,0,0,1,0,0,0,0,1
GENE_0353,Predicted function for GENE_0353 based on expression profile.,1,1,0,0,0,0,0,0,0,0
GENE_0354,Predicted function for GENE_0354 based on expression profile.,0,0,0,0,0,0,1,1,0,0
GENE_0355,Predicted function for GENE_0355 based on expression profile.,0,0,0,0,0,0,0,0,0,0
GENE_0356,Predicted function for GENE_0356 based on expression profile.,0,0,0,0,1,1,0,0,0,0
GENE_0357,Predicted function for GENE_0357 based on expression profile.,1,0,0,0,0,0,0,0,0,0
GENE_0358,Predicted function for GENE_0358 based on expression profile.,0,0,0,0,0,0,0,0,0,0
GENE_0359,Predicted function for GENE_0359 based on expression profile.,0,0,0,0,0,1,0,0,0,0
GENE_0360,Predicted function for GENE_0360 based on expression profile.,0,1,0,0,0,1,0,0,0,0
GENE_0361,Predicted function for GENE_0361 based on expression profile.,0,0,0,0,0,0,0,0,0,1
GENE_0362,Predicted function for GENE_0362 based on expression profile.,0,0,0,0,0,0,1,0,0,0
GENE_0363,Predicted function for GENE_0363 based on expression profile.,0,0,0,1,0,0,0,0,0,1
GENE_0364,Predicted function for GENE_0364 based on expression profile.,0,0,0,0,0,0,1,0,0,1
GENE_0365,Predicted function for GENE_0365 based on expression profile.,0,1,0,0,0,0,0,0,0,0
GENE_0366,Predicted function for GENE_0366 based on expression profile.,0,0,0,0,0,0,0,1,0,0
GENE_0367,Predicted function for GENE_0367 based on expression profile.,0,0,0,1,0,0,0,0,0,0
GENE_0368,Predicted function for GENE_0368 based on expression profile.,0,0,0,0,0,0,0,0,0,0
GENE_0369,Predicted function for GENE_0369 based on expression profile.,0,0,0,0,1,0,1,0,0,0
GENE_0370,Predicted function for GENE_0370 based on expression profile.,1,0,0,0,1,0,0,0,0,0
GENE_0371,Predicted function for GENE_0371 based on expression profile.,0,0,0,0,0,0,1,0,0,0
GENE_0372,Predicted function for GENE_0372 based on expression profile.,0,0,0,1,0,0,1,0,0,0
GENE_0373,Predicted function for GENE_0373 based on expression profile.,1,0,0,0,0,1,0,0,0,0
GENE_0374,Predicted function for GENE_0374 based on expression profile.,0,0,0,0,0,0,0,0,0,0
GENE_0375,Predicted function for GENE_0375 based on expression profile.,0,0,0,0,0,0,0,0,0,1
GENE_0376,Predicted function for GENE_0376 based on expression profile.,0,0,0,0,0,0,0,0,0,0
GENE_0377,Predicted function for GENE_0377 based on expression profile.,0,0,0,0,0,0,0,0,0,0
GENE_0378,Predicted function for GENE_0378 based on expression profile.,0,0,0,0,0,0,0,0,0,0
GENE_0379,Predicted function for GENE_0379 based on expression profile.,0,0,0,0,0,0,0,0,0,0
GENE_0380,Predicted function for GENE_0380 based on expression profile.,0,0,0,0,0,0,0,0,0,0
GENE_0381,Predicted function for GENE_0381 based on expression profile.,0,0,0,0,0,0,0,1,0,0
GENE_0382,Predicted function for GENE_0382 based on expression profile.,0,0,0,0,0,0,1,1,0,0
GENE_0383,Predicted function for GENE_0383 based on expression profile.,0,1,0,0,0,0,1,0,0,0
GENE_0384,Predicted function for GENE_0384 based on expression profile.,1,0,1,0,0,0,0,0,0,0
GENE_0385,Predicted function for GENE_0385 based on expression profile.,1,0,1,0,0,0,0,0,0,0
GENE_0386,Predicted function for GENE_0386 based on expression profile.,0,0,0,0,0,0,1,0,1,0
GENE_0387,Predicted function for GENE_0387 based on expression profile.,0,0,0,0,0,0,0,0,1,0
GENE_0388,Predicted function for GENE_0388 based on expression profile.,0,0,0,0,0,0,0,0,0,0
GENE_0389,Predicted function for GENE_0389 based on expression profile.,0,0,0,0,0,0,0,0,0,0
GENE_0390,Predicted function for GENE_0390 based on expression profile.,0,0,0,0,0,0,0,0,0,0
GENE_0391,Predicted function for GENE_0391 based on expression profile.,0,0,0,0,0,0,0,0,0,0
GENE_0392,Predicted function for GENE_0392 based on expression profile.,0,0,0,0,0,0,0,0,0,1
GENE_0393,Predicted function for GENE_0393 based on expression profile.,0,0,0,1,0,0,0,0,0,0
GENE_0394,Predicted function for GENE_0394 based on expression profile.,0,0,0,0,0,0,0,0,0,0
GENE_0395,Predicted function for GENE_0395 based on expression profile.,0,0,1,0,0,0,0,0,0,0
GENE_0396,Predicted function for GENE_0396 based on expression profile.,0,0,0,0,1,1,0,0,0,0
GENE_0397,Predicted function for GENE_0397 based on expression profile.,0,0,0,0,0,0,0,0,0,0
GENE_0398,Predicted function for GENE_0398 based on expression profile.,0,0,0,0,0,1,0,0,0,0
GENE_0399,Predicted function for GENE_0399 based on expression profile.,0,0,0,0,0,0,0,0,0,0
GENE_0400,Predicted function for GENE_0400 based on expression profile.,0,0,0,0,0,0,0,0,0,0
GENE_0401,Predicted function for GENE_0401 based on expression profile.,0,0,0,0,0,0,0,0,0,0
GENE_0402,Predicted function for GENE_0402 based on expression profile.,0,0,0,0,0,0,0,0,0,0
GENE_0403,Predicted function for GENE_0403 based on expression profile.,1,0,0,1,0,0,0,0,0,0
GENE_0404,Predicted function for GENE_0404 based on expression profile.,0,0,0,0,0,0,1,0,0,0
GENE_0405,Predicted function for GENE_0405 based on expression profile.,0,0,1,0,0,0,1,0,0,0
GENE_0406,Predicted function for GENE_0406 based on expression profile.,0,0,0,0,0,0,1,0,0,0
GENE_0407,Predicted function for GENE_0407 based on expression profile.,1,0,0,0,0,0,0,0,1,0
GENE_0408,Predicted function for GENE_0408 based on expression profile.,0,0,0,1,0,0,0,0,0,0
GENE_0409,Predicted function for GENE_0409 based on expression profile.,0,0,0,0,0,0,0,0,1,0
GENE_0410,Predicted function for GENE_0410 based on expression profile.,0,0,0,0,0,0,0,0,0,0
GENE_0411,Predicted function for GENE_0411 based on expression profile.,0,0,0,0,0,0,0,1,0,1
GENE_0412,Predicted function for GENE_0412 based on expression profile.,0,0,0,0,0,0,0,0,0,0
GENE_0413,Predicted function for GENE_0413 based on expression profile.,0,0,0,0,0,0,0,0,0,0
GENE_0414,Predicted function for GENE_0414 based on expression profile.,0,0,0,0,0,0,0,0,0,0
GENE_0415,Predicted function for GENE_0415 based on expression profile.,0,0,0,0,0,0,0,0,0,0
GENE_0416,Predicted function for GENE_0416 based on expression profile.,1,0,0,0,0,0,0,0,0,0
GENE_0417,Predicted function for GENE_0417 based on expression profile.,0,0,0,0,0,0,0,0,0,0
GENE_0418,Predicted function for GENE_0418 based on expression profile.,0,0,0,0,0,0,0,1,0,1
GENE_0419,Predicted function for GENE_0419 based on expression profile.,0,0,0,0,0,0,1,0,0,0
GENE_0420,Predicted function for GENE_0420 based on expression profile.,0,0,0,0,0,0,0,0,0,0
GENE_0421,Predicted function for GENE_0421 based on expression profile.,0,0,0,1,0,0,0,0,0,1
GENE_0422,Predicted function for GENE_0422 based on expression profile.,0,1,0,0,0,0,0,0,0,0
GENE_0423,Predicted function for GENE_0423 based on expression profile.,1,0,0,0,0,1,0,0,0,0
GENE_0424,Predicted function for GENE_0424 based on expression profile.,1,0,0,0,0,0,0,0,0,0
GENE_0425,Predicted function for GENE_0425 based on expression profile.,0,0,0,0,0,0,0,0,0,0
GENE_0426,Predicted function for GENE_0426 based on expression profile.,0,0,0,0,0,1,0,0,1,0
GENE_0427,Predicted function for GENE_0427 based on expression profile.,1,0,0,0,0,0,0,0,0,0
GENE_0428,Predicted function for GENE_0428 based on expression profile.,1,0,0,0,0,0,0,0,1,0
GENE_0429,Predicted function for GENE_0429 based on expression profile.,0,0,0,0,0,0,0,0,0,0
GENE_0430,Predicted function for GENE_0430 based on expression profile.,0,0,0,0,0,0,0,0,0,0
GENE_0431,Predicted function for GENE_0431 based on expression profile.,0,0,0,0,0,1,0,1,0,0
GENE_0432,Predicted function for GENE_0432 based on expression profile.,0,0,0,0,1,0,0,1,0,0
GENE_0433,Predicted function for GENE_0433 based on expression profile.,1,0,0,1,0,0,0,0,0,0
GENE_0434,Predicted function for GENE_0434 based on expression profile.,0,0,0,0,0,0,0,0,0,1
GENE_0435,Predicted function for GENE_0435 based on expression profile.,0,0,0,1,0,1,0,0,0,0
GENE_0436,Predicted function for GENE_0436 based on expression profile.,0,0,0,0,0,0,0,0,0,0
GENE_0437,Predicted function for GENE_0437 based on expression profile.,0,0,0,0,0,0,1,0,0,0
GENE_0438,Predicted function for GENE_0438 based on expression profile.,0,0,0,0,0,0,0,0,1,1
GENE_0439,Predicted function for GENE_0439 based on expression profile.,0,1,0,0,0,0,1,0,0,0
GENE_0440,Predicted function for GENE_0440 based on expression profile.,0,0,1,0,0,1,0,0,0,0
GENE_0441,Predicted function for GENE_0441 based on expression profile.,0,0,0,0,1,0,0,0,0,1
GENE_0442,Predicted function for GENE_0442 based on expression profile.,1,0,0,0,0,0,0,0,0,0
GENE_0443,Predicted function for GENE_0443 based on expression profile.,1,0,0,0,0,0,0,0,0,1
GENE_0444,Predicted function for GENE_0444 based on expression profile.,0,0,0,0,1,0,0,0,0,0
GENE_0445,Predicted function for GENE_0445 based on expression profile.,0,0,0,0,1,0,0,0,0,0
GENE_0446,Predicted function for GENE_0446 based on expression profile.,1,0,0,0,0,0,0,0,0,1
GENE_0447,Predicted function for GENE_0447 based on expression profile.,1,1,0,0,0,0,0,0,0,0
GENE_0448,Predicted function for GENE_0448 based on expression profile.,0,0,0,0,0,0,0,0,0,0
GENE_0449,Predicted function for GENE_0449 based on expression profile.,0,0,0,0,1,0,0,0,1,0
GENE_0450,Predicted function for GENE_0450 based on expression profile.,0,0,0,0,0,0,0,0,0,0
GENE_0451,Predicted function for GENE_0451 based on expression profile.,1,0,0,0,0,0,1,0,0,0
GENE_0452,Predicted function for GENE_0452 based on expression profile.,0,0,1,0,0,0,0,0,0,0
GENE_0453,Predicted function for GENE_0453 based on expression profile.,0,0,0,0,0,0,0,0,1,0
GENE_0454,Predicted function for GENE_0454 based on expression profile.,0,0,1,1,0,0,0,0,0,0
GENE_0455,Predicted function for GENE_0455 based on expression profile.,0,1,0,0,0,0,0,1,0,0
GENE_0456,Predicted function for GENE_0456 based on expression profile.,0,0,0,1,1,0,0,0,0,0
GENE_0457,Predicted function for GENE_0457 based on expression profile.,0,1,0,0,1,0,0,0,0,0
GENE_0458,Predicted function for GENE_0458 based on expression profile.,0,0,0,0,0,0,0,0,0,0
GENE_0459,Predicted function for GENE_0459 based on expression profile.,0,0,0,1,0,0,0,0,0,1
GENE_0460,Predicted function for GENE_0460 based on expression profile.,0,0,0,0,0,0,0,0,0,0
GENE_0461,Predicted function for GENE_0461 based on expression profile.,0,0,0,0,1,0,0,0,0,1
GENE_0462,Predicted function for GENE_0462 based on expression profile.,0,0,0,0,0,0,0,0,0,0
GENE_0463,Predicted function for GENE_0463 based on expression profile.,0,0,0,0,0,0,0,0,1,0
GENE_0464,Predicted function for GENE_0464 based on expression profile.,0,0,0,0,0,1,0,0,0,0
GENE_0465,Predicted function for GENE_0465 based on expression profile.,0,0,0,0,0,0,0,1,0,0
GENE_0466,Predicted function for GENE_0466 based on expression profile.,0,0,0,0,0,0,1,1,0,0
GENE_0467,Predicted function for GENE_0467 based on expression profile.,0,1,0,0,0,0,0,0,0,0
GENE_0468,Predicted function for GENE_0468 based on expression profile.,1,0,0,0,0,0,1,0,0,0
GENE_0469,Predicted function for GENE_0469 based on expression profile.,0,0,0,0,0,1,0,0,1,0
GENE_0470,Predicted function for GENE_0470 based on expression profile.,0,0,0,1,0,0,0,0,0,0
GENE_0471,Predicted function for GENE_0471 based on expression profile.,0,0,0,0,0,0,0,0,0,0
GENE_0472,Predicted function for GENE_0472 based on expression profile.,0,0,0,0,0,0,0,0,0,0
GENE_0473,Predicted function for GENE_0473 based on expression profile.,1,0,0,0,0,0,0,0,1,0
GENE_0474,Predicted function for GENE_0474 based on expression profile.,0,0,0,0,0,0,0,1,0,0
GENE_0475,Predicted function for GENE_0475 based on expression profile.,1,0,0,0,0,0,1,0,0,0
GENE_0476,Predicted function for GENE_0476 based on expression profile.,1,0,0,0,0,0,0,0,0,0
GENE_0477,Predicted function for GENE_0477 based on expression profile.,0,0,0,1,0,0,0,0,0,0
GENE_0478,Predicted function for GENE_0478 based on expression profile.,0,0,1,0,0,0,0,0,0,1
GENE_0479,Predicted function for GENE_0479 based on expression profile.,0,0,0,0,0,0,0,1,1,0
GENE_0480,Predicted function for GENE_0480 based on expression profile.,0,0,0,0,0,1,0,0,0,0
GENE_0481,Predicted function for GENE_0481 based on expression profile.,1,0,0,0,1,0,0,0,0,0
GENE_0482,Predicted function for GENE_0482 based on expression profile.,0,0,0,0,0,0,0,0,0,0
GENE_0483,Predicted function for GENE_0483 based on expression profile.,0,1,0,0,0,0,0,1,0,0
GENE_0484,Predicted function for GENE_0484 based on expression profile.,0,1,0,0,0,0,0,0,0,1
GENE_0485,Predicted function for GENE_0485 based on expression profile.,0,0,0,0,0,0,0,1,0,0
GENE_0486,Predicted function for GENE_0486 based on expression profile.,0,1,0,0,0,0,0,0,0,0
GENE_0487,Predicted function for GENE_0487 based on expression profile.,0,0,0,0,0,0,1,0,1,0
GENE_0488,Predicted function for GENE_0488 based on expression profile.,0,1,0,0,1,0,0,0,0,0
GENE_0489,Predicted function for GENE_0489 based on expression profile.,0,0,0,0,0,0,0,1,0,0
GENE_0490,Predicted function for GENE_0490 based on expression profile.,0,0,0,1,1,0,0,0,0,0
GENE_0491,Predicted function for GENE_0491 based on expression profile.,0,0,0,0,0,0,1,0,0,0
GENE_0492,Predicted function for GENE_0492 based on expression profile.,0,0,0,0,0,1,0,0,0,0
GENE_0493,Predicted function for GENE_0493 based on expression profile.,0,1,1,0,0,0,0,0,0,0
GENE_0494,Predicted function for GENE_0494 based on expression profile.,0,0,0,0,1,1,0,0,0,0
GENE_0495,Predicted function for GENE_0495 based on expression profile.,1,0,0,0,0,0,0,0,0,0
GENE_0496,Predicted function for GENE_0496 based on expression profile.,0,0,1,0,0,0,0,0,0,0
GENE_0497,Predicted function for GENE_0497 based on expression profile.,0,0,0,0,0,0,0,0,0,0
GENE_0498,Predicted function for GENE_0498 based on expression profile.,0,0,0,0,0,0,0,0,0,1
GENE_0499,Predicted function for GENE_0499 based on expression profile.,0,0,0,0,0,0,0,0,0,0
GENE_0500,Predicted function for GENE_0500 based on expression profile.,0,0,0,0,1,0,0,0,0,1
GENE_0501,Predicted function for GENE_0501 based on expression profile.,0,0,0,0,0,1,1,0,0,0
GENE_0502,Predicted function for GENE_0502 based on expression profile.,0,0,0,0,0,1,0,0,0,0
GENE_0503,Predicted function for GENE_0503 based on expression profile.,1,0,0,0,0,0,0,1,0,0
GENE_0504,Predicted function for GENE_0504 based on expression profile.,0,0,0,0,1,0,1,0,0,0
GENE_0505,Predicted function for GENE_0505 based on expression profile.,0,0,0,1,0,1,0,0,0,0
GENE_0506,Predicted function for GENE_0506 based on expression profile.,1,0,0,0,0,0,0,0,0,0
GENE_0507,Predicted function for GENE_0507 based on expression profile.,0,0,0,0,0,0,0,0,0,0
GENE_0508,Predicted function for GENE_0508 based on expression profile.,0,0,0,0,0,0,0,0,0,0
GENE_0509,Predicted function for GENE_0509 based on expression profile.,0,0,0,0,0,1,0,0,0,0
GENE_0510,Predicted function for GENE_0510 based on expression profile.,0,0,0,0,0,0,0,0,0,1
GENE_0511,Predicted function for GENE_0511 based on expression profile.,0,0,0,0,0,0,0,0,0,0
GENE_0512,Predicted function for GENE_0512 based on expression profile.,0,0,1,0,0,0,0,0,0,0
GENE_0513,Predicted function for GENE_0513 based on expression profile.,0,0,0,0,0,0,0,0,0,0
GENE_0514,Predicted function for GENE_0514 based on expression profile.,0,0,0,1,0,0,0,0,0,0
GENE_0515,Predicted function for GENE_0515 based on expression profile.,0,0,0,0,0,0,0,0,0,0
GENE_0516,Predicted function for GENE_0516 based on expression profile.,0,0,1,0,0,0,0,1,0,0
GENE_0517,Predicted function for GENE_0517 based on expression profile.,0,0,0,0,0,0,0,0,0,0
GENE_0518,Predicted function for GENE_0518 based on expression profile.,0,0,0,0,0,0,0,0,0,1
GENE_0519,Predicted function for GENE_0519 based on expression profile.,0,0,0,0,0,0,0,0,0,0
GENE_0520,Predicted function for GENE_0520 based on expression profile.,0,0,0,0,0,0,0,0,0,0
GENE_0521,Predicted function for GENE_0521 based on expression profile.,0,0,0,0,0,0,0,0,0,1
GENE_0522,Predicted function for GENE_0522 based on expression profile.,0,0,0,0,0,0,0,0,0,1
GENE_0523,Predicted function for GENE_0523 based on expression profile.,1,0,0,0,0,0,0,0,0,0
GENE_0524,Predicted function for GENE_0524 based on expression profile.,0,0,0,0,0,0,0,1,0,0
GENE_0525,Predicted function for GENE_0525 based on expression profile.,0,1,0,0,0,0,0,0,0,0
GENE_0526,Predicted function for GENE_0526 based on expression profile.,0,0,0,0,0,0,0,0,0,0
GENE_0527,Predicted function for GENE_0527 based on expression profile.,0,0,0,0,1,0,0,0,0,0
GENE_0528,Predicted function for GENE_0528 based on expression profile.,0,0,0,1,0,0,0,0,0,0
GENE_0529,Predicted function for GENE_0529 based on expression profile.,0,0,0,0,0,0,1,0,0,0
GENE_0530,Predicted function for GENE_0530 based on expression profile.,0,0,0,0,0,0,0,0,0,0
GENE_0531,Predicted function for GENE_0531 based on expression profile.,0,0,0,1,0,0,0,0,0,0
GENE_0532,Predicted function for GENE_0532 based on expression profile.,0,0,0,0,1,0,1,0,0,0
GENE_0533,Predicted function for GENE_0533 based on expression profile.,0,0,0,0,0,0,0,0,0,0
GENE_0534,Predicted function for GENE_0534 based on expression profile.,0,0,0,0,0,0,0,0,0,0
GENE_0535,Predicted function for GENE_0535 based on expression profile.,0,0,0,0,0,0,0,0,0,0
GENE_0536,Predicted function for GENE_0536 based on expression profile.,1,0,0,0,0,0,0,0,0,1
GENE_0537,Predicted function for GENE_0537 based on expression profile.,0,0,0,0,0,0,0,0,0,0
GENE_0538,Predicted function for GENE_0538 based on expression profile.,0,0,0,0,0,0,1,1,0,0
GENE_0539,Predicted function for GENE_0539 based on expression profile.,0,0,0,0,1,0,0,0,0,0
GENE_0540,Predicted function for GENE_0540 based on expression profile.,0,0,0,0,0,0,0,0,0,0
GENE_0541,Predicted function for GENE_0541 based on expression profile.,0,0,0,0,0,0,0,0,1,0
GENE_0542,Predicted function for GENE_0542 based on expression profile.,0,0,0,0,0,0,0,0,0,0
GENE_0543,Predicted function for GENE_0543 based on expression profile.,0,0,0,0,0,0,0,0,0,0
GENE_0544,Predicted function for GENE_0544 based on expression profile.,0,0,0,1,0,0,0,0,0,0
GENE_0545,Predicted function for GENE_0545 based on expression profile.,0,0,0,0,0,0,0,1,0,1
GENE_0546,Predicted function for GENE_0546 based on expression profile.,0,1,0,1,0,0,0,0,0,0
GENE_0547,Predicted function for GENE_0547 based on expression profile.,0,0,0,1,0,1,0,0,0,0
GENE_0548,Predicted function for GENE_0548 based on expression profile.,0,0,0,0,0,1,0,0,1,0
GENE_0549,Predicted function for GENE_0549 based on expression profile.,0,0,0,0,0,0,0,0,0,0
GENE_0550,Predicted function for GENE_0550 based on expression profile.,0,0,0,0,0,0,1,0,0,0
GENE_0551,Predicted function for GENE_0551 based on expression profile.,0,0,0,0,0,0,0,0,0,0
GENE_0552,Predicted function for GENE_0552 based on expression profile.,0,0,0,0,0,0,0,0,0,0
GENE_0553,Predicted function for GENE_0553 based on expression profile.,0,0,0,1,1,0,0,0,0,0
GENE_0554,Predicted function for GENE_0554 based on expression profile.,1,0,0,0,1,0,0,0,0,0
GENE_0555,Predicted function for GENE_0555 based on expression profile.,0,0,0,0,0,0,0,0,0,0
GENE_0556,Predicted function for GENE_0556 based on expression profile.,0,0,0,0,0,0,0,0,0,0
GENE_0557,Predicted function for GENE_0557 based on expression profile.,0,0,0,0,0,1,0,0,0,0
GENE_0558,Predicted function for GENE_0558 based on expression profile.,0,0,0,0,0,0,0,1,0,0
GENE_0559,Predicted function for GENE_0559 based on expression profile.,0,0,0,0,0,1,0,0,0,0
GENE_0560,Predicted function for GENE_0560 based on expression profile.,0,0,0,0,0,1,0,0,0,1
GENE_0561,Predicted function for GENE_0561 based on expression profile.,0,0,0,0,0,1,1,0,0,0
GENE_0562,Predicted function for GENE_0562 based on expression profile.,0,0,0,0,0,0,0,0,1,0
GENE_0563,Predicted function for GENE_0563 based on expression profile.,1,0,0,0,0,0,0,0,0,0
GENE_0564,Predicted function for GENE_0564 based on expression profile.,0,0,0,0,0,0,0,0,0,0
GENE_0565,Predicted function for GENE_0565 based on expression profile.,0,0,0,0,0,0,0,0,1,0
GENE_0566,Predicted function for GENE_0566 based on expression profile.,0,0,0,0,0,0,0,0,1,0
GENE_0567,Predicted function for GENE_0567 based on expression profile.,0,1,1,0,0,0,0,0,0,0
GENE_0568,Predicted function for GENE_0568 based on expression profile.,0,0,0,0,0,0,0,0,1,0
GENE_0569,Predicted function for GENE_0569 based on expression profile.,1,0,0,1,0,0,0,0,0,0
GENE_0570,Predicted function for GENE_0570 based on expression profile.,0,1,0,0,0,0,0,0,0,0
GENE_0571,Predicted function for GENE_0571 based on expression profile.,1,0,0,0,0,0,0,0,0,0
GENE_0572,Predicted function for GENE_0572 based on expression profile.,0,0,0,0,0,0,0,0,0,0
GENE_0573,Predicted function for GENE_0573 based on expression profile.,0,0,0,0,1,0,0,0,0,0
GENE_0574,Predicted function for GENE_0574 based on expression profile.,0,0,0,0,0,0,0,0,1,0
GENE_0575,Predicted function for GENE_0575 based on expression profile.,0,0,0,0,0,0,0,1,0,0
GENE_0576,Predicted function for GENE_0576 based on expression profile.,0,0,1,0,0,0,1,0,0,0
GENE_0577,Predicted function for GENE_0577 based on expression profile.,0,0,0,0,0,0,0,0,0,0
GENE_0578,Predicted function for GENE_0578 based on expression profile.,0,0,0,0,0,0,1,0,0,0
GENE_0579,Predicted function for GENE_0579 based on expression profile.,0,0,0,0,0,0,0,0,0,0
GENE_0580,Predicted function for GENE_0580 based on expression profile.,0,0,0,0,0,0,0,0,0,0
GENE_0581,Predicted function for GENE_0581 based on expression profile.,0,1,0,0,0,0,1,0,0,0
GENE_0582,Predicted function for GENE_0582 based on expression profile.,0,0,0,0,0,0,0,0,0,0
GENE_0583,Predicted function for GENE_0583 based on expression profile.,0,0,0,0,0,0,1,0,1,0
GENE_0584,Predicted function for GENE_0584 based on expression profile.,0,0,0,0,0,0,0,0,0,0
GENE_0585,Predicted function for GENE_0585 based on expression profile.,0,0,0,0,0,0,0,0,0,0
GENE_0586,Predicted function for GENE_0586 based on expression profile.,0,0,0,0,0,0,0,0,0,0
GENE_0587,Predicted function for GENE_0587 based on expression profile.,1,0,0,0,0,0,1,0,0,0
GENE_0588,Predicted function for GENE_0588 based on expression profile.,0,0,0,0,0,0,0,0,0,0
GENE_0589,Predicted function for GENE_0589 based on expression profile.,0,0,0,0,1,0,0,1,0,0
GENE_0590,Predicted function for GENE_0590 based on expression profile.,0,0,0,0,0,0,0,0,0,0
GENE_0591,Predicted function for GENE_0591 based on expression profile.,0,0,0,0,0,0,0,0,1,0
GENE_0592,Predicted function for GENE_0592 based on expression profile.,0,0,1,0,0,0,0,0,0,0
GENE_0593,Predicted function for GENE_0593 based on expression profile.,0,0,0,0,0,0,0,1,0,0
GENE_0594,Predicted function for GENE_0594 based on expression profile.,0,0,0,0,0,0,0,0,0,0
GENE_0595,Predicted function for GENE_0595 based on expression profile.,0,1,1,0,0,0,0,0,0,0
GENE_0596,Predicted function for GENE_0596 based on expression profile.,0,0,0,0,0,0,0,0,0,1
GENE_0597,Predicted function for GENE_0597 based on expression profile.,0,0,0,0,0,0,0,0,0,0
GENE_0598,Predicted function for GENE_0598 based on expression profile.,0,0,0,0,0,0,0,0,0,0
GENE_0599,Predicted function for GENE_0599 based on expression profile.,0,0,0,0,0,0,0,0,1,0
GENE_0600,Predicted function for GENE_0600 based on expression profile.,0,0,0,0,1,0,1,0,0,0
GENE_0601,Predicted function for GENE_0601 based on expression profile.,0,0,0,0,0,1,1,0,0,0
GENE_0602,Predicted function for GENE_0602 based on expression profile.,0,0,0,0,0,0,0,0,0,0
GENE_0603,Predicted function for GENE_0603 based on expression profile.,0,0,0,0,0,0,0,1,0,0
GENE_0604,Predicted function for GENE_0604 based on expression profile.,0,0,0,0,0,0,0,0,0,0
GENE_0605,Predicted function for GENE_0605 based on expression profile.,0,0,0,0,0,0,0,0,1,0
GENE_0606,Predicted function for GENE_0606 based on expression profile.,0,0,0,0,0,0,0,0,0,0
GENE_0607,Predicted function for GENE_0607 based on expression profile.,0,0,0,1,0,0,0,0,1,0
GENE_0608,Predicted function for GENE_0608 based on expression profile.,0,0,0,0,0,0,0,0,0,0
GENE_0609,Predicted function for GENE_0609 based on expression profile.,1,0,1,0,0,0,0,0,0,0
GENE_0610,Predicted function for GENE_0610 based on expression profile.,1,0,0,1,0,0,0,0,0,0
GENE_0611,Predicted function for GENE_0611 based on expression profile.,0,0,0,0,0,0,0,0,0,0
GENE_0612,Predicted function for GENE_0612 based on expression profile.,0,1,0,0,0,0,1,0,0,0
GENE_0613,Predicted function for GENE_0613 based on expression profile.,0,0,0,1,0,0,1,0,0,0
GENE_0614,Predicted function for GENE_0614 based on expression profile.,0,0,0,0,0,0,0,0,0,0
GENE_0615,Predicted function for GENE_0615 based on expression profile.,0,0,0,0,0,0,0,0,0,0
GENE_0616,Predicted function for GENE_0616 based on expression profile.,0,0,0,0,0,1,1,0,0,0
GENE_0617,Predicted function for GENE_0617 based on expression profile.,0,0,1,1,0,0,0,0,0,0
GENE_0618,Predicted function for GENE_0618 based on expression profile.,1,0,0,0,0,0,0,1,0,0
GENE_0619,Predicted function for GENE_0619 based on expression profile.,0,0,0,0,0,1,1,0,0,0
GENE_0620,Predicted function for GENE_0620 based on expression profile.,0,0,1,0,0,0,0,0,0,0
GENE_0621,Predicted function for GENE_0621 based on expression profile.,0,0,0,0,1,1,0,0,0,0
GENE_0622,Predicted function for GENE_0622 based on expression profile.,0,0,0,0,0,0,0,0,0,0
GENE_0623,Predicted function for GENE_0623 based on expression profile.,0,0,0,1,0,0,0,0,0,0
GENE_0624,Predicted function for GENE_0624 based on expression profile.,0,0,0,1,0,0,0,0,0,0
GENE_0625,Predicted function for GENE_0625 based on expression profile.,0,0,0,0,1,0,1,0,0,0
GENE_0626,Predicted function for GENE_0626 based on expression profile.,0,0,0,0,0,0,1,0,0,0
GENE_0627,Predicted function for GENE_0627 based on expression profile.,0,0,0,0,0,0,0,0,0,1
GENE_0628,Predicted function for GENE_0628 based on expression profile.,0,0,0,0,0,0,0,0,0,0
GENE_0629,Predicted function for GENE_0629 based on expression profile.,0,0,1,0,0,0,0,0,0,0
GENE_0630,Predicted function for GENE_0630 based on expression profile.,0,0,0,0,0,0,0,0,0,1
GENE_0631,Predicted function for GENE_0631 based on expression profile.,0,0,1,0,0,0,0,0,0,0
GENE_0632,Predicted function for GENE_0632 based on expression profile.,0,0,0,0,1,0,0,1,0,0
GENE_0633,Predicted function for GENE_0633 based on expression profile.,0,0,0,0,0,0,0,0,1,0
GENE_0634,Predicted function for GENE_0634 based on expression profile.,0,1,0,0,0,0,0,0,0,0
GENE_0635,Predicted function for GENE_0635 based on expression profile.,0,0,0,0,0,0,0,0,0,0
GENE_0636,Predicted function for GENE_0636 based on expression profile.,0,0,0,0,1,0,1,0,0,0
GENE_0637,Predicted function for GENE_0637 based on expression profile.,0,0,0,0,0,0,0,0,0,0
GENE_0638,Predicted function for GENE_0638 based on expression profile.,0,0,0,0,0,0,1,0,0,0
GENE_0639,Predicted function for GENE_0639 based on expression profile.,0,0,0,0,0,0,1,0,0,0
GENE_0640,Predicted function for GENE_0640 based on expression profile.,0,0,0,1,0,0,0,0,0,0
GENE_0641,Predicted function for GENE_0641 based on expression profile.,0,0,0,0,0,0,0,0,0,0
GENE_0642,Predicted function for GENE_0642 based on expression profile.,0,0,0,0,0,0,0,0,0,0
GENE_0643,Predicted function for GENE_0643 based on expression profile.,0,0,0,0,0,0,0,0,0,0
GENE_0644,Predicted function for GENE_0644 based on expression profile.,0,0,0,1,0,0,0,1,0,0
GENE_0645,Predicted function for GENE_0645 based on expression profile.,0,0,0,0,0,0,0,0,0,0
GENE_0646,Predicted function for GENE_0646 based on expression profile.,0,0,0,0,1,0,0,1,0,0
GENE_0647,Predicted function for GENE_0647 based on expression profile.,1,0,0,0,1,0,0,0,0,0
GENE_0648,Predicted function for GENE_0648 based on expression profile.,1,0,0,0,0,0,0,0,0,1
GENE_0649,Predicted function for GENE_0649 based on expression profile.,0,0,0,0,0,0,0,0,0,0
GENE_0650,Predicted function for GENE_0650 based on expression profile.,0,0,0,0,0,0,0,0,0,1
GENE_0651,Predicted function for GENE_0651 based on expression profile.,0,0,0,0,0,0,0,0,0,0
GENE_0652,Predicted function for GENE_0652 based on expression profile.,0,0,1,0,0,0,0,0,0,0
GENE_0653,Predicted function for GENE_0653 based on expression profile.,0,0,0,0,0,0,0,0,0,0
GENE_0654,Predicted function for GENE_0654 based on expression profile.,0,0,1,0,0,1,0,0,0,0
GENE_0655,Predicted function for GENE_0655 based on expression profile.,0,1,0,0,0,1,0,0,0,0
GENE_0656,Predicted function for GENE_0656 based on expression profile.,1,0,0,0,0,0,0,0,0,0
GENE_0657,Predicted function for GENE_0657 based on expression profile.,0,0,0,0,0,0,0,0,0,0
GENE_0658,Predicted function for GENE_0658 based on expression profile.,0,0,0,1,0,0,0,1,0,0
GENE_0659,Predicted function for GENE_0659 based on expression profile.,0,0,0,0,0,0,0,0,0,0
GENE_0660,Predicted function for GENE_0660 based on expression profile.,0,0,0,0,0,0,0,0,0,0
GENE_0661,Predicted function for GENE_0661 based on expression profile.,1,0,0,0,0,0,0,1,0,0
GENE_0662,Predicted function for GENE_0662 based on expression profile.,0,0,0,0,0,1,0,0,1,0
GENE_0663,Predicted function for GENE_0663 based on expression profile.,0,1,0,0,0,0,0,0,1,0
GENE_0664,Predicted function for GENE_0664 based on expression profile.,0,0,0,0,0,0,0,0,0,0
GENE_0665,Predicted function for GENE_0665 based on expression profile.,0,0,0,0,1,0,1,0,0,0
GENE_0666,Predicted function for GENE_0666 based on expression profile.,0,0,0,0,0,0,0,0,0,0
GENE_0667,Predicted function for GENE_0667 based on expression profile.,0,1,0,0,0,0,0,0,1,0
GENE_0668,Predicted function for GENE_0668 based on expression profile.,0,0,0,0,0,0,1,0,1,0
GENE_0669,Predicted function for GENE_0669 based on expression profile.,1,0,0,0,0,0,0,0,0,1
GENE_0670,Predicted function for GENE_0670 based on expression profile.,1,0,0,0,1,0,0,0,0,0
GENE_0671,Predicted function for GENE_0671 based on expression profile.,1,1,0,0,0,0,0,0,0,0
GENE_0672,Predicted function for GENE_0672 based on expression profile.,0,0,0,0,0,0,0,0,0,0
GENE_0673,Predicted function for GENE_0673 based on expression profile.,1,0,0,0,0,0,0,0,0,1
GENE_0674,Predicted function for GENE_0674 based on expression profile.,0,1,1,0,0,0,0,0,0,0
GENE_0675,Predicted function for GENE_0675 based on expression profile.,0,0,0,0,0,0,0,0,0,0
GENE_0676,Predicted function for GENE_0676 based on expression profile.,0,0,0,0,0,0,0,0,0,0
GENE_0677,Predicted function for GENE_0677 based on expression profile.,0,0,0,0,0,0,0,0,0,0
GENE_0678,Predicted function for GENE_0678 based on expression profile.,1,0,0,0,0,0,1,0,0,0
GENE_0679,Predicted function for GENE_0679 based on expression profile.,0,0,0,1,0,0,0,0,0,0
GENE_0680,Predicted function for GENE_0680 based on expression profile.,0,0,1,1,0,0,0,0,0,0
GENE_0681,Predicted function for GENE_0681 based on expression profile.,0,0,0,0,0,0,0,0,0,0
GENE_0682,Predicted function for GENE_0682 based on expression profile.,0,0,0,0,1,0,1,0,0,0
GENE_0683,Predicted function for GENE_0683 based on expression profile.,0,0,0,0,1,0,0,0,0,0
GENE_0684,Predicted function for GENE_0684 based on expression profile.,0,1,0,1,0,0,0,0,0,0
GENE_0685,Predicted function for GENE_0685 based on expression profile.,0,0,0,0,0,0,0,0,0,0
GENE_0686,Predicted function for GENE_0686 based on expression profile.,0,0,0,1,0,0,0,1,0,0
GENE_0687,Predicted function for GENE_0687 based on expression profile.,0,0,0,0,0,1,0,0,0,0
GENE_0688,Predicted function for GENE_0688 based on expression profile.,0,0,0,0,0,0,0,0,0,0
GENE_0689,Predicted function for GENE_0689 based on expression profile.,0,0,0,0,0,0,0,0,0,0
GENE_0690,Predicted function for GENE_0690 based on expression profile.,0,0,0,0,0,0,0,0,1,1
GENE_0691,Predicted function for GENE_0691 based on expression profile.,0,0,0,1,0,0,0,0,0,0
GENE_0692,Predicted function for GENE_0692 based on expression profile.,0,0,0,0,0,1,0,1,0,0
GENE_0693,Predicted function for GENE_0693 based on expression profile.,0,0,0,0,0,0,1,0,0,0
GENE_0694,Predicted function for GENE_0694 based on expression profile.,0,0,0,0,0,0,0,0,0,1
GENE_0695,Predicted function for GENE_0695 based on expression profile.,0,1,0,0,0,0,0,0,0,0
GENE_0696,Predicted function for GENE_0696 based on expression profile.,0,0,0,0,0,0,1,0,0,0
GENE_0697,Predicted function for GENE_0697 based on expression profile.,1,0,0,0,0,0,0,1,0,0
GENE_0698,Predicted function for GENE_0698 based on expression profile.,0,0,0,0,0,0,0,0,0,0
GENE_0699,Predicted function for GENE_0699 based on expression profile.,0,0,0,0,0,0,0,0,0,1
GENE_0700,Predicted function for GENE_0700 based on expression profile.,0,1,0,0,0,0,0,0,0,1
GENE_0701,Predicted function for GENE_0701 based on expression profile.,0,0,0,0,1,0,0,0,0,0
GENE_0702,Predicted function for GENE_0702 based on expression profile.,0,0,0,0,0,0,0,0,1,1
GENE_0703,Predicted function for GENE_0703 based on expression profile.,0,0,0,0,0,0,1,0,1,0
GENE_0704,Predicted function for GENE_0704 based on expression profile.,0,0,0,0,0,0,0,0,0,0
GENE_0705,Predicted function for GENE_0705 based on expression profile.,0,0,0,1,0,0,0,0,1,0
GENE_0706,Predicted function for GENE_0706 based on expression profile.,0,0,0,0,0,0,1,0,0,0
GENE_0707,Predicted function for GENE_0707 based on expression profile.,0,0,0,1,0,0,0,0,1,0
GENE_0708,Predicted function for GENE_0708 based on expression profile.,1,0,0,0,0,1,0,0,0,0
GENE_0709,Predicted function for GENE_0709 based on expression profile.,0,0,0,0,0,0,0,0,0,0
GENE_0710,Predicted function for GENE_0710 based on expression profile.,0,0,0,0,0,0,0,0,0,0
GENE_0711,Predicted function for GENE_0711 based on expression profile.,0,0,0,0,0,0,0,0,0,0
GENE_0712,Predicted function for GENE_0712 based on expression profile.,0,0,0,0,0,0,0,0,0,0
GENE_0713,Predicted function for GENE_0713 based on expression profile.,0,0,1,1,0,0,0,0,0,0
GENE_0714,Predicted function for GENE_0714 based on expression profile.,0,0,0,0,0,0,0,0,0,0
GENE_0715,Predicted function for GENE_0715 based on expression profile.,0,0,1,0,0,0,0,1,0,0
GENE_0716,Predicted function for GENE_0716 based on expression profile.,0,0,0,0,0,0,0,1,0,0
GENE_0717,Predicted function for GENE_0717 based on expression profile.,0,0,0,0,0,0,0,0,0,0
GENE_0718,Predicted function for GENE_0718 based on expression profile.,0,1,1,0,0,0,0,0,0,0
GENE_0719,Predicted function for GENE_0719 based on expression profile.,0,0,0,0,0,0,0,0,0,0
GENE_0720,Predicted function for GENE_0720 based on expression profile.,0,0,0,0,0,0,0,0,0,0
GENE_0721,Predicted function for GENE_0721 based on expression profile.,0,0,0,0,0,0,0,0,0,0
GENE_0722,Predicted function for GENE_0722 based on expression profile.,0,0,0,0,0,0,0,0,0,0
GENE_0723,Predicted function for GENE_0723 based on expression profile.,1,0,1,0,0,0,0,0,0,0
GENE_0724,Predicted function for GENE_0724 based on expression profile.,0,0,0,0,0,0,0,0,0,0
GENE_0725,Predicted function for GENE_0725 based on expression profile.,0,0,0,0,0,0,0,0,0,1
GENE_0726,Predicted function for GENE_0726 based on expression profile.,0,0,0,0,0,0,0,0,0,0
GENE_0727,Predicted function for GENE_0727 based on expression profile.,1,0,0,1,0,0,0,0,0,0
GENE_0728,Predicted function for GENE_0728 based on expression profile.,0,0,0,0,0,0,0,0,0,0
GENE_0729,Predicted function for GENE_0729 based on expression profile.,0,0,0,0,0,1,0,0,0,0
GENE_0730,Predicted function for GENE_0730 based on expression profile.,0,1,0,0,0,0,0,0,0,0
GENE_0731,Predicted function for GENE_0731 based on expression profile.,0,0,0,0,0,0,0,0,0,0
GENE_0732,Predicted function for GENE_0732 based on expression profile.,1,0,0,0,0,0,0,0,1,0
GENE_0733,Predicted function for GENE_0733 based on expression profile.,0,0,1,0,1,0,0,0,0,0
GENE_0734,Predicted function for GENE_0734 based on expression profile.,0,0,0,0,0,1,1,0,0,0
GENE_0735,Predicted function for GENE_0735 based on expression profile.,0,0,0,0,0,0,0,0,0,0
GENE_0736,Predicted function for GENE_0736 based on expression profile.,1,0,0,0,0,0,0,0,0,1
GENE_0737,Predicted function for GENE_0737 based on expression profile.,0,0,0,0,0,0,1,1,0,0
GENE_0738,Predicted function for GENE_0738 based on expression profile.,0,0,0,0,1,0,0,0,0,0
GENE_0739,Predicted function for GENE_0739 based on expression profile.,0,0,0,0,0,0,0,0,0,0
GENE_0740,Predicted function for GENE_0740 based on expression profile.,0,1,0,0,0,0,0,0,0,0
GENE_0741,Predicted function for GENE_0741 based on expression profile.,0,0,0,0,0,0,0,0,0,0
GENE_0742,Predicted function for GENE_0742 based on expression profile.,0,1,0,0,0,0,1,0,0,0
GENE_0743,Predicted function for GENE_0743 based on expression profile.,0,0,0,0,0,0,0,0,0,0
GENE_0744,Predicted function for GENE_0744 based on expression profile.,0,0,0,0,0,0,0,0,0,0
GENE_0745,Predicted function for GENE_0745 based on expression profile.,0,0,0,0,0,0,0,1,1,0
GENE_0746,Predicted function for GENE_0746 based on expression profile.,0,0,0,0,0,0,0,0,0,0
GENE_0747,Predicted function for GENE_0747 based on expression profile.,0,0,0,0,0,0,0,0,0,0
GENE_0748,Predicted function for GENE_0748 based on expression profile.,0,0,0,0,0,1,1,0,0,0
GENE_0749,Predicted function for GENE_0749 based on expression profile.,1,0,0,0,0,0,0,1,0,0
GENE_0750,Predicted function for GENE_0750 based on expression profile.,0,0,0,0,0,0,0,0,0,0
GENE_0751,Predicted function for GENE_0751 based on expression profile.,0,0,0,0,0,0,1,0,0,0
GENE_0752,Predicted function for GENE_0752 based on expression profile.,0,0,0,0,0,0,0,0,0,0
GENE_0753,Predicted function for GENE_0753 based on expression profile.,0,0,0,0,0,0,0,0,0,0
GENE_0754,Predicted function for GENE_0754 based on expression profile.,0,0,0,0,0,1,0,0,0,0
GENE_0755,Predicted function for GENE_0755 based on expression profile.,1,0,1,0,0,0,0,0,0,0
GENE_0756,Predicted function for GENE_0756 based on expression profile.,0,0,0,0,0,0,0,0,1,1
GENE_0757,Predicted function for GENE_0757 based on expression profile.,0,0,0,0,0,0,0,0,0,1
GENE_0758,Predicted function for GENE_0758 based on expression profile.,0,0,0,0,0,0,0,0,0,1
GENE_0759,Predicted function for GENE_0759 based on expression profile.,0,0,0,0,1,0,0,0,0,0
GENE_0760,Predicted function for GENE_0760 based on expression profile.,0,1,0,1,0,0,0,0,0,0
GENE_0761,Predicted function for GENE_0761 based on expression profile.,0,0,0,0,0,0,0,0,0,1
GENE_0762,Predicted function for GENE_0762 based on expression profile.,0,0,0,0,0,0,0,0,0,1
GENE_0763,Predicted function for GENE_0763 based on expression profile.,0,0,0,0,0,0,0,1,0,0
GENE_0764,Predicted function for GENE_0764 based on expression profile.,0,1,0,0,0,0,0,0,1,0
GENE_0765,Predicted function for GENE_0765 based on expression profile.,0,0,0,0,0,0,0,0,0,1
GENE_0766,Predicted function for GENE_0766 based on expression profile.,0,0,0,0,1,1,0,0,0,0
GENE_0767,Predicted function for GENE_0767 based on expression profile.,0,0,0,0,0,0,0,0,0,0
GENE_0768,Predicted function for GENE_0768 based on expression profile.,0,0,0,0,0,0,0,0,1,0
GENE_0769,Predicted function for GENE_0769 based on expression profile.,1,0,1,0,0,0,0,0,0,0
GENE_0770,Predicted function for GENE_0770 based on expression profile.,1,0,0,0,1,0,0,0,0,0
GENE_0771,Predicted function for GENE_0771 based on expression profile.,0,0,0,1,0,0,0,0,0,0
GENE_0772,Predicted function for GENE_0772 based on expression profile.,0,0,0,0,0,0,0,0,0,0
GENE_0773,Predicted function for GENE_0773 based on expression profile.,0,0,0,0,1,0,0,0,0,0
GENE_0774,Predicted function for GENE_0774 based on expression profile.,0,0,0,0,0,0,0,0,0,0
GENE_0775,Predicted function for GENE_0775 based on expression profile.,0,0,0,0,0,0,0,0,0,0
GENE_0776,Predicted function for GENE_0776 based on expression profile.,0,0,0,0,0,0,0,0,0,1
GENE_0777,Predicted function for GENE_0777 based on expression profile.,1,0,0,0,0,1,0,0,0,0
GENE_0778,Predicted function for GENE_0778 based on expression profile.,0,0,1,0,1,0,0,0,0,0
GENE_0779,Predicted function for GENE_0779 based on expression profile.,1,0,0,0,0,0,1,0,0,0
GENE_0780,Predicted function for GENE_0780 based on expression profile.,0,0,0,0,0,1,0,0,0,0
GENE_0781,Predicted function for GENE_0781 based on expression profile.,0,0,0,0,0,0,0,0,0,0
GENE_0782,Predicted function for GENE_0782 based on expression profile.,0,0,0,1,0,0,0,0,1,0
GENE_0783,Predicted function for GENE_0783 based on expression profile.,0,0,0,1,0,0,0,0,0,0
GENE_0784,Predicted function for GENE_0784 based on expression profile.,0,0,0,0,0,1,0,1,0,0
GENE_0785,Predicted function for GENE_0785 based on expression profile.,1,0,0,1,0,0,0,0,0,0
GENE_0786,Predicted function for GENE_0786 based on expression profile.,0,0,0,0,0,0,0,0,0,0
GENE_0787,Predicted function for GENE_0787 based on expression profile.,0,0,1,0,0,0,0,0,0,0
GENE_0788,Predicted function for GENE_0788 based on expression profile.,0,0,0,0,0,0,0,1,0,0
GENE_0789,Predicted function for GENE_0789 based on expression profile.,0,0,0,0,0,0,0,0,0,0
GENE_0790,Predicted function for GENE_0790 based on expression profile.,0,0,1,1,0,0,0,0,0,0
GENE_0791,Predicted function for GENE_0791 based on expression profile.,0,0,0,0,0,0,1,0,0,0
GENE_0792,Predicted function for GENE_0792 based on expression profile.,0,0,0,0,0,0,0,0,0,0
GENE_0793,Predicted function for GENE_0793 based on expression profile.,0,0,1,0,0,0,0,0,0,0
GENE_0794,Predicted function for GENE_0794 based on expression profile.,0,0,0,0,0,0,0,0,0,0
GENE_0795,Predicted function for GENE_0795 based on expression profile.,1,0,0,0,1,0,0,0,0,0
GENE_0796,Predicted function for GENE_0796 based on expression profile.,0,0,0,0,0,0,0,0,0,0
GENE_0797,Predicted function for GENE_0797 based on expression profile.,0,0,0,0,1,0,0,1,0,0
GENE_0798,Predicted function for GENE_0798 based on expression profile.,0,0,0,1,0,0,1,0,0,0
GENE_0799,Predicted function for GENE_0799 based on expression profile.,1,0,0,0,0,1,0,0,0,0
GENE_0800,Predicted function for GENE_0800 based on expression profile.,0,1,0,1,0,0,0,0,0,0
GENE_0801,Predicted function for GENE_0801 based on expression profile.,0,0,1,0,1,0,0,0,0,0
GENE_0802,Predicted function for GENE_0802 based on expression profile.,0,0,0,0,0,0,0,1,0,1
GENE_0803,Predicted function for GENE_0803 based on expression profile.,0,0,0,0,0,0,0,0,0,0
GENE_0804,Predicted function for GENE_0804 based on expression profile.,0,0,0,0,0,0,0,0,0,1
GENE_0805,Predicted function for GENE_0805 based on expression profile.,0,0,0,0,0,0,0,0,0,0
GENE_0806,Predicted function for GENE_0806 based on expression profile.,0,0,0,0,0,0,0,0,0,0
GENE_0807,Predicted function for GENE_0807 based on expression profile.,0,1,0,0,0,1,0,0,0,0
GENE_0808,Predicted function for GENE_0808 based on expression profile.,0,0,0,0,0,1,0,0,0,0
GENE_0809,Predicted function for GENE_0809 based on expression profile.,0,0,0,0,1,0,0,1,0,0
GENE_0810,Predicted function for GENE_0810 based on expression profile.,0,0,1,0,0,0,1,0,0,0
GENE_0811,Predicted function for GENE_0811 based on expression profile.,0,0,1,0,0,0,0,0,0,1
GENE_0812,Predicted function for GENE_0812 based on expression profile.,0,0,0,0,1,0,0,0,0,0
GENE_0813,Predicted function for GENE_0813 based on expression profile.,0,0,0,1,0,0,0,0,1,0
GENE_0814,Predicted function for GENE_0814 based on expression profile.,0,0,0,0,0,0,0,0,1,1
GENE_0815,Predicted function for GENE_0815 based on expression profile.,0,0,0,0,0,0,1,0,0,1
GENE_0816,Predicted function for GENE_0816 based on expression profile.,1,0,0,0,0,0,0,0,0,0
GENE_0817,Predicted function for GENE_0817 based on expression profile.,0,0,0,1,0,0,0,0,0,0
GENE_0818,Predicted function for GENE_0818 based on expression profile.,0,0,0,0,0,0,0,0,0,0
GENE_0819,Predicted function for GENE_0819 based on expression profile.,0,0,0,0,0,1,1,0,0,0
GENE_0820,Predicted function for GENE_0820 based on expression profile.,0,0,0,0,0,0,0,0,0,0
GENE_0821,Predicted function for GENE_0821 based on expression profile.,0,1,0,0,0,0,0,0,0,0
GENE_0822,Predicted function for GENE_0822 based on expression profile.,0,0,0,0,0,0,0,0,0,0
GENE_0823,Predicted function for GENE_0823 based on expression profile.,0,0,0,0,0,0,0,0,0,0
GENE_0824,Predicted function for GENE_0824 based on expression profile.,0,0,0,0,0,0,1,0,0,0
GENE_0825,Predicted function for GENE_0825 based on expression profile.,0,0,0,1,0,0,0,0,0,1
GENE_0826,Predicted function for GENE_0826 based on expression profile.,0,0,0,0,0,0,0,0,0,0
GENE_0827,Predicted function for GENE_0827 based on expression profile.,0,0,0,0,0,0,0,0,0,0
GENE_0828,Predicted function for GENE_0828 based on expression profile.,0,0,0,0,0,0,0,0,0,0
GENE_0829,Predicted function for GENE_0829 based on expression profile.,0,0,0,0,1,0,0,0,0,0
GENE_0830,Predicted function for GENE_0830 based on expression profile.,0,1,1,0,0,0,0,0,0,0
GENE_0831,Predicted function for GENE_0831 based on expression profile.,0,0,0,0,0,0,0,0,0,0
GENE_0832,Predicted function for GENE_0832 based on expression profile.,0,1,0,0,0,0,0,0,0,0
GENE_0833,Predicted function for GENE_0833 based on expression profile.,0,0,0,0,0,0,0,0,0,1
GENE_0834,Predicted function for GENE_0834 based on expression profile.,0,0,0,0,0,0,0,0,0,0
GENE_0835,Predicted function for GENE_0835 based on expression profile.,0,0,0,0,1,0,0,0,0,0
GENE_0836,Predicted function for GENE_0836 based on expression profile.,1,0,0,0,0,0,0,0,1,0
GENE_0837,Predicted function for GENE_0837 based on expression profile.,1,0,0,0,0,0,0,0,1,0
GENE_0838,Predicted function for GENE_0838 based on expression profile.,0,0,0,0,0,0,0,0,0,1
GENE_0839,Predicted function for GENE_0839 based on expression profile.,0,0,0,0,0,0,0,0,0,1
GENE_0840,Predicted function for GENE_0840 based on expression profile.,0,0,1,0,0,0,0,0,0,0
GENE_0841,Predicted function for GENE_0841 based on expression profile.,0,0,0,1,0,1,0,0,0,0
GENE_0842,Predicted function for GENE_0842 based on expression profile.,0,0,0,0,0,1,0,0,0,0
GENE_0843,Predicted function for GENE_0843 based on expression profile.,0,1,0,0,0,1,0,0,0,0
GENE_0844,Predicted function for GENE_0844 based on expression profile.,0,0,1,0,0,0,0,0,1,0
GENE_0845,Predicted function for GENE_0845 based on expression profile.,0,0,0,0,1,0,0,0,0,0
GENE_0846,Predicted function for GENE_0846 based on expression profile.,0,0,0,0,0,0,0,0,0,0
GENE_0847,Predicted function for GENE_0847 based on expression profile.,0,0,0,0,0,0,0,0,0,0
GENE_0848,Predicted function for GENE_0848 based on expression profile.,0,0,0,0,0,0,0,0,0,0
GENE_0849,Predicted function for GENE_0849 based on expression profile.,0,0,0,0,0,0,0,1,0,0
GENE_0850,Predicted function for GENE_0850 based on expression profile.,0,0,0,0,0,0,0,0,0,0
GENE_0851,Predicted function for GENE_0851 based on expression profile.,0,0,0,0,0,0,0,0,0,0
GENE_0852,Predicted function for GENE_0852 based on expression profile.,0,0,0,0,0,0,0,0,0,0
GENE_0853,Predicted function for GENE_0853 based on expression profile.,0,0,0,0,1,0,0,0,1,0
GENE_0854,Predicted function for GENE_0854 based on expression profile.,0,0,0,0,0,0,0,0,0,0
GENE_0855,Predicted function for GENE_0855 based on expression profile.,1,0,0,0,1,0,0,0,0,0
GENE_0856,Predicted function for GENE_0856 based on expression profile.,0,0,0,1,0,0,0,0,0,0
GENE_0857,Predicted function for GENE_0857 based on expression profile.,0,0,1,0,0,0,0,0,0,0
GENE_0858,Predicted function for GENE_0858 based on expression profile.,0,1,0,0,0,0,0,1,0,0
GENE_0859,Predicted function for GENE_0859 based on expression profile.,0,0,0,0,0,0,0,0,0,0
GENE_0860,Predicted function for GENE_0860 based on expression profile.,0,0,0,0,0,0,0,1,0,0
GENE_0861,Predicted function for GENE_0861 based on expression profile.,0,0,0,0,0,0,0,0,0,0
GENE_0862,Predicted function for GENE_0862 based on expression profile.,0,0,1,0,0,0,1,0,0,0
GENE_0863,Predicted function for GENE_0863 based on expression profile.,0,0,0,0,0,0,0,0,0,0
GENE_0864,Predicted function for GENE_0864 based on expression profile.,0,0,1,0,0,0,0,0,0,1
GENE_0865,Predicted function for GENE_0865 based on expression profile.,0,0,0,0,0,0,0,0,0,0
GENE_0866,Predicted function for GENE_0866 based on expression profile.,0,0,0,1,0,0,0,0,0,0
GENE_0867,Predicted function for GENE_0867 based on expression profile.,0,0,0,0,0,1,0,0,0,0
GENE_0868,Predicted function for GENE_0868 based on expression profile.,0,0,0,0,0,0,0,0,0,0
GENE_0869,Predicted function for GENE_0869 based on expression profile.,0,0,1,0,0,0,0,0,0,0
GENE_0870,Predicted function for GENE_0870 based on expression profile.,0,1,0,0,0,0,0,0,1,0
GENE_0871,Predicted function for GENE_0871 based on expression profile.,0,1,0,0,0,0,0,1,0,0
GENE_0872,Predicted function for GENE_0872 based on expression profile.,0,0,0,0,0,0,0,0,0,0
GENE_0873,Predicted function for GENE_0873 based on expression profile.,0,0,0,0,0,0,0,1,0,0
GENE_0874,Predicted function for GENE_0874 based on expression profile.,0,0,1,0,0,0,0,0,0,0
GENE_0875,Predicted function for GENE_0875 based on expression profile.,0,0,0,1,0,0,0,0,0,0
GENE_0876,Predicted function for GENE_0876 based on expression profile.,0,0,0,1,0,0,0,0,0,1
GENE_0877,Predicted function for GENE_0877 based on expression profile.,0,0,0,0,0,0,0,0,0,1
GENE_0878,Predicted function for GENE_0878 based on expression profile.,0,1,0,0,0,0,0,1,0,0
GENE_0879,Predicted function for GENE_0879 based on expression profile.,1,0,0,1,0,0,0,0,0,0
GENE_0880,Predicted function for GENE_0880 based on expression profile.,0,0,0,0,0,0,0,1,0,0
GENE_0881,Predicted function for GENE_0881 based on expression profile.,0,1,0,0,0,0,1,0,0,0
GENE_0882,Predicted function for GENE_0882 based on expression profile.,0,0,0,0,0,0,0,0,0,1
GENE_0883,Predicted function for GENE_0883 based on expression profile.,0,0,0,0,0,0,0,0,0,1
GENE_0884,Predicted function for GENE_0884 based on expression profile.,1,0,0,0,0,0,0,0,1,0
GENE_0885,Predicted function for GENE_0885 based on expression profile.,0,0,1,0,0,0,0,1,0,0
GENE_0886,Predicted function for GENE_0886 based on expression profile.,0,0,0,1,0,0,0,0,0,0
GENE_0887,Predicted function for GENE_0887 based on expression profile.,1,0,0,0,0,0,0,0,0,0
GENE_0888,Predicted function for GENE_0888 based on expression profile.,0,0,0,0,0,0,0,0,0,0
GENE_0889,Predicted function for GENE_0889 based on expression profile.,0,0,0,0,0,0,0,1,0,0
GENE_0890,Predicted function for GENE_0890 based on expression profile.,0,0,0,0,0,0,0,0,0,0
GENE_0891,Predicted function for GENE_0891 based on expression profile.,0,0,0,0,0,0,0,0,0,0
GENE_0892,Predicted function for GENE_0892 based on expression profile.,0,0,0,0,0,0,0,0,0,0
GENE_0893,Predicted function for GENE_0893 based on expression profile.,0,0,0,0,0,0,0,0,0,0
GENE_0894,Predicted function for GENE_0894 based on expression profile.,0,0,0,0,0,0,0,0,0,0
GENE_0895,Predicted function for GENE_0895 based on expression profile.,0,0,0,0,0,0,0,0,0,0
GENE_0896,Predicted function for GENE_0896 based on expression profile.,0,0,1,0,0,0,0,0,0,0
GENE_0897,Predicted function for GENE_0897 based on expression profile.,0,0,0,1,0,0,0,1,0,0
GENE_0898,Predicted function for GENE_0898 based on expression profile.,0,0,0,0,0,1,0,0,0,0
GENE_0899,Predicted function for GENE_0899 based on expression profile.,0,0,1,0,0,0,0,0,0,1
GENE_0900,Predicted function for GENE_0900 based on expression profile.,0,0,0,0,0,0,0,0,0,0
GENE_0901,Predicted function for GENE_0901 based on expression profile.,1,0,0,0,0,0,0,0,1,0
GENE_0902,Predicted function for GENE_0902 based on expression profile.,0,0,1,0,0,0,0,0,0,0
GENE_0903,Predicted function for GENE_0903 based on expression profile.,0,0,0,0,0,0,1,0,0,0
GENE_0904,Predicted function for GENE_0904 based on expression profile.,0,0,0,0,0,1,0,0,0,0
GENE_0905,Predicted function for GENE_0905 based on expression profile.,0,0,1,0,0,0,1,0,0,0
GENE_0906,Predicted function for GENE_0906 based on expression profile.,0,0,1,0,0,0,0,0,1,0
GENE_0907,Predicted function for GENE_0907 based on expression profile.,0,0,0,0,0,0,0,0,0,0
GENE_0908,Predicted function for GENE_0908 based on expression profile.,0,0,1,0,0,0,0,0,0,1
GENE_0909,Predicted function for GENE_0909 based on expression profile.,0,0,0,1,0,1,0,0,0,0
GENE_0910,Predicted function for GENE_0910 based on expression profile.,0,0,0,0,0,0,0,0,0,0
GENE_0911,Predicted function for GENE_0911 based on expression profile.,0,0,0,0,0,0,0,0,0,0
GENE_0912,Predicted function for GENE_0912 based on expression profile.,0,0,0,0,0,0,0,0,0,0
GENE_0913,Predicted function for GENE_0913 based on expression profile.,0,0,0,0,0,0,0,0,0,0
GENE_0914,Predicted function for GENE_0914 based on expression profile.,0,0,0,1,1,0,0,0,0,0
GENE_0915,Predicted function for GENE_0915 based on expression profile.,0,0,0,0,0,1,1,0,0,0
GENE_0916,Predicted function for GENE_0916 based on expression profile.,0,1,0,0,0,0,0,0,0,1
GENE_0917,Predicted function for GENE_0917 based on expression profile.,0,0,0,0,0,0,0,1,1,0
GENE_0918,Predicted function for GENE_0918 based on expression profile.,0,0,0,0,0,0,0,0,0,0
GENE_0919,Predicted function for GENE_0919 based on expression profile.,0,1,0,0,0,0,0,0,0,0
GENE_0920,Predicted function for GENE_0920 based on expression profile.,0,1,0,0,0,0,0,0,0,0
GENE_0921,Predicted function for GENE_0921 based on expression profile.,0,0,0,0,0,0,0,0,0,0
GENE_0922,Predicted function for GENE_0922 based on expression profile.,0,0,0,0,0,0,1,0,1,0
GENE_0923,Predicted function for GENE_0923 based on expression profile.,0,0,0,0,0,0,0,0,0,0
GENE_0924,Predicted function for GENE_0924 based on expression profile.,0,0,0,0,0,0,0,1,0,0
GENE_0925,Predicted function for GENE_0925 based on expression profile.,0,0,1,0,0,0,0,0,0,0
GENE_0926,Predicted function for GENE_0926 based on expression profile.,0,0,0,0,0,0,0,0,1,0
GENE_0927,Predicted function for GENE_0927 based on expression profile.,0,0,0,0,0,0,0,0,0,0
GENE_0928,Predicted function for GENE_0928 based on expression profile.,0,0,0,0,0,0,1,0,1,0
GENE_0929,Predicted function for GENE_0929 based on expression profile.,0,0,0,0,0,0,0,0,0,0
GENE_0930,Predicted function for GENE_0930 based on expression profile.,0,0,0,0,0,0,0,0,0,0
GENE_0931,Predicted function for GENE_0931 based on expression profile.,0,0,0,1,0,0,0,0,0,0
GENE_0932,Predicted function for GENE_0932 based on expression profile.,0,0,0,0,0,0,0,0,0,0
GENE_0933,Predicted function for GENE_0933 based on expression profile.,0,0,0,1,0,0,0,0,1,0
GENE_0934,Predicted function for GENE_0934 based on expression profile.,0,0,0,0,1,0,0,0,0,0
GENE_0935,Predicted function for GENE_0935 based on expression profile.,0,0,0,0,1,0,0,0,0,0
GENE_0936,Predicted function for GENE_0936 based on expression profile.,0,1,0,0,0,0,1,0,0,0
GENE_0937,Predicted function for GENE_0937 based on expression profile.,1,1,0,0,0,0,0,0,0,0
GENE_0938,Predicted function for GENE_0938 based on expression profile.,0,0,0,0,0,0,0,1,0,1
GENE_0939,Predicted function for GENE_0939 based on expression profile.,0,0,0,0,0,0,0,1,0,0
GENE_0940,Predicted function for GENE_0940 based on expression profile.,0,0,0,0,0,0,0,1,0,0
GENE_0941,Predicted function for GENE_0941 based on expression profile.,0,0,0,0,0,0,0,0,0,0
GENE_0942,Predicted function for GENE_0942 based on expression profile.,0,0,0,0,1,0,0,0,0,0
GENE_0943,Predicted function for GENE_0943 based on expression profile.,0,1,0,1,0,0,0,0,0,0
GENE_0944,Predicted function for GENE_0944 based on expression profile.,0,0,0,0,0,0,0,0,0,0
GENE_0945,Predicted function for GENE_0945 based on expression profile.,0,0,1,0,0,0,0,1,0,0
GENE_0946,Predicted function for GENE_0946 based on expression profile.,0,0,0,0,0,0,0,0,0,1
GENE_0947,Predicted function for GENE_0947 based on expression profile.,0,0,0,0,0,0,0,0,0,0
GENE_0948,Predicted function for GENE_0948 based on expression profile.,0,0,0,1,0,0,0,1,0,0
GENE_0949,Predicted function for GENE_0949 based on expression profile.,0,0,0,1,0,0,0,0,1,0
GENE_0950,Predicted function for GENE_0950 based on expression profile.,0,0,0,0,0,0,0,0,0,0
GENE_0951,Predicted function for GENE_0951 based on expression profile.,0,0,0,0,1,0,1,0,0,0
GENE_0952,Predicted function for GENE_0952 based on expression profile.,0,0,0,0,0,0,1,0,0,1
GENE_0953,Predicted function for GENE_0953 based on expression profile.,0,0,1,0,0,0,0,0,0,0
GENE_0954,Predicted function for GENE_0954 based on expression profile.,0,0,0,0,0,0,0,0,0,0
GENE_0955,Predicted function for GENE_0955 based on expression profile.,0,0,0,0,0,0,0,0,0,0
GENE_0956,Predicted function for GENE_0956 based on expression profile.,0,0,0,0,0,0,0,0,0,0
GENE_0957,Predicted function for GENE_0957 based on expression profile.,0,1,0,0,0,0,0,1,0,0
GENE_0958,Predicted function for GENE_0958 based on expression profile.,0,0,0,0,0,0,0,0,0,0
GENE_0959,Predicted function for GENE_0959 based on expression profile.,0,0,0,0,0,0,0,1,0,0
GENE_0960,Predicted function for GENE_0960 based on expression profile.,0,0,0,1,0,0,0,0,1,0
GENE_0961,Predicted function for GENE_0961 based on expression profile.,0,0,0,1,0,0,0,0,0,1
GENE_0962,Predicted function for GENE_0962 based on expression profile.,0,1,1,0,0,0,0,0,0,0
GENE_0963,Predicted function for GENE_0963 based on expression profile.,0,0,0,0,0,0,0,0,0,0
GENE_0964,Predicted function for GENE_0964 based on expression profile.,0,1,0,0,0,0,1,0,0,0
GENE_0965,Predicted function for GENE_0965 based on expression profile.,0,0,0,0,0,0,0,0,0,0
GENE_0966,Predicted function for GENE_0966 based on expression profile.,0,0,0,1,0,0,1,0,0,0
GENE_0967,Predicted function for GENE_0967 based on expression profile.,0,0,0,0,0,0,0,0,0,0
GENE_0968,Predicted function for GENE_0968 based on expression profile.,0,0,1,0,0,0,0,0,0,0
GENE_0969,Predicted function for GENE_0969 based on expression profile.,0,0,0,0,0,0,0,0,0,1
GENE_0970,Predicted function for GENE_0970 based on expression profile.,0,0,0,0,0,0,0,0,0,0
GENE_0971,Predicted function for GENE_0971 based on expression profile.,0,0,0,0,0,0,0,0,0,1
GENE_0972,Predicted function for GENE_0972 based on expression profile.,1,1,0,0,0,0,0,0,0,0
GENE_0973,Predicted function for GENE_0973 based on expression profile.,0,0,1,0,0,1,0,0,0,0
GENE_0974,Predicted function for GENE_0974 based on expression profile.,0,0,0,1,0,0,1,0,0,0
GENE_0975,Predicted function for GENE_0975 based on expression profile.,0,0,0,0,0,0,0,0,0,0
GENE_0976,Predicted function for GENE_0976 based on expression profile.,0,0,0,0,0,0,0,0,0,0
GENE_0977,Predicted function for GENE_0977 based on expression profile.,0,1,0,0,0,0,0,0,0,1
GENE_0978,Predicted function for GENE_0978 based on expression profile.,1,0,0,0,0,0,0,0,0,0
GENE_0979,Predicted function for GENE_0979 based on expression profile.,0,1,0,1,0,0,0,0,0,0
GENE_0980,Predicted function for GENE_0980 based on expression profile.,0,0,0,0,0,0,0,0,0,0
GENE_0981,Predicted function for GENE_0981 based on expression profile.,1,0,0,0,1,0,0,0,0,0
GENE_0982,Predicted function for GENE_0982 based on expression profile.,0,0,0,0,0,0,0,0,0,0
GENE_0983,Predicted function for GENE_0983 based on expression profile.,0,0,0,0,0,0,0,0,0,0
GENE_0984,Predicted function for GENE_0984 based on expression profile.,0,0,0,1,0,0,0,0,0,0
GENE_0985,Predicted function for GENE_0985 based on expression profile.,0,0,0,0,0,0,0,0,0,0
GENE_0986,Predicted function for GENE_0986 based on expression profile.,0,0,0,0,0,0,0,0,0,0
GENE_0987,Predicted function for GENE_0987 based on expression profile.,0,0,0,0,0,0,1,0,0,1
GENE_0988,Predicted function for GENE_0988 based on expression profile.,0,0,0,0,0,0,0,0,0,0
GENE_0989,Predicted function for GENE_0989 based on expression profile.,0,0,1,0,0,0,1,0,0,0
GENE_0990,Predicted function for GENE_0990 based on expression profile.,0,0,1,0,0,1,0,0,0,0
GENE_0991,Predicted function for GENE_0991 based on expression profile.,1,0,0,0,0,1,0,0,0,0
GENE_0992,Predicted function for GENE_0992 based on expression profile.,1,0,0,0,0,0,0,0,0,0
GENE_0993,Predicted function for GENE_0993 based on expression profile.,0,0,0,0,0,0,0,0,0,0
GENE_0994,Predicted function for GENE_0994 based on expression profile.,0,0,0,0,1,0,0,1,0,0
GENE_0995,Predicted function for GENE_0995 based on expression profile.,0,0,0,0,0,1,0,0,0,1
GENE_0996,Predicted function for GENE_0996 based on expression profile.,0,0,0,0,0,0,0,0,0,1
GENE_0997,Predicted function for GENE_0997 based on expression profile.,0,1,0,0,0,0,1,0,0,0
GENE_0998,Predicted function for GENE_0998 based on expression profile.,0,0,0,1,0,0,0,0,1,0
GENE_0999,Predicted function for GENE_0999 based on expression profile.,0,1,0,0,0,0,0,0,0,0
GENE_1000,Predicted function for GENE_1000 based on expression profile.,0,0,0,0,0,0,0,0,0,0
GENE_1001,Predicted function for GENE_1001 based on expression profile.,0,0,0,0,0,0,1,1,0,0
GENE_1002,Predicted function for GENE_1002 based on expression profile.,0,0,0,0,0,0,0,0,0,0
GENE_1003,Predicted function for GENE_1003 based on expression profile.,0,0,0,1,0,0,0,0,0,0
GENE_1004,Predicted function for GENE_1004 based on expression profile.,0,0,0,1,0,0,0,0,1,0
GENE_1005,Predicted function for GENE_1005 based on expression profile.,0,0,0,0,0,0,0,1,1,0
GENE_1006,Predicted function for GENE_1006 based on expression profile.,0,0,0,0,1,0,0,0,0,0
GENE_1007,Predicted function for GENE_1007 based on expression profile.,0,0,0,0,0,0,0,0,0,0
GENE_1008,Predicted function for GENE_1008 based on expression profile.,0,0,0,0,1,0,0,0,0,0
GENE_1009,Predicted function for GENE_1009 based on expression profile.,0,1,0,0,0,0,0,0,0,0
GENE_1010,Predicted function for GENE_1010 based on expression profile.,0,0,0,0,0,1,0,0,0,0
GENE_1011,Predicted function for GENE_1011 based on expression profile.,0,0,0,0,0,0,0,0,0,0
GENE_1012,Predicted function for GENE_1012 based on expression profile.,0,1,0,0,0,0,0,0,0,0
GENE_1013,Predicted function for GENE_1013 based on expression profile.,0,0,0,0,0,0,0,0,0,0
GENE_1014,Predicted function for GENE_1014 based on expression profile.,0,0,0,1,0,0,0,0,0,0
GENE_1015,Predicted function for GENE_1015 based on expression profile.,1,0,0,1,0,0,0,0,0,0
GENE_1016,Predicted function for GENE_1016 based on expression profile.,0,0,0,0,0,0,0,0,0,0
GENE_1017,Predicted function for GENE_1017 based on expression profile.,0,0,0,0,0,0,1,0,0,1
GENE_1018,Predicted function for GENE_1018 based on expression profile.,0,0,0,0,0,0,0,0,0,0
GENE_1019,Predicted function for GENE_1019 based on expression profile.,0,0,0,0,0,0,0,1,0,0
GENE_1020,Predicted function for GENE_1020 based on expression profile.,0,0,0,0,0,0,0,0,0,0
GENE_1021,Predicted function for GENE_1021 based on expression profile.,0,0,0,0,0,0,1,0,0,0
GENE_1022,Predicted function for GENE_1022 based on expression profile.,0,0,0,1,0,0,0,0,1,0
GENE_1023,Predicted function for GENE_1023 based on expression profile.,0,0,0,0,0,0,0,0,0,0
GENE_1024,Predicted function for GENE_1024 based on expression profile.,0,0,0,0,0,0,0,0,0,0
GENE_1025,Predicted function for GENE_1025 based on expression profile.,1,1,0,0,0,0,0,0,0,0
GENE_1026,Predicted function for GENE_1026 based on expression profile.,0,1,0,0,0,0,1,0,0,0
GENE_1027,Predicted function for GENE_1027 based on expression profile.,0,1,0,0,0,1,0,0,0,0
GENE_1028,Predicted function for GENE_1028 based on expression profile.,0,0,0,0,0,0,1,0,1,0
GENE_1029,Predicted function for GENE_1029 based on expression profile.,0,0,0,0,0,0,1,0,0,0
GENE_1030,Predicted function for GENE_1030 based on expression profile.,0,0,0,0,0,0,1,0,0,0
GENE_1031,Predicted function for GENE_1031 based on expression profile.,0,0,0,1,0,0,0,0,0,0
GENE_1032,Predicted function for GENE_1032 based on expression profile.,0,0,0,0,0,0,0,0,0,0
GENE_1033,Predicted function for GENE_1033 based on expression profile.,0,0,0,0,0,0,0,1,1,0
GENE_1034,Predicted function for GENE_1034 based on expression profile.,0,0,0,0,0,0,0,0,0,0
GENE_1035,Predicted function for GENE_1035 based on expression profile.,0,0,0,0,0,0,0,0,0,0
GENE_1036,Predicted function for GENE_1036 based on expression profile.,0,0,0,0,0,0,0,0,0,0
GENE_1037,Predicted function for GENE_1037 based on expression profile.,0,0,0,0,0,0,0,0,0,0
GENE_1038,Predicted function for GENE_1038 based on expression profile.,0,0,0,0,0,0,0,0,0,0
GENE_1039,Predicted function for GENE_1039 based on expression profile.,0,1,0,0,0,1,0,0,0,0
GENE_1040,Predicted function for GENE_1040 based on expression profile.,0,0,0,0,0,0,0,0,0,1
GENE_1041,Predicted function for GENE_1041 based on expression profile.,0,0,0,0,0,0,0,0,0,0
GENE_1042,Predicted function for GENE_1042 based on expression profile.,0,0,0,1,0,0,1,0,0,0
GENE_1043,Predicted function for GENE_1043 based on expression profile.,0,0,0,0,0,0,0,0,0,1
GENE_1044,Predicted function for GENE_1044 based on expression profile.,0,0,0,0,0,0,0,0,0,0
GENE_1045,Predicted function for GENE_1045 based on expression profile.,0,0,0,0,0,0,0,0,0,0
GENE_1046,Predicted function for GENE_1046 based on expression profile.,0,0,0,0,0,0,0,0,0,1
GENE_1047,Predicted function for GENE_1047 based on expression profile.,0,0,0,0,0,0,0,0,0,0
GENE_1048,Predicted function for GENE_1048 based on expression profile.,0,0,0,0,1,0,0,0,1,0
GENE_1049,Predicted function for GENE_1049 based on expression profile.,0,1,0,0,0,0,0,0,1,0
GENE_1050,Predicted function for GENE_1050 based on expression profile.,0,0,0,0,0,0,0,0,0,0
GENE_1051,Predicted function for GENE_1051 based on expression profile.,0,0,0,0,0,0,1,0,0,0
GENE_1052,Predicted function for GENE_1052 based on expression profile.,0,0,0,0,1,0,1,0,0,0
GENE_1053,Predicted function for GENE_1053 based on expression profile.,0,0,0,0,0,0,0,0,0,0
GENE_1054,Predicted function for GENE_1054 based on expression profile.,0,0,0,0,0,0,0,0,0,0
GENE_1055,Predicted function for GENE_1055 based on expression profile.,0,0,0,0,0,0,0,0,0,1
GENE_1056,Predicted function for GENE_1056 based on expression profile.,0,0,0,0,0,0,0,0,0,0
GENE_1057,Predicted function for GENE_1057 based on expression profile.,0,1,0,0,0,1,0,0,0,0
GENE_1058,Predicted function for GENE_1058 based on expression profile.,0,0,0,0,0,0,0,0,0,0
GENE_1059,Predicted function for GENE_1059 based on expression profile.,0,0,1,0,0,0,0,0,1,0
GENE_1060,Predicted function for GENE_1060 based on expression profile.,0,0,0,0,0,0,0,0,0,0
GENE_1061,Predicted function for GENE_1061 based on expression profile.,0,0,0,0,0,0,0,0,0,0
GENE_1062,Predicted function for GENE_1062 based on expression profile.,0,0,0,0,1,0,0,0,0,0
GENE_1063,Predicted function for GENE_1063 based on expression profile.,0,1,0,0,1,0,0,0,0,0
GENE_1064,Predicted function for GENE_1064 based on expression profile.,0,0,0,1,0,0,0,0,0,0
GENE_1065,Predicted function for GENE_1065 based on expression profile.,0,0,0,1,0,0,0,0,1,0
GENE_1066,Predicted function for GENE_1066 based on expression profile.,0,1,0,0,0,1,0,0,0,0
GENE_1067,Predicted function for GENE_1067 based on expression profile.,0,0,0,0,0,0,0,1,0,0
GENE_1068,Predicted function for GENE_1068 based on expression profile.,0,0,0,0,0,0,0,0,0,0
GENE_1069,Predicted function for GENE_1069 based on expression profile.,0,0,0,0,0,0,0,0,0,0
GENE_1070,Predicted function for GENE_1070 based on expression profile.,0,0,0,0,0,0,0,0,0,0
GENE_1071,Predicted function for GENE_1071 based on expression profile.,0,0,0,0,0,0,0,0,0,0
GENE_1072,Predicted function for GENE_1072 based on expression profile.,0,0,0,0,0,0,0,0,0,0
GENE_1073,Predicted function for GENE_1073 based on expression profile.,0,0,0,0,1,0,0,0,1,0
GENE_1074,Predicted function for GENE_1074 based on expression profile.,0,0,0,0,0,0,0,1,0,1
GENE_1075,Predicted function for GENE_1075 based on expression profile.,0,0,0,0,0,1,0,0,0,0
GENE_1076,Predicted function for GENE_1076 based on expression profile.,0,0,0,0,0,0,0,1,0,0
GENE_1077,Predicted function for GENE_1077 based on expression profile.,0,0,0,0,0,0,0,0,0,0
GENE_1078,Predicted function for GENE_1078 based on expression profile.,0,1,0,0,0,0,0,1,0,0
GENE_1079,Predicted function for GENE_1079 based on expression profile.,1,1,0,0,0,0,0,0,0,0
GENE_1080,Predicted function for GENE_1080 based on expression profile.,0,0,0,0,0,0,0,0,0,0
GENE_1081,Predicted function for GENE_1081 based on expression profile.,0,0,0,0,1,0,0,0,1,0
GENE_1082,Predicted function for GENE_1082 based on expression profile.,0,0,0,1,0,0,0,0,0,0
GENE_1083,Predicted function for GENE_1083 based on expression profile.,0,0,0,0,0,1,0,0,0,0
GENE_1084,Predicted function for GENE_1084 based on expression profile.,0,0,0,0,0,0,0,0,1,1
GENE_1085,Predicted function for GENE_1085 based on expression profile.,0,0,0,0,0,0,0,0,0,0
GENE_1086,Predicted function for GENE_1086 based on expression profile.,0,0,0,1,1,0,0,0,0,0
GENE_1087,Predicted function for GENE_1087 based on expression profile.,0,0,0,0,0,0,0,0,0,0
GENE_1088,Predicted function for GENE_1088 based on expression profile.,0,0,0,0,0,0,0,0,0,0
GENE_1089,Predicted function for GENE_1089 based on expression profile.,0,0,0,0,1,0,0,0,0,0
GENE_1090,Predicted function for GENE_1090 based on expression profile.,0,0,1,0,0,0,0,0,0,0
GENE_1091,Predicted function for GENE_1091 based on expression profile.,0,0,0,0,0,0,0,0,0,0
GENE_1092,Predicted function for GENE_1092 based on expression profile.,0,0,1,1,0,0,0,0,0,0
GENE_1093,Predicted function for GENE_1093 based on expression profile.,0,0,0,0,0,1,0,0,0,0
GENE_1094,Predicted function for GENE_1094 based on expression profile.,0,0,0,0,0,0,0,0,0,0
GENE_1095,Predicted function for GENE_1095 based on expression profile.,0,1,0,0,0,0,0,0,1,0
GENE_1096,Predicted function for GENE_1096 based on expression profile.,0,0,0,1,0,0,0,0,0,0
GENE_1097,Predicted function for GENE_1097 based on expression profile.,0,0,0,0,0,0,1,0,0,0
GENE_1098,Predicted function for GENE_1098 based on expression profile.,0,1,0,0,0,0,0,0,0,0
GENE_1099,Predicted function for GENE_1099 based on expression profile.,0,0,1,0,0,0,0,0,0,0
GENE_1100,Predicted function for GENE_1100 based on expression profile.,0,0,0,0,0,0,0,0,0,0
GENE_1101,Predicted function for GENE_1101 based on expression profile.,0,0,1,0,0,1,0,0,0,0
GENE_1102,Predicted function for GENE_1102 based on expression profile.,0,0,0,1,0,0,0,0,0,0
GENE_1103,Predicted function for GENE_1103 based on expression profile.,0,0,0,0,0,0,0,0,0,0
GENE_1104,Predicted function for GENE_1104 based on expression profile.,0,0,1,0,0,1,0,0,0,0
GENE_1105,Predicted function for GENE_1105 based on expression profile.,0,0,0,0,0,1,0,0,0,0
GENE_1106,Predicted function for GENE_1106 based on expression profile.,1,0,0,0,0,0,0,0,0,0
GENE_1107,Predicted function for GENE_1107 based on expression profile.,0,1,0,0,1,0,0,0,0,0
GENE_1108,Predicted function for GENE_1108 based on expression profile.,1,0,0,0,0,0,0,0,0,0
GENE_1109,Predicted function for GENE_1109 based on expression profile.,1,0,0,1,0,0,0,0,0,0
GENE_1110,Predicted function for GENE_1110 based on expression profile.,0,0,0,0,0,0,1,0,0,0
GENE_1111,Predicted function for GENE_1111 based on expression profile.,0,0,0,0,0,0,0,1,0,0
GENE_1112,Predicted function for GENE_1112 based on expression profile.,0,0,0,0,0,0,0,1,0,1
GENE_1113,Predicted function for GENE_1113 based on expression profile.,0,0,0,1,0,1,0,0,0,0
GENE_1114,Predicted function for GENE_1114 based on expression profile.,0,0,0,0,0,0,0,0,0,0
GENE_1115,Predicted function for GENE_1115 based on expression profile.,0,0,0,0,0,1,0,0,0,1
GENE_1116,Predicted function for GENE_1116 based on expression profile.,0,0,0,0,0,0,0,0,1,1
GENE_1117,Predicted function for GENE_1117 based on expression profile.,0,0,0,0,0,0,0,0,0,0
GENE_1118,Predicted function for GENE_1118 based on expression profile.,0,0,0,0,0,0,0,0,0,0
GENE_1119,Predicted function for GENE_1119 based on expression profile.,0,0,0,0,0,0,0,0,0,0
GENE_1120,Predicted function for GENE_1120 based on expression profile.,0,0,0,0,0,0,0,1,1,0
GENE_1121,Predicted function for GENE_1121 based on expression profile.,0,0,0,0,0,0,1,0,1,0
GENE_1122,Predicted function for GENE_1122 based on expression profile.,0,0,0,1,0,0,0,0,0,0
GENE_1123,Predicted function for GENE_1123 based on expression profile.,0,0,0,0,0,0,1,0,0,0
GENE_1124,Predicted function for GENE_1124 based on expression profile.,0,0,0,0,0,0,0,0,0,0
GENE_1125,Predicted function for GENE_1125 based on expression profile.,0,0,0,0,0,0,0,0,0,0
GENE_1126,Predicted function for GENE_1126 based on expression profile.,0,0,0,0,0,0,0,0,0,0
GENE_1127,Predicted function for GENE_1127 based on expression profile.,0,0,0,0,0,0,0,0,0,0
GENE_1128,Predicted function for GENE_1128 based on expression profile.,0,0,0,0,0,1,0,0,0,1
GENE_1129,Predicted function for GENE_1129 based on expression profile.,0,1,0,1,0,0,0,0,0,0
GENE_1130,Predicted function for GENE_1130 based on expression profile.,0,0,0,0,0,0,0,0,0,0
GENE_1131,Predicted function for GENE_1131 based on expression profile.,0,0,0,0,0,0,0,0,0,0
GENE_1132,Predicted function for GENE_1132 based on expression profile.,0,0,0,0,0,0,0,0,0,0
GENE_1133,Predicted function for GENE_1133 based on expression profile.,0,0,0,0,0,0,0,0,0,0
GENE_1134,Predicted function for GENE_1134 based on expression profile.,0,0,0,0,1,0,1,0,0,0
GENE_1135,Predicted function for GENE_1135 based on expression profile.,0,1,0,1,0,0,0,0,0,0
GENE_1136,Predicted function for GENE_1136 based on expression profile.,0,0,0,0,0,1,0,0,0,0
GENE_1137,Predicted function for GENE_1137 based on expression profile.,0,0,1,0,0,1,0,0,0,0
GENE_1138,Predicted function for GENE_1138 based on expression profile.,0,0,0,0,0,1,0,0,0,1
GENE_1139,Predicted function for GENE_1139 based on expression profile.,0,0,0,0,0,0,0,0,0,0
GENE_1140,Predicted function for GENE_1140 based on expression profile.,0,0,0,0,0,0,0,0,0,0
GENE_1141,Predicted function for GENE_1141 based on expression profile.,0,0,0,0,0,0,0,0,0,0
GENE_1142,Predicted function for GENE_1142 based on expression profile.,0,0,0,0,0,0,0,0,1,0
GENE_1143,Predicted function for GENE_1143 based on expression profile.,0,0,0,0,0,0,1,0,0,0
GENE_1144,Predicted function for GENE_1144 based on expression profile.,0,0,0,0,0,0,1,0,0,1
GENE_1145,Predicted function for GENE_1145 based on expression profile.,0,0,0,0,0,0,0,0,0,0
GENE_1146,Predicted function for GENE_1146 based on expression profile.,0,0,0,1,0,0,0,0,0,0
GENE_1147,Predicted function for GENE_1147 based on expression profile.,0,0,0,1,0,0,0,0,0,1
GENE_1148,Predicted function for GENE_1148 based on expression profile.,0,0,0,0,0,0,0,0,0,0
GENE_1149,Predicted function for GENE_1149 based on expression profile.,0,0,0,0,0,0,1,0,0,1
GENE_1150,Predicted function for GENE_1150 based on expression profile.,0,0,0,0,0,0,0,0,0,0
GENE_1151,Predicted function for GENE_1151 based on expression profile.,0,0,0,0,0,0,0,0,0,0
GENE_1152,Predicted function for GENE_1152 based on expression profile.,0,0,0,0,1,0,0,0,0,0
GENE_1153,Predicted function for GENE_1153 based on expression profile.,0,0,0,0,0,0,0,1,0,1
GENE_1154,Predicted function for GENE_1154 based on expression profile.,0,0,0,0,0,0,0,0,0,0
GENE_1155,Predicted function for GENE_1155 based on expression profile.,0,0,0,0,0,0,1,0,0,0
GENE_1156,Predicted function for GENE_1156 based on expression profile.,0,1,1,0,0,0,0,0,0,0
GENE_1157,Predicted function for GENE_1157 based on expression profile.,0,0,0,0,0,0,0,0,1,1
GENE_1158,Predicted function for GENE_1158 based on expression profile.,0,0,0,0,0,0,0,0,0,0
GENE_1159,Predicted function for GENE_1159 based on expression profile.,0,1,1,0,0,0,0,0,0,0
GENE_1160,Predicted function for GENE_1160 based on expression profile.,0,1,0,0,0,0,0,0,0,0
GENE_1161,Predicted function for GENE_1161 based on expression profile.,1,0,0,0,0,0,0,0,0,0
GENE_1162,Predicted function for GENE_1162 based on expression profile.,0,0,0,0,0,0,0,0,0,0
GENE_1163,Predicted function for GENE_1163 based on expression profile.,0,0,1,0,0,0,0,0,1,0
GENE_1164,Predicted function for GENE_1164 based on expression profile.,0,0,0,0,0,0,0,1,0,0
GENE_1165,Predicted function for GENE_1165 based on expression profile.,1,0,0,0,0,0,0,0,0,0
GENE_1166,Predicted function for GENE_1166 based on expression profile.,0,0,0,0,1,0,1,0,0,0
GENE_1167,Predicted function for GENE_1167 based on expression profile.,0,0,0,1,0,0,0,0,0,0
GENE_1168,Predicted function for GENE_1168 based on expression profile.,0,0,1,0,0,0,1,0,0,0
GENE_1169,Predicted function for GENE_1169 based on expression profile.,1,0,0,0,0,0,0,0,0,0
GENE_1170,Predicted function for GENE_1170 based on expression profile.,1,0,0,0,0,0,0,0,0,0
GENE_1171,Predicted function for GENE_1171 based on expression profile.,0,0,0,0,0,0,1,0,0,0
GENE_1172,Predicted function for GENE_1172 based on expression profile.,0,0,0,0,0,0,0,1,0,0
GENE_1173,Predicted function for GENE_1173 based on expression profile.,0,0,0,1,0,0,0,0,0,0
GENE_1174,Predicted function for GENE_1174 based on expression profile.,0,0,1,0,0,0,0,0,0,0
GENE_1175,Predicted function for GENE_1175 based on expression profile.,0,0,0,0,1,0,0,1,0,0
GENE_1176,Predicted function for GENE_1176 based on expression profile.,0,0,0,0,0,0,0,0,0,0
GENE_1177,Predicted function for GENE_1177 based on expression profile.,0,0,0,0,0,0,0,0,0,0
GENE_1178,Predicted function for GENE_1178 based on expression profile.,0,0,0,0,0,0,0,0,0,0
GENE_1179,Predicted function for GENE_1179 based on expression profile.,0,0,1,0,0,0,0,0,0,0
GENE_1180,Predicted function for GENE_1180 based on expression profile.,0,0,0,0,0,0,0,1,0,0
GENE_1181,Predicted function for GENE_1181 based on expression profile.,0,0,0,0,1,0,0,0,0,0
GENE_1182,Predicted function for GENE_1182 based on expression profile.,0,0,0,0,0,0,0,0,0,0
GENE_1183,Predicted function for GENE_1183 based on expression profile.,0,0,0,0,0,0,0,0,0,0
GENE_1184,Predicted function for GENE_1184 based on expression profile.,0,1,0,0,0,0,0,1,0,0
GENE_1185,Predicted function for GENE_1185 based on expression profile.,0,1,0,0,0,1,0,0,0,0
GENE_1186,Predicted function for GENE_1186 based on expression profile.,0,0,0,1,1,0,0,0,0,0
GENE_1187,Predicted function for GENE_1187 based on expression profile.,0,0,0,0,0,1,0,1,0,0
GENE_1188,Predicted function for GENE_1188 based on expression profile.,1,0,1,0,0,0,0,0,0,0
GENE_1189,Predicted function for GENE_1189 based on expression profile.,0,0,0,0,0,0,0,0,0,0
GENE_1190,Predicted function for GENE_1190 based on expression profile.,0,0,1,1,0,0,0,0,0,0
GENE_1191,Predicted function for GENE_1191 based on expression profile.,0,0,0,0,1,0,0,0,1,0
GENE_1192,Predicted function for GENE_1192 based on expression profile.,0,0,0,0,0,0,1,0,1,0
GENE_1193,Predicted function for GENE_1193 based on expression profile.,1,0,0,0,0,0,0,0,0,0
GENE_1194,Predicted function for GENE_1194 based on expression profile.,0,0,0,0,0,0,0,0,0,0
GENE_1195,Predicted function for GENE_1195 based on expression profile.,0,0,0,0,0,0,0,0,0,0
GENE_1196,Predicted function for GENE_1196 based on expression profile.,1,0,0,0,0,1,0,0,0,0
GENE_1197,Predicted function for GENE_1197 based on expression profile.,0,0,0,0,0,0,0,0,0,0
GENE_1198,Predicted function for GENE_1198 based on expression profile.,1,0,0,0,0,0,0,0,1,0
GENE_1199,Predicted function for GENE_1199 based on expression profile.,0,1,0,0,0,0,0,0,1,0
GENE_1200,Predicted function for GENE_1200 based on expression profile.,0,0,0,0,0,0,1,0,0,0
GENE_1201,Predicted function for GENE_1201 based on expression profile.,0,0,1,0,0,0,0,0,0,0
GENE_1202,Predicted function for GENE_1202 based on expression profile.,0,0,0,0,0,0,0,0,0,0
GENE_1203,Predicted function for GENE_1203 based on expression profile.,0,0,0,0,0,0,1,0,0,0
GENE_1204,Predicted function for GENE_1204 based on expression profile.,0,0,0,0,0,0,0,0,0,0
GENE_1205,Predicted function for GENE_1205 based on expression profile.,0,0,0,0,0,0,0,0,0,0
GENE_1206,Predicted function for GENE_1206 based on expression profile.,0,0,0,0,1,0,0,0,1,0
GENE_1207,Predicted function for GENE_1207 based on expression profile.,0,0,0,0,0,0,0,0,0,0
GENE_1208,Predicted function for GENE_1208 based on expression profile.,0,0,0,0,0,0,0,0,0,0
GENE_1209,Predicted function for GENE_1209 based on expression profile.,0,0,0,0,0,0,0,1,0,0
GENE_1210,Predicted function for GENE_1210 based on expression profile.,0,0,1,0,0,0,0,0,0,0
GENE_1211,Predicted function for GENE_1211 based on expression profile.,0,0,0,1,0,1,0,0,0,0
GENE_1212,Predicted function for GENE_1212 based on expression profile.,0,0,0,0,0,0,1,0,0,0
GENE_1213,Predicted function for GENE_1213 based on expression profile.,0,1,1,0,0,0,0,0,0,0
GENE_1214,Predicted function for GENE_1214 based on expression profile.,1,0,0,0,0,0,0,0,0,0
GENE_1215,Predicted function for GENE_1215 based on expression profile.,0,0,0,0,0,0,0,0,0,0
GENE_1216,Predicted function for GENE_1216 based on expression profile.,0,0,0,0,0,0,1,0,0,0
GENE_1217,Predicted function for GENE_1217 based on expression profile.,0,0,0,0,0,0,0,0,0,0
GENE_1218,Predicted function for GENE_1218 based on expression profile.,0,0,0,0,0,0,0,1,0,0
GENE_1219,Predicted function for GENE_1219 based on expression profile.,0,0,0,0,1,0,0,0,0,1
GENE_1220,Predicted function for GENE_1220 based on expression profile.,0,0,0,0,0,0,0,0,0,0
GENE_1221,Predicted function for GENE_1221 based on expression profile.,0,0,0,0,0,0,0,0,0,0
GENE_1222,Predicted function for GENE_1222 based on expression profile.,1,0,0,0,0,0,0,0,1,0
GENE_1223,Predicted function for GENE_1223 based on expression profile.,0,0,0,0,0,0,0,1,1,0
GENE_1224,Predicted function for GENE_1224 based on expression profile.,0,0,0,0,0,0,0,0,0,0
GENE_1225,Predicted function for GENE_1225 based on expression profile.,0,0,0,0,0,0,1,0,0,0
GENE_1226,Predicted function for GENE_1226 based on expression profile.,1,0,0,0,0,0,0,0,0,0
GENE_1227,Predicted function for GENE_1227 based on expression profile.,0,1,0,0,0,0,0,0,0,1
GENE_1228,Predicted function for GENE_1228 based on expression profile.,0,0,0,0,0,0,0,0,0,0
GENE_1229,Predicted function for GENE_1229 based on expression profile.,0,0,1,0,0,1,0,0,0,0
GENE_1230,Predicted function for GENE_1230 based on expression profile.,0,0,0,0,0,0,0,0,0,0
GENE_1231,Predicted function for GENE_1231 based on expression profile.,0,0,0,0,0,0,0,0,0,0
GENE_1232,Predicted function for GENE_1232 based on expression profile.,0,1,0,0,0,0,1,0,0,0
GENE_1233,Predicted function for GENE_1233 based on expression profile.,0,0,0,0,0,0,0,0,0,0
GENE_1234,Predicted function for GENE_1234 based on expression profile.,0,0,0,0,0,0,0,0,0,0
GENE_1235,Predicted function for GENE_1235 based on expression profile.,0,0,0,0,0,0,0,0,0,0
GENE_1236,Predicted function for GENE_1236 based on expression profile.,1,0,0,0,0,0,0,0,0,0
GENE_1237,Predicted function for GENE_1237 based on expression profile.,0,0,0,0,0,0,0,0,0,0
GENE_1238,Predicted function for GENE_1238 based on expression profile.,0,0,0,0,0,0,0,0,0,0
GENE_1239,Predicted function for GENE_1239 based on expression profile.,0,0,0,0,0,0,0,0,1,1
GENE_1240,Predicted function for GENE_1240 based on expression profile.,0,0,0,0,0,1,0,0,0,0
GENE_1241,Predicted function for GENE_1241 based on expression profile.,0,0,0,0,0,0,1,0,0,1
GENE_1242,Predicted function for GENE_1242 based on expression profile.,0,0,0,0,0,0,1,1,0,0
GENE_1243,Predicted function for GENE_1243 based on expression profile.,0,0,0,0,0,0,1,0,0,0
GENE_1244,Predicted function for GENE_1244 based on expression profile.,0,0,0,0,0,0,1,0,0,0
GENE_1245,Predicted function for GENE_1245 based on expression profile.,0,0,0,0,0,0,0,0,0,0
GENE_1246,Predicted function for GENE_1246 based on expression profile.,0,0,0,0,0,1,0,1,0,0
GENE_1247,Predicted function for GENE_1247 based on expression profile.,0,1,0,0,0,0,0,1,0,0
GENE_1248,Predicted function for GENE_1248 based on expression profile.,0,0,0,0,0,0,0,1,0,1
GENE_1249,Predicted function for GENE_1249 based on expression profile.,0,0,0,0,0,0,0,0,0,0
GENE_1250,Predicted function for GENE_1250 based on expression profile.,0,0,0,0,0,0,0,1,1,0
GENE_1251,Predicted function for GENE_1251 based on expression profile.,0,0,1,0,0,0,0,0,0,0
GENE_1252,Predicted function for GENE_1252 based on expression profile.,0,1,0,0,0,0,0,1,0,0
GENE_1253,Predicted function for GENE_1253 based on expression profile.,0,0,0,0,1,0,0,0,0,0
GENE_1254,Predicted function for GENE_1254 based on expression profile.,0,0,0,1,0,0,0,0,0,0
GENE_1255,Predicted function for GENE_1255 based on expression profile.,0,0,0,0,0,0,0,0,1,1
GENE_1256,Predicted function for GENE_1256 based on expression profile.,0,1,0,0,0,0,1,0,0,0
GENE_1257,Predicted function for GENE_1257 based on expression profile.,0,0,0,0,0,0,1,0,0,0
GENE_1258,Predicted function for GENE_1258 based on expression profile.,0,0,0,0,0,0,0,0,1,1
GENE_1259,Predicted function for GENE_1259 based on expression profile.,0,0,0,0,1,0,0,0,0,0
GENE_1260,Predicted function for GENE_1260 based on expression profile.,0,0,0,0,0,0,0,0,0,1
GENE_1261,Predicted function for GENE_1261 based on expression profile.,0,0,0,0,0,0,0,0,0,0
GENE_1262,Predicted function for GENE_1262 based on expression profile.,0,0,0,0,0,0,1,0,0,0
GENE_1263,Predicted function for GENE_1263 based on expression profile.,0,0,0,0,0,0,0,0,0,0
GENE_1264,Predicted function for GENE_1264 based on expression profile.,0,0,1,0,0,0,0,0,0,0
GENE_1265,Predicted function for GENE_1265 based on expression profile.,0,0,0,0,0,0,0,0,0,0
GENE_1266,Predicted function for GENE_1266 based on expression profile.,1,0,0,0,0,0,0,0,0,0
GENE_1267,Predicted function for GENE_1267 based on expression profile.,0,0,0,0,0,0,0,0,0,0
GENE_1268,Predicted function for GENE_1268 based on expression profile.,0,0,0,0,0,1,0,0,0,0
GENE_1269,Predicted function for GENE_1269 based on expression profile.,0,0,0,0,0,0,0,0,0,0
GENE_1270,Predicted function for GENE_1270 based on expression profile.,0,0,0,1,0,0,0,0,0,0
GENE_1271,Predicted function for GENE_1271 based on expression profile.,0,0,0,1,0,0,0,0,0,0
GENE_1272,Predicted function for GENE_1272 based on expression profile.,0,0,0,0,0,0,0,0,0,0
GENE_1273,Predicted function for GENE_1273 based on expression profile.,0,0,0,0,0,0,0,0,1,0
GENE_1274,Predicted function for GENE_1274 based on expression profile.,0,0,0,1,0,0,0,0,0,0
GENE_1275,Predicted function for GENE_1275 based on expression profile.,0,1,0,0,0,0,0,0,0,0
GENE_1276,Predicted function for GENE_1276 based on expression profile.,0,0,0,0,0,0,0,0,0,0
GENE_1277,Predicted function for GENE_1277 based on expression profile.,0,0,0,0,0,1,0,0,0,0
GENE_1278,Predicted function for GENE_1278 based on expression profile.,0,0,0,0,0,0,0,0,0,1
GENE_1279,Predicted function for GENE_1279 based on expression profile.,1,0,0,0,0,0,0,0,0,0
GENE_1280,Predicted function for GENE_1280 based on expression profile.,0,0,0,0,0,1,0,0,0,0
GENE_1281,Predicted function for GENE_1281 based on expression profile.,0,0,0,0,0,0,0,0,0,0
GENE_1282,Predicted function for GENE_1282 based on expression profile.,0,0,0,0,0,0,0,0,1,0
GENE_1283,Predicted function for GENE_1283 based on expression profile.,0,0,0,0,1,0,0,0,0,0
GENE_1284,Predicted function for GENE_1284 based on expression profile.,0,0,0,0,0,0,0,0,0,0
GENE_1285,Predicted function for GENE_1285 based on expression profile.,0,0,0,0,0,0,0,0,0,0
GENE_1286,Predicted function for GENE_1286 based on expression profile.,0,0,0,0,0,0,0,0,0,0
GENE_1287,Predicted function for GENE_1287 based on expression profile.,0,0,0,0,0,0,1,0,1,0
GENE_1288,Predicted function for GENE_1288 based on expression profile.,0,0,0,0,0,0,1,0,0,0
GENE_1289,Predicted function for GENE_1289 based on expression profile.,1,0,0,0,0,0,0,0,0,0
GENE_1290,Predicted function for GENE_1290 based on expression profile.,0,0,0,0,0,0,0,0,1,0
GENE_1291,Predicted function for GENE_1291 based on expression profile.,0,0,0,0,0,0,0,1,0,0
GENE_1292,Predicted function for GENE_1292 based on expression profile.,0,0,0,0,0,0,0,0,0,0
GENE_1293,Predicted function for GENE_1293 based on expression profile.,0,0,0,0,0,0,0,0,0,0
GENE_1294,Predicted function for GENE_1294 based on expression profile.,0,0,0,0,0,0,0,0,0,0
GENE_1295,Predicted function for GENE_1295 based on expression profile.,0,0,0,0,0,0,0,0,0,1
GENE_1296,Predicted function for GENE_1296 based on expression profile.,0,0,0,0,0,0,1,0,0,0
GENE_1297,Predicted function for GENE_1297 based on expression profile.,0,0,0,0,1,0,0,0,0,0
GENE_1298,Predicted function for GENE_1298 based on expression profile.,1,0,1,0,0,0,0,0,0,0
GENE_1299,Predicted function for GENE_1299 based on expression profile.,0,0,1,0,0,0,0,0,0,0
GENE_1300,Predicted function for GENE_1300 based on expression profile.,0,1,1,0,0,0,0,0,0,0
GENE_1301,Predicted function for GENE_1301 based on expression profile.,0,0,0,0,0,0,0,0,0,0
GENE_1302,Predicted function for GENE_1302 based on expression profile.,0,0,0,0,0,0,1,0,0,1
GENE_1303,Predicted function for GENE_1303 based on expression profile.,0,0,0,0,0,0,0,0,0,0
GENE_1304,Predicted function for GENE_1304 based on expression profile.,0,1,0,0,0,0,0,0,0,0
GENE_1305,Predicted function for GENE_1305 based on expression profile.,0,0,0,0,0,1,0,1,0,0
GENE_1306,Predicted function for GENE_1306 based on expression profile.,0,0,0,0,0,0,1,0,0,0
GENE_1307,Predicted function for GENE_1307 based on expression profile.,0,1,0,0,0,0,0,0,1,0
GENE_1308,Predicted function for GENE_1308 based on expression profile.,0,0,0,0,0,0,0,0,0,0
GENE_1309,Predicted function for GENE_1309 based on expression profile.,0,1,0,0,0,0,1,0,0,0
GENE_1310,Predicted function for GENE_1310 based on expression profile.,0,0,0,0,0,0,0,0,0,0
GENE_1311,Predicted function for GENE_1311 based on expression profile.,0,0,0,0,0,0,1,0,0,0
GENE_1312,Predicted function for GENE_1312 based on expression profile.,0,0,0,1,0,0,0,0,1,0
GENE_1313,Predicted function for GENE_1313 based on expression profile.,0,0,1,0,0,0,1,0,0,0
GENE_1314,Predicted function for GENE_1314 based on expression profile.,0,0,0,0,0,0,0,0,0,0
GENE_1315,Predicted function for GENE_1315 based on expression profile.,0,0,0,0,0,0,0,0,1,0
GENE_1316,Predicted function for GENE_1316 based on expression profile.,0,0,1,0,0,1,0,0,0,0
GENE_1317,Predicted function for GENE_1317 based on expression profile.,0,0,0,1,0,0,0,0,0,0
GENE_1318,Predicted function for GENE_1318 based on expression profile.,0,0,0,0,0,0,0,0,0,0
GENE_1319,Predicted function for GENE_1319 based on expression profile.,0,0,0,0,1,1,0,0,0,0
GENE_1320,Predicted function for GENE_1320 based on expression profile.,0,0,0,0,0,0,0,0,0,0
GENE_1321,Predicted function for GENE_1321 based on expression profile.,0,0,0,0,0,0,1,0,0,0
GENE_1322,Predicted function for GENE_1322 based on expression profile.,0,0,0,0,0,0,0,0,0,0
GENE_1323,Predicted function for GENE_1323 based on expression profile.,1,0,0,1,0,0,0,0,0,0
GENE_1324,Predicted function for GENE_1324 based on expression profile.,0,0,0,0,0,0,0,0,0,0
GENE_1325,Predicted function for GENE_1325 based on expression profile.,0,0,0,0,0,0,0,0,0,0
GENE_1326,Predicted function for GENE_1326 based on expression profile.,0,0,0,0,0,0,0,0,0,0
GENE_1327,Predicted function for GENE_1327 based on expression profile.,0,0,0,0,0,0,0,0,0,0
GENE_1328,Predicted function for GENE_1328 based on expression profile.,0,0,0,0,0,0,0,0,0,1
GENE_1329,Predicted function for GENE_1329 based on expression profile.,0,0,0,0,0,0,0,0,0,0
GENE_1330,Predicted function for GENE_1330 based on expression profile.,0,0,0,0,0,0,0,0,0,0
GENE_1331,Predicted function for GENE_1331 based on expression profile.,0,0,0,0,0,0,0,0,0,0
GENE_1332,Predicted function for GENE_1332 based on expression profile.,0,0,0,0,0,0,0,0,0,0
GENE_1333,Predicted function for GENE_1333 based on expression profile.,0,0,0,0,0,0,0,0,0,0
GENE_1334,Predicted function for GENE_1334 based on expression profile.,0,0,0,0,0,0,0,0,0,0
GENE_1335,Predicted function for GENE_1335 based on expression profile.,0,0,0,1,0,0,1,0,0,0
GENE_1336,Predicted function for GENE_1336 based on expression profile.,0,0,0,0,0,0,0,0,0,0
GENE_1337,Predicted function for GENE_1337 based on expression profile.,0,0,0,0,0,0,0,0,0,0
GENE_1338,Predicted function for GENE_1338 based on expression profile.,0,0,0,0,1,0,0,0,0,0
GENE_1339,Predicted function for GENE_1339 based on expression profile.,0,0,0,0,0,0,0,0,0,0
GENE_1340,Predicted function for GENE_1340 based on expression profile.,0,0,0,1,0,0,0,0,0,0
GENE_1341,Predicted function for GENE_1341 based on expression profile.,0,0,0,0,0,0,0,0,0,0
GENE_1342,Predicted function for GENE_1342 based on expression profile.,0,0,0,0,0,0,0,0,0,1
GENE_1343,Predicted function for GENE_1343 based on expression profile.,0,0,0,0,1,0,0,0,1,0
GENE_1344,Predicted function for GENE_1344 based on expression profile.,0,0,0,0,0,0,0,0,0,0
GENE_1345,Predicted function for GENE_1345 based on expression profile.,0,0,0,1,0,0,0,0,0,0
GENE_1346,Predicted function for GENE_1346 based on expression profile.,0,0,0,0,0,0,0,0,0,0
GENE_1347,Predicted function for GENE_1347 based on expression profile.,0,0,0,0,0,0,0,0,0,0
GENE_1348,Predicted function for GENE_1348 based on expression profile.,0,0,0,0,0,0,0,0,0,0
GENE_1349,Predicted function for GENE_1349 based on expression profile.,0,0,0,0,1,0,0,0,0,0
GENE_1350,Predicted function for GENE_1350 based on expression profile.,0,0,0,0,0,0,0,0,0,0
GENE_1351,Predicted function for GENE_1351 based on expression profile.,0,0,0,0,0,0,0,0,1,0
GENE_1352,Predicted function for GENE_1352 based on expression profile.,0,0,0,1,0,0,0,0,0,0
GENE_1353,Predicted function for GENE_1353 based on expression profile.,0,0,0,0,0,0,0,0,0,0
GENE_1354,Predicted function for GENE_1354 based on expression profile.,0,0,1,0,0,0,0,0,0,0
GENE_1355,Predicted function for GENE_1355 based on expression profile.,0,0,0,1,0,0,0,0,1,0
GENE_1356,Predicted function for GENE_1356 based on expression profile.,1,0,0,0,1,0,0,0,0,0
GENE_1357,Predicted function for GENE_1357 based on expression profile.,0,0,0,0,1,0,0,0,0,0
GENE_1358,Predicted function for GENE_1358 based on expression profile.,0,0,0,0,0,0,1,0,0,0
GENE_1359,Predicted function for GENE_1359 based on expression profile.,0,0,0,0,0,0,0,0,0,0
GENE_1360,Predicted function for GENE_1360 based on expression profile.,0,0,1,0,0,0,0,0,0,0
GENE_1361,Predicted function for GENE_1361 based on expression profile.,1,0,0,0,0,0,0,0,0,1
GENE_1362,Predicted function for GENE_1362 based on expression profile.,0,0,0,0,0,0,1,0,0,0
GENE_1363,Predicted function for GENE_1363 based on expression profile.,0,1,0,0,1,0,0,0,0,0
GENE_1364,Predicted function for GENE_1364 based on expression profile.,0,0,0,0,0,0,0,0,0,0
GENE_1365,Predicted function for GENE_1365 based on expression profile.,0,0,0,0,0,0,0,1,0,0
GENE_1366,Predicted function for GENE_1366 based on expression profile.,0,0,0,0,0,0,0,0,0,0
GENE_1367,Predicted function for GENE_1367 based on expression profile.,0,0,1,0,0,0,1,0,0,0
GENE_1368,Predicted function for GENE_1368 based on expression profile.,0,0,0,0,0,0,1,0,0,1
GENE_1369,Predicted function for GENE_1369 based on expression profile.,0,0,0,0,0,0,0,0,0,0
GENE_1370,Predicted function for GENE_1370 based on expression profile.,0,0,0,0,0,0,1,0,0,0
GENE_1371,Predicted function for GENE_1371 based on expression profile.,0,0,0,0,0,0,0,1,0,0
GENE_1372,Predicted function for GENE_1372 based on expression profile.,0,0,0,0,0,0,0,0,0,0
GENE_1373,Predicted function for GENE_1373 based on expression profile.,0,0,1,0,1,0,0,0,0,0
GENE_1374,Predicted function for GENE_1374 based on expression profile.,0,0,0,0,0,0,0,0,0,0
GENE_1375,Predicted function for GENE_1375 based on expression profile.,0,0,0,0,0,0,0,1,0,0
GENE_1376,Predicted function for GENE_1376 based on expression profile.,0,1,1,0,0,0,0,0,0,0
GENE_1377,Predicted function for GENE_1377 based on expression profile.,0,0,0,0,0,0,0,0,0,0
GENE_1378,Predicted function for GENE_1378 based on expression profile.,0,0,0,0,0,1,0,1,0,0
GENE_1379,Predicted function for GENE_1379 based on expression profile.,0,0,0,0,0,0,0,0,0,0
GENE_1380,Predicted function for GENE_1380 based on expression profile.,0,0,0,0,0,0,0,0,0,0
GENE_1381,Predicted function for GENE_1381 based on expression profile.,0,0,0,0,0,0,0,0,0,0
GENE_1382,Predicted function for GENE_1382 based on expression profile.,1,1,0,0,0,0,0,0,0,0
GENE_1383,Predicted function for GENE_1383 based on expression profile.,0,0,0,0,1,0,0,0,0,0
GENE_1384,Predicted function for GENE_1384 based on expression profile.,0,0,0,0,0,0,0,0,0,0
GENE_1385,Predicted function for GENE_1385 based on expression profile.,0,0,0,0,0,0,0,0,0,0
GENE_1386,Predicted function for GENE_1386 based on expression profile.,0,0,0,1,0,0,0,0,0,0
GENE_1387,Predicted function for GENE_1387 based on expression profile.,0,1,0,0,0,0,0,0,0,0
GENE_1388,Predicted function for GENE_1388 based on expression profile.,0,0,0,0,0,0,0,0,0,0
GENE_1389,Predicted function for GENE_1389 based on expression profile.,0,0,0,0,0,0,0,0,0,0
GENE_1390,Predicted function for GENE_1390 based on expression profile.,0,0,1,0,0,0,0,0,0,0
GENE_1391,Predicted function for GENE_1391 based on expression profile.,0,0,0,0,0,0,0,0,0,0
GENE_1392,Predicted function for GENE_1392 based on expression profile.,0,0,0,0,1,0,0,0,0,0
GENE_1393,Predicted function for GENE_1393 based on expression profile.,0,0,0,0,0,0,0,0,0,0
GENE_1394,Predicted function for GENE_1394 based on expression profile.,0,0,0,1,0,0,0,0,0,1
GENE_1395,Predicted function for GENE_1395 based on expression profile.,0,0,0,0,0,0,0,0,0,0
GENE_1396,Predicted function for GENE_1396 based on expression profile.,0,0,0,0,0,1,0,0,0,0
GENE_1397,Predicted function for GENE_1397 based on expression profile.,0,0,0,0,0,0,0,0,0,0
GENE_1398,Predicted function for GENE_1398 based on expression profile.,1,0,0,0,0,0,0,0,0,0
GENE_1399,Predicted function for GENE_1399 based on expression profile.,1,0,0,0,0,0,0,0,0,0
GENE_1400,Predicted function for GENE_1400 based on expression profile.,0,0,0,0,0,0,0,0,0,0
GENE_1401,Predicted function for GENE_1401 based on expression profile.,0,0,0,0,0,0,1,0,0,0
GENE_1402,Predicted function for GENE_1402 based on expression profile.,0,1,0,0,1,0,0,0,0,0
GENE_1403,Predicted function for GENE_1403 based on expression profile.,1,0,0,0,0,0,0,1,0,0
GENE_1404,Predicted function for GENE_1404 based on expression profile.,0,0,0,0,0,0,0,0,0,0
GENE_1405,Predicted function for GENE_1405 based on expression profile.,1,0,0,1,0,0,0,0,0,0
GENE_1406,Predicted function for GENE_1406 based on expression profile.,1,0,0,0,0,0,0,0,0,0
GENE_1407,Predicted function for GENE_1407 based on expression profile.,0,0,0,0,0,0,0,0,0,0
GENE_1408,Predicted function for GENE_1408 based on expression profile.,0,0,0,0,0,0,0,0,0,1
GENE_1409,Predicted function for GENE_1409 based on expression profile.,0,0,0,0,0,0,0,0,0,0
GENE_1410,Predicted function for GENE_1410 based on expression profile.,0,0,0,0,0,0,0,0,1,0
GENE_1411,Predicted function for GENE_1411 based on expression profile.,0,0,0,0,0,0,0,0,0,0
GENE_1412,Predicted function for GENE_1412 based on expression profile.,0,0,0,0,0,0,0,0,1,0
GENE_1413,Predicted function for GENE_1413 based on expression profile.,0,0,1,0,0,0,0,1,0,0
GENE_1414,Predicted function for GENE_1414 based on expression profile.,0,0,0,0,1,0,0,0,0,0
GENE_1415,Predicted function for GENE_1415 based on expression profile.,0,0,0,0,0,0,0,1,0,1
GENE_1416,Predicted function for GENE_1416 based on expression profile.,0,1,0,0,0,0,0,0,0,0
GENE_1417,Predicted function for GENE_1417 based on expression profile.,0,0,0,0,0,0,0,0,0,0
GENE_1418,Predicted function for GENE_1418 based on expression profile.,0,1,0,1,0,0,0,0,0,0
GENE_1419,Predicted function for GENE_1419 based on expression profile.,0,0,0,0,0,0,0,0,0,0
GENE_1420,Predicted function for GENE_1420 based on expression profile.,0,0,0,0,0,1,0,0,0,0
GENE_1421,Predicted function for GENE_1421 based on expression profile.,0,0,0,0,0,0,0,1,0,0
GENE_1422,Predicted function for GENE_1422 based on expression profile.,0,0,0,0,0,0,0,0,0,1
GENE_1423,Predicted function for GENE_1423 based on expression profile.,1,0,1,0,0,0,0,0,0,0
GENE_1424,Predicted function for GENE_1424 based on expression profile.,0,0,0,0,0,0,0,1,0,0
GENE_1425,Predicted function for GENE_1425 based on expression profile.,1,0,0,0,0,0,0,0,0,0
GENE_1426,Predicted function for GENE_1426 based on expression profile.,0,0,0,0,0,0,1,1,0,0
GENE_1427,Predicted function for GENE_1427 based on expression profile.,0,0,0,0,0,0,0,0,0,0
GENE_1428,Predicted function for GENE_1428 based on expression profile.,0,0,0,0,0,1,1,0,0,0
GENE_1429,Predicted function for GENE_1429 based on expression profile.,0,0,0,0,0,0,1,0,1,0
GENE_1430,Predicted function for GENE_1430 based on expression profile.,0,0,0,1,0,0,1,0,0,0
GENE_1431,Predicted function for GENE_1431 based on expression profile.,1,0,0,0,0,0,0,1,0,0
GENE_1432,Predicted function for GENE_1432 based on expression profile.,0,0,0,0,1,1,0,0,0,0
GENE_1433,Predicted function for GENE_1433 based on expression profile.,0,0,0,0,1,0,0,0,0,0
GENE_1434,Predicted function for GENE_1434 based on expression profile.,0,0,1,0,0,0,0,1,0,0
GENE_1435,Predicted function for GENE_1435 based on expression profile.,0,0,0,0,0,0,0,0,0,0
GENE_1436,Predicted function for GENE_1436 based on expression profile.,0,0,0,0,0,0,0,0,0,0
GENE_1437,Predicted function for GENE_1437 based on expression profile.,0,0,1,0,0,0,0,0,0,1
GENE_1438,Predicted function for GENE_1438 based on expression profile.,0,1,0,0,0,0,0,0,0,0
GENE_1439,Predicted function for GENE_1439 based on expression profile.,0,0,0,0,0,0,0,0,0,0
GENE_1440,Predicted function for GENE_1440 based on expression profile.,0,0,1,0,0,0,0,0,0,0
GENE_1441,Predicted function for GENE_1441 based on expression profile.,0,0,0,0,0,0,0,0,0,0
GENE_1442,Predicted function for GENE_1442 based on expression profile.,1,0,0,0,0,1,0,0,0,0
GENE_1443,Predicted function for GENE_1443 based on expression profile.,0,1,1,0,0,0,0,0,0,0
GENE_1444,Predicted function for GENE_1444 based on expression profile.,0,0,0,1,0,0,0,1,0,0
GENE_1445,Predicted function for GENE_1445 based on expression profile.,0,0,0,0,0,0,0,0,0,0
GENE_1446,Predicted function for GENE_1446 based on expression profile.,0,0,0,0,0,0,0,0,1,1
GENE_1447,Predicted function for GENE_1447 based on expression profile.,0,0,0,0,0,0,1,0,0,0
GENE_1448,Predicted function for GENE_1448 based on expression profile.,0,0,0,0,0,0,0,0,0,0
GENE_1449,Predicted function for GENE_1449 based on expression profile.,1,0,1,0,0,0,0,0,0,0
GENE_1450,Predicted function for GENE_1450 based on expression profile.,0,0,0,0,0,0,1,0,0,0
GENE_1451,Predicted function for GENE_1451 based on expression profile.,0,0,0,0,0,0,0,1,0,0
GENE_1452,Predicted function for GENE_1452 based on expression profile.,0,0,0,0,0,0,0,0,0,0
GENE_1453,Predicted function for GENE_1453 based on expression profile.,1,1,0,0,0,0,0,0,0,0
GENE_1454,Predicted function for GENE_1454 based on expression profile.,0,1,0,0,0,0,0,0,0,0
GENE_1455,Predicted function for GENE_1455 based on expression profile.,0,0,1,0,0,0,0,0,1,0
GENE_1456,Predicted function for GENE_1456 based on expression profile.,0,0,0,0,0,0,0,0,0,0
GENE_1457,Predicted function for GENE_1457 based on expression profile.,0,0,0,0,0,0,0,0,0,0
GENE_1458,Predicted function for GENE_1458 based on expression profile.,0,0,0,0,1,0,0,0,0,0
GENE_1459,Predicted function for GENE_1459 based on expression profile.,0,0,0,0,0,0,0,0,0,0
GENE_1460,Predicted function for GENE_1460 based on expression profile.,0,0,0,0,0,0,0,0,0,1
GENE_1461,Predicted function for GENE_1461 based on expression profile.,0,0,0,0,0,0,0,0,0,0
GENE_1462,Predicted function for GENE_1462 based on expression profile.,0,0,0,0,0,0,0,0,0,0
GENE_1463,Predicted function for GENE_1463 based on expression profile.,0,0,0,0,0,0,0,1,0,0
GENE_1464,Predicted function for GENE_1464 based on expression profile.,0,0,0,0,0,0,0,0,0,0
GENE_1465,Predicted function for GENE_1465 based on expression profile.,0,0,0,0,0,0,0,0,0,0
GENE_1466,Predicted function for GENE_1466 based on expression profile.,0,0,0,0,0,0,0,0,0,0
GENE_1467,Predicted function for GENE_1467 based on expression profile.,1,0,0,0,0,0,0,0,0,0
GENE_1468,Predicted function for GENE_1468 based on expression profile.,0,0,0,0,1,0,0,0,0,0
GENE_1469,Predicted function for GENE_1469 based on expression profile.,0,0,0,0,0,0,0,0,0,0
GENE_1470,Predicted function for GENE_1470 based on expression profile.,0,0,0,0,0,0,0,1,1,0
GENE_1471,Predicted function for GENE_1471 based on expression profile.,0,0,0,0,0,0,0,0,0,0
GENE_1472,Predicted function for GENE_1472 based on expression profile.,0,1,0,1,0,0,0,0,0,0
GENE_1473,Predicted function for GENE_1473 based on expression profile.,0,0,0,0,0,1,0,0,0,1
GENE_1474,Predicted function for GENE_1474 based on expression profile.,0,0,0,0,1,0,0,0,0,0
GENE_1475,Predicted function for GENE_1475 based on expression profile.,0,0,0,0,0,1,0,0,0,0
GENE_1476,Predicted function for GENE_1476 based on expression profile.,0,0,0,1,0,0,0,0,0,0
GENE_1477,Predicted function for GENE_1477 based on expression profile.,0,0,0,0,0,0,0,0,0,0
GENE_1478,Predicted function for GENE_1478 based on expression profile.,0,0,0,0,0,0,0,0,0,0
GENE_1479,Predicted function for GENE_1479 based on expression profile.,0,1,0,0,0,0,0,0,0,0
GENE_1480,Predicted function for GENE_1480 based on expression profile.,0,0,0,0,0,0,0,0,0,0
GENE_1481,Predicted function for GENE_1481 based on expression profile.,0,0,1,0,0,0,0,1,0,0
GENE_1482,Predicted function for GENE_1482 based on expression profile.,0,1,0,1,0,0,0,0,0,0
GENE_1483,Predicted function for GENE_1483 based on expression profile.,0,0,0,0,0,0,0,0,0,0
GENE_1484,Predicted function for GENE_1484 based on expression profile.,0,0,0,0,0,0,0,1,0,0
GENE_1485,Predicted function for GENE_1485 based on expression profile.,0,0,0,0,0,0,0,0,0,0
GENE_1486,Predicted function for GENE_1486 based on expression profile.,0,0,0,0,0,0,0,0,0,0
GENE_1487,Predicted function for GENE_1487 based on expression profile.,0,0,1,0,0,0,0,0,0,1
GENE_1488,Predicted function for GENE_1488 based on expression profile.,0,0,0,0,0,0,0,0,1,1
GENE_1489,Predicted function for GENE_1489 based on expression profile.,0,0,0,1,0,1,0,0,0,0
GENE_1490,Predicted function for GENE_1490 based on expression profile.,0,0,0,0,0,1,0,0,0,1
GENE_1491,Predicted function for GENE_1491 based on expression profile.,0,0,0,0,0,0,0,0,0,0
GENE_1492,Predicted function for GENE_1492 based on expression profile.,0,0,0,0,0,0,0,0,1,0
GENE_1493,Predicted function for GENE_1493 based on expression profile.,0,0,0,0,0,0,0,1,0,0
GENE_1494,Predicted function for GENE_1494 based on expression profile.,0,0,0,0,0,0,0,0,0,0
GENE_1495,Predicted function for GENE_1495 based on expression profile.,0,0,0,0,0,0,1,0,1,0
GENE_1496,Predicted function for GENE_1496 based on expression profile.,1,0,0,0,0,0,0,0,0,0
GENE_1497,Predicted function for GENE_1497 based on expression profile.,0,0,0,0,0,0,0,1,0,0
GENE_1498,Predicted function for GENE_1498 based on expression profile.,0,0,0,0,0,0,0,1,0,0
GENE_1499,Predicted function for GENE_1499 based on expression profile.,0,0,0,0,0,0,0,0,1,1
GENE_1500,Predicted function for GENE_1500 based on expression profile.,1,0,0,0,0,0,0,1,0,0
GENE_1501,Predicted function for GENE_1501 based on expression profile.,0,1,0,0,1,0,0,0,0,0
GENE_1502,Predicted function for GENE_1502 based on expression profile.,1,0,0,0,0,0,0,0,0,1
GENE_1503,Predicted function for GENE_1503 based on expression profile.,0,0,0,0,0,1,0,0,0,0
GENE_1504,Predicted function for GENE_1504 based on expression profile.,0,0,0,0,0,0,0,0,0,0
GENE_1505,Predicted function for GENE_1505 based on expression profile.,0,0,0,0,0,1,0,0,0,0
GENE_1506,Predicted function for GENE_1506 based on expression profile.,0,0,0,1,0,0,0,0,0,1
GENE_1507,Predicted function for GENE_1507 based on expression profile.,0,0,0,0,0,0,1,0,0,0
GENE_1508,Predicted function for GENE_1508 based on expression profile.,0,0,0,0,0,0,0,0,0,0
GENE_1509,Predicted function for GENE_1509 based on expression profile.,0,1,0,0,0,0,0,0,1,0
GENE_1510,Predicted function for GENE_1510 based on expression profile.,1,1,0,0,0,0,0,0,0,0
GENE_1511,Predicted function for GENE_1511 based on expression profile.,0,0,0,0,0,0,0,0,0,0
GENE_1512,Predicted function for GENE_1512 based on expression profile.,0,1,0,0,0,0,0,0,0,0
GENE_1513,Predicted function for GENE_1513 based on expression profile.,0,0,0,1,0,1,0,0,0,0
GENE_1514,Predicted function for GENE_1514 based on expression profile.,0,0,0,0,0,0,0,0,0,0
GENE_1515,Predicted function for GENE_1515 based on expression profile.,0,0,0,0,0,0,1,0,0,0
GENE_1516,Predicted function for GENE_1516 based on expression profile.,0,0,1,0,0,1,0,0,0,0
GENE_1517,Predicted function for GENE_1517 based on expression profile.,0,1,0,0,0,0,0,0,0,1
GENE_1518,Predicted function for GENE_1518 based on expression profile.,0,1,0,0,0,0,0,0,0,0
GENE_1519,Predicted function for GENE_1519 based on expression profile.,0,0,0,0,0,0,0,0,0,0
GENE_1520,Predicted function for GENE_1520 based on expression profile.,0,0,0,0,0,0,0,0,0,0
GENE_1521,Predicted function for GENE_1521 based on expression profile.,0,0,0,0,0,0,0,0,0,0
GENE_1522,Predicted function for GENE_1522 based on expression profile.,0,0,0,1,0,1,0,0,0,0
GENE_1523,Predicted function for GENE_1523 based on expression profile.,0,1,0,0,0,0,0,0,0,0
GENE_1524,Predicted function for GENE_1524 based on expression profile.,0,0,0,0,0,0,0,0,0,0
GENE_1525,Predicted function for GENE_1525 based on expression profile.,1,0,0,0,0,0,0,0,0,1
GENE_1526,Predicted function for GENE_1526 based on expression profile.,0,0,0,0,0,0,0,0,0,0
GENE_1527,Predicted function for GENE_1527 based on expression profile.,0,0,0,0,0,0,0,0,0,0
GENE_1528,Predicted function for GENE_1528 based on expression profile.,0,0,0,0,0,0,0,0,0,0
GENE_1529,Predicted function for GENE_1529 based on expression profile.,0,0,1,0,0,0,0,0,0,0
GENE_1530,Predicted function for GENE_1530 based on expression profile.,0,0,0,1,0,0,0,0,0,1
GENE_1531,Predicted function for GENE_1531 based on expression profile.,0,0,0,0,0,1,0,0,0,0
GENE_1532,Predicted function for GENE_1532 based on expression profile.,0,0,0,0,0,0,0,0,0,0
GENE_1533,Predicted function for GENE_1533 based on expression profile.,0,0,0,0,0,0,0,0,0,0
GENE_1534,Predicted function for GENE_1534 based on expression profile.,0,0,0,0,1,0,0,0,0,0
GENE_1535,Predicted function for GENE_1535 based on expression profile.,1,0,0,0,0,0,0,0,0,0
GENE_1536,Predicted function for GENE_1536 based on expression profile.,0,0,0,1,1,0,0,0,0,0
GENE_1537,Predicted function for GENE_1537 based on expression profile.,0,0,0,0,0,0,1,0,0,0
GENE_1538,Predicted function for GENE_1538 based on expression profile.,0,1,0,0,1,0,0,0,0,0
GENE_1539,Predicted function for GENE_1539 based on expression profile.,0,0,0,0,0,0,0,0,0,0
GENE_1540,Predicted function for GENE_1540 based on expression profile.,0,0,0,0,0,0,0,0,0,0
GENE_1541,Predicted function for GENE_1541 based on expression profile.,0,0,0,0,0,0,0,0,0,0
GENE_1542,Predicted function for GENE_1542 based on expression profile.,1,0,0,1,0,0,0,0,0,0
GENE_1543,Predicted function for GENE_1543 based on expression profile.,0,0,0,0,0,0,0,0,0,0
GENE_1544,Predicted function for GENE_1544 based on expression profile.,1,0,0,0,0,0,0,1,0,0
GENE_1545,Predicted function for GENE_1545 based on expression profile.,0,1,0,0,0,0,0,0,0,0
GENE_1546,Predicted function for GENE_1546 based on expression profile.,0,0,0,0,1,0,0,0,0,0
GENE_1547,Predicted function for GENE_1547 based on expression profile.,0,0,0,0,0,0,0,0,0,0
GENE_1548,Predicted function for GENE_1548 based on expression profile.,0,0,1,0,0,0,0,0,0,1
GENE_1549,Predicted function for GENE_1549 based on expression profile.,0,1,0,0,0,0,0,0,0,0
GENE_1550,Predicted function for GENE_1550 based on expression profile.,0,0,0,0,0,0,0,0,0,0
GENE_1551,Predicted function for GENE_1551 based on expression profile.,0,0,0,0,0,0,0,0,0,0
GENE_1552,Predicted function for GENE_1552 based on expression profile.,0,0,0,0,0,0,0,1,0,0
GENE_1553,Predicted function for GENE_1553 based on expression profile.,0,0,0,0,0,0,0,0,0,0
GENE_1554,Predicted function for GENE_1554 based on expression profile.,1,0,1,0,0,0,0,0,0,0
GENE_1555,Predicted function for GENE_1555 based on expression profile.,0,0,0,0,0,1,1,0,0,0
GENE_1556,Predicted function for GENE_1556 based on expression profile.,0,0,0,0,0,0,0,0,0,0
GENE_1557,Predicted function for GENE_1557 based on expression profile.,1,0,0,0,0,0,0,1,0,0
GENE_1558,Predicted function for GENE_1558 based on expression profile.,0,1,1,0,0,0,0,0,0,0
GENE_1559,Predicted function for GENE_1559 based on expression profile.,0,0,0,0,0,1,0,0,0,0
GENE_1560,Predicted function for GENE_1560 based on expression profile.,0,0,0,0,0,0,0,0,0,0
GENE_1561,Predicted function for GENE_1561 based on expression profile.,0,0,1,0,0,0,0,0,0,0
GENE_1562,Predicted function for GENE_1562 based on expression profile.,0,0,0,1,0,0,0,0,0,0
GENE_1563,Predicted function for GENE_1563 based on expression profile.,0,0,1,0,0,0,0,0,1,0
GENE_1564,Predicted function for GENE_1564 based on expression profile.,0,0,0,0,0,0,0,0,0,0
GENE_1565,Predicted function for GENE_1565 based on expression profile.,0,0,0,0,0,0,0,0,0,0
GENE_1566,Predicted function for GENE_1566 based on expression profile.,0,0,0,0,0,0,0,0,0,1
GENE_1567,Predicted function for GENE_1567 based on expression profile.,0,0,0,0,0,0,0,0,0,0
GENE_1568,Predicted function for GENE_1568 based on expression profile.,0,0,0,1,0,0,1,0,0,0
GENE_1569,Predicted function for GENE_1569 based on expression profile.,0,0,1,0,0,0,1,0,0,0
GENE_1570,Predicted function for GENE_1570 based on expression profile.,1,0,0,0,0,0,0,0,0,0
GENE_1571,Predicted function for GENE_1571 based on expression profile.,0,0,0,0,1,0,0,1,0,0
GENE_1572,Predicted function for GENE_1572 based on expression profile.,0,0,0,0,0,0,0,0,0,0
GENE_1573,Predicted function for GENE_1573 based on expression profile.,0,0,1,1,0,0,0,0,0,0
GENE_1574,Predicted function for GENE_1574 based on expression profile.,0,0,0,0,0,0,0,0,0,0
GENE_1575,Predicted function for GENE_1575 based on expression profile.,0,0,0,0,0,0,0,1,0,0
GENE_1576,Predicted function for GENE_1576 based on expression profile.,0,0,0,0,0,0,0,1,0,0
GENE_1577,Predicted function for GENE_1577 based on expression profile.,0,0,0,0,0,0,0,0,0,1
GENE_1578,Predicted function for GENE_1578 based on expression profile.,0,0,0,0,0,0,0,0,0,0
GENE_1579,Predicted function for GENE_1579 based on expression profile.,0,0,0,0,1,0,0,0,0,1
GENE_1580,Predicted function for GENE_1580 based on expression profile.,0,0,0,0,0,0,0,0,0,0
GENE_1581,Predicted function for GENE_1581 based on expression profile.,0,0,0,0,0,0,0,1,1,0
GENE_1582,Predicted function for GENE_1582 based on expression profile.,0,0,0,0,0,0,1,0,0,0
GENE_1583,Predicted function for GENE_1583 based on expression profile.,1,0,1,0,0,0,0,0,0,0
GENE_1584,Predicted function for GENE_1584 based on expression profile.,0,0,0,0,0,0,1,0,0,0
GENE_1585,Predicted function for GENE_1585 based on expression profile.,0,0,0,0,0,0,1,0,0,0
GENE_1586,Predicted function for GENE_1586 based on expression profile.,0,0,1,0,0,0,0,0,0,0
GENE_1587,Predicted function for GENE_1587 based on expression profile.,0,0,0,0,0,0,1,0,0,1
GENE_1588,Predicted function for GENE_1588 based on expression profile.,0,0,0,0,0,0,0,1,0,0
GENE_1589,Predicted function for GENE_1589 based on expression profile.,0,0,0,0,0,0,0,0,1,0
GENE_1590,Predicted function for GENE_1590 based on expression profile.,0,0,0,0,0,0,0,0,1,0
GENE_1591,Predicted function for GENE_1591 based on expression profile.,0,0,0,0,0,0,0,0,0,0
GENE_1592,Predicted function for GENE_1592 based on expression profile.,0,0,0,0,0,0,0,0,0,0
GENE_1593,Predicted function for GENE_1593 based on expression profile.,0,0,0,0,0,0,0,0,0,0
GENE_1594,Predicted function for GENE_1594 based on expression profile.,0,0,0,0,0,0,0,0,0,1
GENE_1595,Predicted function for GENE_1595 based on expression profile.,0,0,0,0,0,0,0,0,1,0
GENE_1596,Predicted function for GENE_1596 based on expression profile.,0,0,0,0,0,0,0,0,0,1
GENE_1597,Predicted function for GENE_1597 based on expression profile.,0,1,0,0,0,0,0,0,1,0
GENE_1598,Predicted function for GENE_1598 based on expression profile.,0,0,0,0,1,0,0,0,0,0
GENE_1599,Predicted function for GENE_1599 based on expression profile.,0,0,0,0,0,0,0,0,0,0
GENE_1600,Predicted function for GENE_1600 based on expression profile.,0,1,0,0,0,1,0,0,0,0
GENE_1601,Predicted function for GENE_1601 based on expression profile.,0,0,0,0,0,0,0,0,0,0
GENE_1602,Predicted function for GENE_1602 based on expression profile.,0,0,0,0,0,0,0,0,0,0
GENE_1603,Predicted function for GENE_1603 based on expression profile.,0,0,0,0,0,0,0,0,0,0
GENE_1604,Predicted function for GENE_1604 based on expression profile.,0,0,0,0,0,0,0,0,0,0
GENE_1605,Predicted function for GENE_1605 based on expression profile.,0,0,0,0,0,0,0,1,0,1
GENE_1606,Predicted function for GENE_1606 based on expression profile.,1,0,0,0,0,0,0,0,1,0
GENE_1607,Predicted function for GENE_1607 based on expression profile.,0,0,0,1,1,0,0,0,0,0
GENE_1608,Predicted function for GENE_1608 based on expression profile.,0,0,0,0,0,0,0,0,0,0
GENE_1609,Predicted function for GENE_1609 based on expression profile.,0,0,0,0,0,0,0,0,0,0
GENE_1610,Predicted function for GENE_1610 based on expression profile.,0,0,0,0,0,0,0,0,0,0
GENE_1611,Predicted function for GENE_1611 based on expression profile.,0,0,0,0,0,0,0,0,0,0
GENE_1612,Predicted function for GENE_1612 based on expression profile.,0,0,0,0,1,0,0,0,0,0
GENE_1613,Predicted function for GENE_1613 based on expression profile.,0,0,0,0,0,0,0,0,0,0
GENE_1614,Predicted function for GENE_1614 based on expression profile.,0,0,0,0,0,0,0,0,0,0
GENE_1615,Predicted function for GENE_1615 based on expression profile.,0,0,0,0,1,0,1,0,0,0
GENE_1616,Predicted function for GENE_1616 based on expression profile.,0,0,1,0,0,0,0,0,0,0
GENE_1617,Predicted function for GENE_1617 based on expression profile.,0,0,0,0,0,0,1,0,0,1
GENE_1618,Predicted function for GENE_1618 based on expression profile.,0,0,0,0,0,0,0,0,0,0
GENE_1619,Predicted function for GENE_1619 based on expression profile.,0,0,0,0,0,0,1,0,0,0
GENE_1620,Predicted function for GENE_1620 based on expression profile.,0,0,1,0,0,0,0,0,0,0
GENE_1621,Predicted function for GENE_1621 based on expression profile.,0,0,1,1,0,0,0,0,0,0
GENE_1622,Predicted function for GENE_1622 based on expression profile.,0,0,0,0,0,1,0,0,0,0
GENE_1623,Predicted function for GENE_1623 based on expression profile.,0,0,0,1,0,0,0,0,0,0
GENE_1624,Predicted function for GENE_1624 based on expression profile.,0,0,0,0,0,0,0,0,0,0
GENE_1625,Predicted function for GENE_1625 based on expression profile.,0,0,0,0,0,0,0,0,0,0
GENE_1626,Predicted function for GENE_1626 based on expression profile.,0,0,0,0,1,0,0,0,0,1
GENE_1627,Predicted function for GENE_1627 based on expression profile.,0,0,0,0,0,0,0,1,1,0
GENE_1628,Predicted function for GENE_1628 based on expression profile.,0,0,0,0,0,0,0,0,1,0
GENE_1629,Predicted function for GENE_1629 based on expression profile.,0,0,0,1,0,0,0,0,0,1
GENE_1630,Predicted function for GENE_1630 based on expression profile.,1,1,0,0,0,0,0,0,0,0
GENE_1631,Predicted function for GENE_1631 based on expression profile.,1,0,0,0,0,0,0,0,0,1
GENE_1632,Predicted function for GENE_1632 based on expression profile.,0,0,0,0,0,0,0,0,0,0
GENE_1633,Predicted function for GENE_1633 based on expression profile.,0,0,0,0,0,0,1,1,0,0
GENE_1634,Predicted function for GENE_1634 based on expression profile.,0,0,0,0,0,0,0,1,0,0
GENE_1635,Predicted function for GENE_1635 based on expression profile.,0,0,0,0,0,0,0,0,1,0
GENE_1636,Predicted function for GENE_1636 based on expression profile.,0,0,0,1,0,0,0,0,0,0
GENE_1637,Predicted function for GENE_1637 based on expression profile.,0,0,0,0,0,0,0,0,0,1
GENE_1638,Predicted function for GENE_1638 based on expression profile.,0,0,0,0,1,1,0,0,0,0
GENE_1639,Predicted function for GENE_1639 based on expression profile.,0,0,1,0,1,0,0,0,0,0
GENE_1640,Predicted function for GENE_1640 based on expression profile.,1,0,0,0,0,0,0,0,0,1
GENE_1641,Predicted function for GENE_1641 based on expression profile.,0,1,0,0,0,0,0,0,0,0
GENE_1642,Predicted function for GENE_1642 based on expression profile.,0,1,0,0,0,0,0,0,1,0
GENE_1643,Predicted function for GENE_1643 based on expression profile.,0,0,0,0,0,0,0,0,0,0
GENE_1644,Predicted function for GENE_1644 based on expression profile.,1,0,0,1,0,0,0,0,0,0
GENE_1645,Predicted function for GENE_1645 based on expression profile.,0,1,0,0,0,0,0,0,1,0
GENE_1646,Predicted function for GENE_1646 based on expression profile.,0,0,0,0,0,0,0,0,0,0
GENE_1647,Predicted function for GENE_1647 based on expression profile.,0,1,0,0,0,0,0,0,0,0
GENE_1648,Predicted function for GENE_1648 based on expression profile.,0,0,0,0,0,0,1,1,0,0
GENE_1649,Predicted function for GENE_1649 based on expression profile.,0,1,1,0,0,0,0,0,0,0
GENE_1650,Predicted function for GENE_1650 based on expression profile.,0,0,0,0,1,0,0,0,0,0
GENE_1651,Predicted function for GENE_1651 based on expression profile.,0,0,0,0,0,0,0,0,0,0
GENE_1652,Predicted function for GENE_1652 based on expression profile.,1,0,0,0,0,0,0,0,0,0
GENE_1653,Predicted function for GENE_1653 based on expression profile.,0,0,0,0,0,0,1,0,1,0
GENE_1654,Predicted function for GENE_1654 based on expression profile.,0,0,0,0,1,0,0,0,1,0
GENE_1655,Predicted function for GENE_1655 based on expression profile.,1,0,0,0,0,0,0,0,0,0
GENE_1656,Predicted function for GENE_1656 based on expression profile.,0,0,0,0,1,0,0,0,1,0
GENE_1657,Predicted function for GENE_1657 based on expression profile.,0,0,0,0,0,0,0,0,0,0
GENE_1658,Predicted function for GENE_1658 based on expression profile.,1,0,1,0,0,0,0,0,0,0
GENE_1659,Predicted function for GENE_1659 based on expression profile.,0,1,0,0,0,0,0,0,1,0
GENE_1660,Predicted function for GENE_1660 based on expression profile.,1,0,0,0,0,0,0,0,0,0
GENE_1661,Predicted function for GENE_1661 based on expression profile.,0,0,0,0,0,0,1,0,0,0
GENE_1662,Predicted function for GENE_1662 based on expression profile.,0,0,0,0,0,0,0,1,1,0
GENE_1663,Predicted function for GENE_1663 based on expression profile.,0,0,0,0,0,0,0,0,0,0
GENE_1664,Predicted function for GENE_1664 based on expression profile.,0,0,0,0,0,0,0,0,0,0
GENE_1665,Predicted function for GENE_1665 based on expression profile.,0,0,0,0,0,1,0,0,0,1
GENE_1666,Predicted function for GENE_1666 based on expression profile.,0,0,0,0,0,0,0,0,1,0
GENE_1667,Predicted function for GENE_1667 based on expression profile.,0,1,0,0,0,1,0,0,0,0
GENE_1668,Predicted function for GENE_1668 based on expression profile.,1,0,0,0,0,0,0,0,1,0
GENE_1669,Predicted function for GENE_1669 based on expression profile.,0,0,0,0,0,0,0,0,0,0
GENE_1670,Predicted function for GENE_1670 based on expression profile.,1,0,0,0,0,0,0,0,0,0
GENE_1671,Predicted function for GENE_1671 based on expression profile.,0,0,0,1,0,0,0,0,0,0
GENE_1672,Predicted function for GENE_1672 based on expression profile.,0,0,0,0,0,0,0,0,0,1
GENE_1673,Predicted function for GENE_1673 based on expression profile.,0,0,0,1,0,0,0,0,0,0
GENE_1674,Predicted function for GENE_1674 based on expression profile.,0,0,0,0,0,0,0,0,0,0
GENE_1675,Predicted function for GENE_1675 based on expression profile.,0,0,1,0,1,0,0,0,0,0
GENE_1676,Predicted function for GENE_1676 based on expression profile.,0,0,0,0,0,0,0,0,0,0
GENE_1677,Predicted function for GENE_1677 based on expression profile.,0,0,0,0,0,0,0,0,0,1
GENE_1678,Predicted function for GENE_1678 based on expression profile.,0,0,0,0,0,0,0,0,0,0
GENE_1679,Predicted function for GENE_1679 based on expression profile.,0,0,0,0,0,0,0,0,1,0
GENE_1680,Predicted function for GENE_1680 based on expression profile.,0,0,1,0,0,0,0,0,0,0
GENE_1681,Predicted function for GENE_1681 based on expression profile.,0,0,0,0,0,0,0,0,0,0
GENE_1682,Predicted function for GENE_1682 based on expression profile.,1,0,1,0,0,0,0,0,0,0
GENE_1683,Predicted function for GENE_1683 based on expression profile.,0,0,0,1,0,0,0,1,0,0
GENE_1684,Predicted function for GENE_1684 based on expression profile.,0,0,0,0,0,0,0,0,0,0
GENE_1685,Predicted function for GENE_1685 based on expression profile.,0,0,0,0,0,0,0,0,0,0
GENE_1686,Predicted function for GENE_1686 based on expression profile.,0,0,0,0,0,0,0,0,0,0
GENE_1687,Predicted function for GENE_1687 based on expression profile.,0,0,0,0,0,0,0,0,0,0
GENE_1688,Predicted function for GENE_1688 based on expression profile.,0,0,1,0,0,0,0,0,0,0
GENE_1689,Predicted function for GENE_1689 based on expression profile.,0,0,0,0,0,0,0,0,0,0
GENE_1690,Predicted function for GENE_1690 based on expression profile.,0,0,0,0,1,0,0,0,0,0
GENE_1691,Predicted function for GENE_1691 based on expression profile.,0,0,0,1,0,1,0,0,0,0
GENE_1692,Predicted function for GENE_1692 based on expression profile.,0,0,0,0,0,0,0,0,0,0
GENE_1693,Predicted function for GENE_1693 based on expression profile.,0,0,0,0,0,1,0,0,0,0
GENE_1694,Predicted function for GENE_1694 based on expression profile.,0,0,0,0,0,0,0,0,0,0
GENE_1695,Predicted function for GENE_1695 based on expression profile.,0,0,0,0,1,0,0,1,0,0
GENE_1696,Predicted function for GENE_1696 based on expression profile.,0,0,0,1,0,0,0,0,0,1
GENE_1697,Predicted function for GENE_1697 based on expression profile.,0,0,1,0,0,0,0,0,0,0
GENE_1698,Predicted function for GENE_1698 based on expression profile.,1,1,0,0,0,0,0,0,0,0
GENE_1699,Predicted function for GENE_1699 based on expression profile.,0,0,0,0,0,0,0,0,1,1
GENE_1700,Predicted function for GENE_1700 based on expression profile.,0,0,0,0,1,0,0,0,0,1
GENE_1701,Predicted function for GENE_1701 based on expression profile.,0,1,1,0,0,0,0,0,0,0
GENE_1702,Predicted function for GENE_1702 based on expression profile.,0,0,1,0,0,0,0,0,0,0
GENE_1703,Predicted function for GENE_1703 based on expression profile.,0,0,0,1,0,0,0,0,0,0
GENE_1704,Predicted function for GENE_1704 based on expression profile.,0,0,0,0,0,0,0,1,0,0
GENE_1705,Predicted function for GENE_1705 based on expression profile.,0,1,0,1,0,0,0,0,0,0
GENE_1706,Predicted function for GENE_1706 based on expression profile.,0,0,0,0,0,0,0,0,0,0
GENE_1707,Predicted function for GENE_1707 based on expression profile.,0,0,0,0,0,0,0,0,0,0
GENE_1708,Predicted function for GENE_1708 based on expression profile.,0,0,0,0,0,0,0,0,0,0
GENE_1709,Predicted function for GENE_1709 based on expression profile.,0,1,0,0,0,1,0,0,0,0
GENE_1710,Predicted function for GENE_1710 based on expression profile.,0,0,0,0,0,0,0,0,0,0
GENE_1711,Predicted function for GENE_1711 based on expression profile.,0,1,0,0,0,1,0,0,0,0
GENE_1712,Predicted function for GENE_1712 based on expression profile.,0,0,0,1,0,0,1,0,0,0
GENE_1713,Predicted function for GENE_1713 based on expression profile.,0,0,0,0,0,0,0,0,0,0
GENE_1714,Predicted function for GENE_1714 based on expression profile.,0,0,0,1,0,0,0,1,0,0
GENE_1715,Predicted function for GENE_1715 based on expression profile.,0,0,0,1,0,0,0,0,0,0
GENE_1716,Predicted function for GENE_1716 based on expression profile.,0,1,0,0,0,0,0,0,1,0
GENE_1717,Predicted function for GENE_1717 based on expression profile.,1,0,0,0,0,0,0,0,0,1
GENE_1718,Predicted function for GENE_1718 based on expression profile.,0,0,1,0,0,0,0,0,0,0
GENE_1719,Predicted function for GENE_1719 based on expression profile.,0,0,0,0,0,0,0,0,1,0
GENE_1720,Predicted function for GENE_1720 based on expression profile.,0,0,0,0,0,0,0,0,0,0
GENE_1721,Predicted function for GENE_1721 based on expression profile.,0,0,0,0,0,0,0,1,0,0
GENE_1722,Predicted function for GENE_1722 based on expression profile.,0,0,0,0,0,0,0,0,0,1
GENE_1723,Predicted function for GENE_1723 based on expression profile.,1,0,0,0,0,0,0,0,0,0
GENE_1724,Predicted function for GENE_1724 based on expression profile.,0,0,0,1,0,0,0,0,0,0
GENE_1725,Predicted function for GENE_1725 based on expression profile.,0,0,0,0,0,0,0,0,0,0
GENE_1726,Predicted function for GENE_1726 based on expression profile.,1,0,1,0,0,0,0,0,0,0
GENE_1727,Predicted function for GENE_1727 based on expression profile.,0,0,0,0,0,1,0,0,1,0
GENE_1728,Predicted function for GENE_1728 based on expression profile.,0,0,0,0,0,0,0,0,0,0
GENE_1729,Predicted function for GENE_1729 based on expression profile.,0,1,0,0,0,0,0,0,0,0
GENE_1730,Predicted function for GENE_1730 based on expression profile.,0,0,1,0,0,0,0,0,0,0
GENE_1731,Predicted function for GENE_1731 based on expression profile.,0,0,0,1,0,0,0,0,0,1
GENE_1732,Predicted function for GENE_1732 based on expression profile.,0,1,0,0,0,0,0,0,0,0
GENE_1733,Predicted function for GENE_1733 based on expression profile.,0,0,1,0,0,0,0,0,0,0
GENE_1734,Predicted function for GENE_1734 based on expression profile.,0,0,0,0,0,1,0,1,0,0
GENE_1735,Predicted function for GENE_1735 based on expression profile.,0,0,1,1,0,0,0,0,0,0
GENE_1736,Predicted function for GENE_1736 based on expression profile.,0,0,0,1,0,0,0,0,0,0
GENE_1737,Predicted function for GENE_1737 based on expression profile.,0,0,0,1,0,0,0,0,1,0
GENE_1738,Predicted function for GENE_1738 based on expression profile.,1,0,0,1,0,0,0,0,0,0
GENE_1739,Predicted function for GENE_1739 based on expression profile.,0,0,0,0,0,0,0,1,0,0
GENE_1740,Predicted function for GENE_1740 based on expression profile.,1,0,0,0,0,0,0,0,0,0
GENE_1741,Predicted function for GENE_1741 based on expression profile.,0,0,0,0,1,0,0,0,0,0
GENE_1742,Predicted function for GENE_1742 based on expression profile.,0,1,0,0,0,0,0,0,0,1
GENE_1743,Predicted function for GENE_1743 based on expression profile.,0,0,0,0,0,0,0,0,0,1
GENE_1744,Predicted function for GENE_1744 based on expression profile.,0,0,0,0,0,0,0,0,1,0
GENE_1745,Predicted function for GENE_1745 based on expression profile.,0,0,0,0,0,1,1,0,0,0
GENE_1746,Predicted function for GENE_1746 based on expression profile.,0,0,0,0,0,0,0,1,1,0
GENE_1747,Predicted function for GENE_1747 based on expression profile.,0,1,0,0,0,0,0,0,0,0
GENE_1748,Predicted function for GENE_1748 based on expression profile.,0,0,0,0,1,0,0,0,0,1
GENE_1749,Predicted function for GENE_1749 based on expression profile.,0,0,0,0,0,0,0,0,0,0
GENE_1750,Predicted function for GENE_1750 based on expression profile.,0,0,0,0,0,0,1,0,0,0
GENE_1751,Predicted function for GENE_1751 based on expression profile.,0,0,1,0,0,0,0,0,0,0
GENE_1752,Predicted function for GENE_1752 based on expression profile.,0,0,0,0,0,0,0,0,0,0
GENE_1753,Predicted function for GENE_1753 based on expression profile.,1,0,0,0,0,0,0,0,0,0
GENE_1754,Predicted function for GENE_1754 based on expression profile.,0,0,0,0,0,0,0,0,0,0
GENE_1755,Predicted function for GENE_1755 based on expression profile.,0,0,0,0,0,0,0,0,0,0
GENE_1756,Predicted function for GENE_1756 based on expression profile.,1,0,0,0,1,0,0,0,0,0
GENE_1757,Predicted function for GENE_1757 based on expression profile.,1,0,0,0,0,0,0,0,0,0
GENE_1758,Predicted function for GENE_1758 based on expression profile.,0,0,0,0,0,0,0,0,0,0
GENE_1759,Predicted function for GENE_1759 based on expression profile.,0,0,0,0,0,0,1,0,0,0
GENE_1760,Predicted function for GENE_1760 based on expression profile.,0,0,0,0,0,0,0,0,0,0
GENE_1761,Predicted function for GENE_1761 based on expression profile.,0,0,0,0,0,0,0,0,1,0
GENE_1762,Predicted function for GENE_1762 based on expression profile.,0,0,0,0,0,0,0,1,0,0
GENE_1763,Predicted function for GENE_1763 based on expression profile.,0,0,0,0,0,0,0,0,0,0
GENE_1764,Predicted function for GENE_1764 based on expression profile.,0,1,0,0,0,0,1,0,0,0
GENE_1765,Predicted function for GENE_1765 based on expression profile.,0,0,0,0,0,0,0,0,0,0
GENE_1766,Predicted function for GENE_1766 based on expression profile.,0,0,1,0,0,0,1,0,0,0
GENE_1767,Predicted function for GENE_1767 based on expression profile.,1,0,0,0,1,0,0,0,0,0
GENE_1768,Predicted function for GENE_1768 based on expression profile.,0,0,1,0,1,0,0,0,0,0
GENE_1769,Predicted function for GENE_1769 based on expression profile.,1,0,0,0,0,0,0,0,0,0
GENE_1770,Predicted function for GENE_1770 based on expression profile.,0,0,1,0,0,0,0,0,0,0
GENE_1771,Predicted function for GENE_1771 based on expression profile.,0,0,0,0,0,0,0,0,0,0
GENE_1772,Predicted function for GENE_1772 based on expression profile.,0,0,0,0,0,0,0,0,0,0
GENE_1773,Predicted function for GENE_1773 based on expression profile.,0,0,0,1,0,0,0,0,0,0
GENE_1774,Predicted function for GENE_1774 based on expression profile.,0,0,0,0,0,0,1,0,0,0
GENE_1775,Predicted function for GENE_1775 based on expression profile.,0,1,0,0,0,0,0,0,0,0
GENE_1776,Predicted function for GENE_1776 based on expression profile.,0,0,0,0,1,0,1,0,0,0
GENE_1777,Predicted function for GENE_1777 based on expression profile.,0,0,0,0,1,0,1,0,0,0
GENE_1778,Predicted function for GENE_1778 based on expression profile.,0,0,0,0,0,0,0,0,0,0
GENE_1779,Predicted function for GENE_1779 based on expression profile.,0,0,0,0,0,0,0,0,0,0
GENE_1780,Predicted function for GENE_1780 based on expression profile.,0,0,0,0,0,0,0,0,0,0
GENE_1781,Predicted function for GENE_1781 based on expression profile.,0,0,0,0,0,0,0,0,0,0
GENE_1782,Predicted function for GENE_1782 based on expression profile.,1,0,0,0,0,0,0,0,0,0
GENE_1783,Predicted function for GENE_1783 based on expression profile.,0,0,0,0,0,0,0,0,0,0
GENE_1784,Predicted function for GENE_1784 based on expression profile.,1,0,0,0,0,0,0,1,0,0
GENE_1785,Predicted function for GENE_1785 based on expression profile.,0,0,0,1,0,1,0,0,0,0
GENE_1786,Predicted function for GENE_1786 based on expression profile.,0,0,0,0,0,0,0,0,0,0
GENE_1787,Predicted function for GENE_1787 based on expression profile.,0,0,0,0,0,0,0,0,0,1
GENE_1788,Predicted function for GENE_1788 based on expression profile.,0,0,0,0,1,0,0,0,0,0
GENE_1789,Predicted function for GENE_1789 based on expression profile.,0,0,0,0,0,0,0,0,0,0
GENE_1790,Predicted function for GENE_1790 based on expression profile.,0,1,0,0,0,0,0,1,0,0
GENE_1791,Predicted function for GENE_1791 based on expression profile.,0,0,0,0,0,0,0,0,0,0
GENE_1792,Predicted function for GENE_1792 based on expression profile.,0,0,0,0,0,0,0,0,0,0
GENE_1793,Predicted function for GENE_1793 based on expression profile.,0,0,0,0,0,0,1,0,0,0
GENE_1794,Predicted function for GENE_1794 based on expression profile.,1,0,0,0,0,0,0,0,0,0
GENE_1795,Predicted function for GENE_1795 based on expression profile.,0,0,0,0,0,0,0,0,0,0
GENE_1796,Predicted function for GENE_1796 based on expression profile.,0,0,0,0,0,0,0,0,0,0
GENE_1797,Predicted function for GENE_1797 based on expression profile.,0,0,0,0,0,0,0,0,0,1
GENE_1798,Predicted function for GENE_1798 based on expression profile.,0,1,0,0,0,0,0,0,1,0
GENE_1799,Predicted function for GENE_1799 based on expression profile.,0,0,0,0,0,0,0,0,0,0
GENE_1800,Predicted function for GENE_1800 based on expression profile.,0,0,0,0,0,1,0,0,0,0
GENE_1801,Predicted function for GENE_1801 based on expression profile.,1,0,0,1,0,0,0,0,0,0
GENE_1802,Predicted function for GENE_1802 based on expression profile.,0,0,0,0,0,0,1,0,0,0
GENE_1803,Predicted function for GENE_1803 based on expression profile.,0,0,0,0,0,0,0,0,0,0
GENE_1804,Predicted function for GENE_1804 based on expression profile.,0,0,0,0,1,0,0,0,0,0
GENE_1805,Predicted function for GENE_1805 based on expression profile.,0,0,1,0,0,0,0,0,1,0
GENE_1806,Predicted function for GENE_1806 based on expression profile.,0,0,0,0,0,0,0,0,0,0
GENE_1807,Predicted function for GENE_1807 based on expression profile.,0,0,0,0,1,0,0,1,0,0
GENE_1808,Predicted function for GENE_1808 based on expression profile.,0,0,0,1,0,0,0,0,0,0
GENE_1809,Predicted function for GENE_1809 based on expression profile.,0,0,0,0,1,0,1,0,0,0
GENE_1810,Predicted function for GENE_1810 based on expression profile.,0,1,0,0,0,0,0,0,0,0
GENE_1811,Predicted function for GENE_1811 based on expression profile.,0,0,0,0,0,0,0,0,0,0
GENE_1812,Predicted function for GENE_1812 based on expression profile.,0,0,0,0,1,0,1,0,0,0
GENE_1813,Predicted function for GENE_1813 based on expression profile.,0,0,1,0,1,0,0,0,0,0
GENE_1814,Predicted function for GENE_1814 based on expression profile.,0,0,0,0,0,1,0,0,0,0
GENE_1815,Predicted function for GENE_1815 based on expression profile.,0,0,0,0,0,0,0,0,0,0
GENE_1816,Predicted function for GENE_1816 based on expression profile.,0,0,0,0,0,0,0,0,0,0
GENE_1817,Predicted function for GENE_1817 based on expression profile.,0,0,0,0,0,0,0,0,0,0
GENE_1818,Predicted function for GENE_1818 based on expression profile.,0,0,0,0,0,0,0,0,0,0
GENE_1819,Predicted function for GENE_1819 based on expression profile.,0,0,0,0,1,0,0,0,0,1
GENE_1820,Predicted function for GENE_1820 based on expression profile.,0,0,0,0,0,0,0,0,0,1
GENE_1821,Predicted function for GENE_1821 based on expression profile.,0,0,0,1,1,0,0,0,0,0
GENE_1822,Predicted function for GENE_1822 based on expression profile.,0,0,0,0,0,0,0,0,0,0
GENE_1823,Predicted function for GENE_1823 based on expression profile.,0,0,0,0,0,0,0,0,0,0
GENE_1824,Predicted function for GENE_1824 based on expression profile.,0,0,0,0,0,0,0,1,0,1
GENE_1825,Predicted function for GENE_1825 based on expression profile.,0,0,1,1,0,0,0,0,0,0
GENE_1826,Predicted function for GENE_1826 based on expression profile.,0,0,0,0,0,0,0,0,0,0
GENE_1827,Predicted function for GENE_1827 based on expression profile.,1,0,0,0,0,0,0,0,0,1
GENE_1828,Predicted function for GENE_1828 based on expression profile.,0,0,0,0,0,0,0,1,0,0
GENE_1829,Predicted function for GENE_1829 based on expression profile.,0,0,0,0,0,0,0,0,0,0
GENE_1830,Predicted function for GENE_1830 based on expression profile.,0,1,0,0,0,0,0,0,0,0
GENE_1831,Predicted function for GENE_1831 based on expression profile.,0,0,0,0,0,0,0,0,0,0
GENE_1832,Predicted function for GENE_1832 based on expression profile.,0,0,0,0,0,0,0,0,0,0
GENE_1833,Predicted function for GENE_1833 based on expression profile.,0,0,0,0,0,0,1,0,1,0
GENE_1834,Predicted function for GENE_1834 based on expression profile.,1,0,0,0,0,0,0,0,1,0
GENE_1835,Predicted function for GENE_1835 based on expression profile.,0,1,0,0,0,0,0,0,0,1
GENE_1836,Predicted function for GENE_1836 based on expression profile.,1,0,1,0,0,0,0,0,0,0
GENE_1837,Predicted function for GENE_1837 based on expression profile.,0,0,0,0,0,0,0,0,0,0
GENE_1838,Predicted function for GENE_1838 based on expression profile.,1,0,0,1,0,0,0,0,0,0
GENE_1839,Predicted function for GENE_1839 based on expression profile.,0,0,0,0,0,0,0,0,1,1
GENE_1840,Predicted function for GENE_1840 based on expression profile.,0,0,0,0,0,0,0,1,0,1
GENE_1841,Predicted function for GENE_1841 based on expression profile.,0,0,0,0,0,0,0,0,0,1
GENE_1842,Predicted function for GENE_1842 based on expression profile.,0,0,0,0,0,0,0,0,0,0
GENE_1843,Predicted function for GENE_1843 based on expression profile.,0,0,0,0,0,0,0,1,0,0
GENE_1844,Predicted function for GENE_1844 based on expression profile.,0,0,0,0,0,1,0,1,0,0
GENE_1845,Predicted function for GENE_1845 based on expression profile.,0,1,1,0,0,0,0,0,0,0
GENE_1846,Predicted function for GENE_1846 based on expression profile.,0,0,0,1,0,0,0,0,0,0
GENE_1847,Predicted function for GENE_1847 based on expression profile.,0,0,0,0,0,0,0,0,0,0
GENE_1848,Predicted function for GENE_1848 based on expression profile.,1,0,0,0,0,0,0,1,0,0
GENE_1849,Predicted function for GENE_1849 based on expression profile.,1,0,1,0,0,0,0,0,0,0
GENE_1850,Predicted function for GENE_1850 based on expression profile.,0,0,0,0,0,1,0,0,0,0
GENE_1851,Predicted function for GENE_1851 based on expression profile.,0,0,0,0,0,0,0,0,0,0
GENE_1852,Predicted function for GENE_1852 based on expression profile.,0,0,1,0,0,0,0,0,0,1
GENE_1853,Predicted function for GENE_1853 based on expression profile.,0,0,0,0,0,0,0,0,0,0
GENE_1854,Predicted function for GENE_1854 based on expression profile.,0,0,0,0,1,0,0,0,0,0
GENE_1855,Predicted function for GENE_1855 based on expression profile.,0,0,0,0,0,0,0,0,0,1
GENE_1856,Predicted function for GENE_1856 based on expression profile.,0,0,0,1,0,0,0,0,0,0
GENE_1857,Predicted function for GENE_1857 based on expression profile.,0,1,0,0,0,0,0,0,0,0
GENE_1858,Predicted function for GENE_1858 based on expression profile.,0,0,1,0,0,0,0,0,0,1
GENE_1859,Predicted function for GENE_1859 based on expression profile.,0,0,0,0,0,1,0,0,0,0
GENE_1860,Predicted function for GENE_1860 based on expression profile.,0,0,0,0,0,0,0,1,1,0
GENE_1861,Predicted function for GENE_1861 based on expression profile.,0,1,1,0,0,0,0,0,0,0
GENE_1862,Predicted function for GENE_1862 based on expression profile.,0,0,1,0,0,0,0,0,0,0
GENE_1863,Predicted function for GENE_1863 based on expression profile.,0,0,1,1,0,0,0,0,0,0
GENE_1864,Predicted function for GENE_1864 based on expression profile.,0,0,0,0,1,0,0,0,0,0
GENE_1865,Predicted function for GENE_1865 based on expression profile.,0,1,0,1,0,0,0,0,0,0
GENE_1866,Predicted function for GENE_1866 based on expression profile.,0,1,0,0,0,0,0,0,1,0
GENE_1867,Predicted function for GENE_1867 based on expression profile.,0,0,0,0,0,0,0,0,0,0
GENE_1868,Predicted function for GENE_1868 based on expression profile.,0,0,0,0,0,0,0,0,0,0
GENE_1869,Predicted function for GENE_1869 based on expression profile.,0,1,0,0,1,0,0,0,0,0
GENE_1870,Predicted function for GENE_1870 based on expression profile.,0,0,0,0,1,0,0,0,0,1
GENE_1871,Predicted function for GENE_1871 based on expression profile.,1,0,1,0,0,0,0,0,0,0
GENE_1872,Predicted function for GENE_1872 based on expression profile.,0,0,0,0,0,0,0,0,1,1
GENE_1873,Predicted function for GENE_1873 based on expression profile.,0,0,0,0,0,0,0,1,0,0
GENE_1874,Predicted function for GENE_1874 based on expression profile.,1,0,0,0,0,0,0,0,0,0
GENE_1875,Predicted function for GENE_1875 based on expression profile.,0,0,0,0,0,0,0,0,0,0
GENE_1876,Predicted function for GENE_1876 based on expression profile.,0,1,0,0,0,0,0,1,0,0
GENE_1877,Predicted function for GENE_1877 based on expression profile.,0,0,0,1,0,0,0,0,0,0
GENE_1878,Predicted function for GENE_1878 based on expression profile.,0,0,0,0,0,1,0,0,1,0
GENE_1879,Predicted function for GENE_1879 based on expression profile.,0,0,0,0,0,0,0,0,0,0
GENE_1880,Predicted function for GENE_1880 based on expression profile.,0,0,0,0,1,0,0,0,0,1
GENE_1881,Predicted function for GENE_1881 based on expression profile.,0,0,0,0,0,0,0,0,0,0
GENE_1882,Predicted function for GENE_1882 based on expression profile.,0,0,0,0,0,0,0,0,0,0
GENE_1883,Predicted function for GENE_1883 based on expression profile.,0,1,0,0,0,0,0,0,0,0
GENE_1884,Predicted function for GENE_1884 based on expression profile.,0,0,0,0,0,0,0,0,0,0
GENE_1885,Predicted function for GENE_1885 based on expression profile.,0,0,0,0,0,0,0,0,1,0
GENE_1886,Predicted function for GENE_1886 based on expression profile.,0,0,0,0,0,0,0,0,0,0
GENE_1887,Predicted function for GENE_1887 based on expression profile.,0,0,0,0,0,0,0,0,0,1
GENE_1888,Predicted function for GENE_1888 based on expression profile.,0,1,0,0,0,0,0,0,0,0
GENE_1889,Predicted function for GENE_1889 based on expression profile.,0,0,0,0,0,0,0,0,0,0
GENE_1890,Predicted function for GENE_1890 based on expression profile.,0,1,0,1,0,0,0,0,0,0
GENE_1891,Predicted function for GENE_1891 based on expression profile.,1,0,0,0,0,0,1,0,0,0
GENE_1892,Predicted function for GENE_1892 based on expression profile.,0,0,0,0,0,0,0,0,0,0
GENE_1893,Predicted function for GENE_1893 based on expression profile.,0,0,0,0,0,0,0,0,0,0
GENE_1894,Predicted function for GENE_1894 based on expression profile.,0,0,0,1,0,0,0,0,0,0
GENE_1895,Predicted function for GENE_1895 based on expression profile.,1,0,0,0,0,0,0,1,0,0
GENE_1896,Predicted function for GENE_1896 based on expression profile.,0,0,0,0,0,0,0,0,0,0
GENE_1897,Predicted function for GENE_1897 based on expression profile.,0,0,0,0,0,1,0,0,0,0
GENE_1898,Predicted function for GENE_1898 based on expression profile.,0,0,0,0,0,0,0,0,0,0
GENE_1899,Predicted function for GENE_1899 based on expression profile.,0,0,0,0,0,0,0,0,0,0
GENE_1900,Predicted function for GENE_1900 based on expression profile.,0,0,0,1,0,0,0,1,0,0
GENE_1901,Predicted function for GENE_1901 based on expression profile.,0,0,0,0,0,0,0,0,0,0
GENE_1902,Predicted function for GENE_1902 based on expression profile.,0,0,0,0,1,1,0,0,0,0
GENE_1903,Predicted function for GENE_1903 based on expression profile.,0,0,0,0,1,1,0,0,0,0
GENE_1904,Predicted function for GENE_1904 based on expression profile.,0,0,0,0,0,0,0,0,0,1
GENE_1905,Predicted function for GENE_1905 based on expression profile.,0,0,0,1,0,0,0,0,0,0
GENE_1906,Predicted function for GENE_1906 based on expression profile.,0,0,0,0,0,1,0,1,0,0
GENE_1907,Predicted function for GENE_1907 based on expression profile.,0,1,0,0,0,1,0,0,0,0
GENE_1908,Predicted function for GENE_1908 based on expression profile.,0,0,0,0,0,1,0,1,0,0
GENE_1909,Predicted function for GENE_1909 based on expression profile.,0,0,0,0,0,0,0,0,0,0
GENE_1910,Predicted function for GENE_1910 based on expression profile.,0,0,0,1,0,0,0,0,1,0
GENE_1911,Predicted function for GENE_1911 based on expression profile.,0,0,0,0,0,0,0,0,0,1
GENE_1912,Predicted function for GENE_1912 based on expression profile.,1,1,0,0,0,0,0,0,0,0
GENE_1913,Predicted function for GENE_1913 based on expression profile.,0,1,1,0,0,0,0,0,0,0
GENE_1914,Predicted function for GENE_1914 based on expression profile.,0,0,0,0,0,0,0,0,0,0
GENE_1915,Predicted function for GENE_1915 based on expression profile.,0,0,0,0,0,0,0,0,0,0
GENE_1916,Predicted function for GENE_1916 based on expression profile.,0,0,0,0,1,0,0,0,1,0
GENE_1917,Predicted function for GENE_1917 based on expression profile.,0,0,0,0,1,0,0,0,0,0
GENE_1918,Predicted function for GENE_1918 based on expression profile.,0,0,0,0,0,0,0,0,0,1
GENE_1919,Predicted function for GENE_1919 based on expression profile.,0,0,0,0,0,0,0,0,0,0
GENE_1920,Predicted function for GENE_1920 based on expression profile.,1,0,0,0,0,0,0,0,0,0
GENE_1921,Predicted function for GENE_1921 based on expression profile.,1,0,0,0,0,1,0,0,0,0
GENE_1922,Predicted function for GENE_1922 based on expression profile.,1,0,0,0,0,0,0,0,0,0
GENE_1923,Predicted function for GENE_1923 based on expression profile.,1,0,0,1,0,0,0,0,0,0
GENE_1924,Predicted function for GENE_1924 based on expression profile.,0,0,0,0,0,0,1,0,0,0
GENE_1925,Predicted function for GENE_1925 based on expression profile.,0,0,0,0,0,0,0,0,0,0
GENE_1926,Predicted function for GENE_1926 based on expression profile.,0,0,0,1,1,0,0,0,0,0
GENE_1927,Predicted function for GENE_1927 based on expression profile.,1,0,0,0,0,0,0,0,0,0
GENE_1928,Predicted function for GENE_1928 based on expression profile.,0,0,0,0,0,0,1,0,0,0
GENE_1929,Predicted function for GENE_1929 based on expression profile.,0,0,0,0,0,0,0,0,0,0
GENE_1930,Predicted function for GENE_1930 based on expression profile.,0,0,0,0,0,0,0,0,0,0
GENE_1931,Predicted function for GENE_1931 based on expression profile.,0,0,0,0,0,0,0,0,0,0
GENE_1932,Predicted function for GENE_1932 based on expression profile.,1,0,0,0,0,1,0,0,0,0
GENE_1933,Predicted function for GENE_1933 based on expression profile.,0,0,1,0,0,0,0,0,0,0
GENE_1934,Predicted function for GENE_1934 based on expression profile.,1,0,0,0,0,1,0,0,0,0
GENE_1935,Predicted function for GENE_1935 based on expression profile.,0,0,0,0,0,0,0,0,0,0
GENE_1936,Predicted function for GENE_1936 based on expression profile.,0,0,0,1,0,0,0,0,0,0
GENE_1937,Predicted function for GENE_1937 based on expression profile.,0,0,0,0,0,0,1,0,1,0
GENE_1938,Predicted function for GENE_1938 based on expression profile.,0,0,0,0,0,0,0,0,0,0
GENE_1939,Predicted function for GENE_1939 based on expression profile.,0,0,0,0,0,0,0,0,0,0
GENE_1940,Predicted function for GENE_1940 based on expression profile.,0,0,0,1,0,1,0,0,0,0
GENE_1941,Predicted function for GENE_1941 based on expression profile.,0,0,0,0,0,0,1,0,0,0
GENE_1942,Predicted function for GENE_1942 based on expression profile.,0,0,1,0,0,0,1,0,0,0
GENE_1943,Predicted function for GENE_1943 based on expression profile.,0,0,0,0,0,0,0,0,0,0
GENE_1944,Predicted function for GENE_1944 based on expression profile.,1,0,0,0,0,0,0,0,1,0
GENE_1945,Predicted function for GENE_1945 based on expression profile.,0,0,0,0,0,0,1,0,0,0
GENE_1946,Predicted function for GENE_1946 based on expression profile.,1,0,0,0,0,0,0,1,0,0
GENE_1947,Predicted function for GENE_1947 based on expression profile.,0,0,0,0,0,0,0,0,0,0
GENE_1948,Predicted function for GENE_1948 based on expression profile.,1,0,0,0,0,0,0,0,0,0
GENE_1949,Predicted function for GENE_1949 based on expression profile.,0,0,0,0,0,1,0,0,0,0
GENE_1950,Predicted function for GENE_1950 based on expression profile.,1,0,0,0,0,0,0,0,0,0
GENE_1951,Predicted function for GENE_1951 based on expression profile.,1,0,1,0,0,0,0,0,0,0
GENE_1952,Predicted function for GENE_1952 based on expression profile.,0,0,0,1,0,0,0,0,1,0
GENE_1953,Predicted function for GENE_1953 based on expression profile.,1,0,0,0,0,0,0,1,0,0
GENE_1954,Predicted function for GENE_1954 based on expression profile.,1,0,0,0,0,0,0,0,1,0
GENE_1955,Predicted function for GENE_1955 based on expression profile.,0,1,0,0,0,0,0,0,0,1
GENE_1956,Predicted function for GENE_1956 based on expression profile.,0,0,0,0,0,0,0,0,1,0
GENE_1957,Predicted function for GENE_1957 based on expression profile.,0,0,0,0,0,0,0,0,0,0
GENE_1958,Predicted function for GENE_1958 based on expression profile.,0,0,0,0,0,0,0,0,0,1
GENE_1959,Predicted function for GENE_1959 based on expression profile.,0,0,0,0,0,0,0,0,0,0
GENE_1960,Predicted function for GENE_1960 based on expression profile.,0,0,0,0,0,0,0,0,0,0
GENE_1961,Predicted function for GENE_1961 based on expression profile.,0,0,0,0,0,0,0,0,0,0
GENE_1962,Predicted function for GENE_1962 based on expression profile.,0,1,0,0,0,0,0,0,0,0
GENE_1963,Predicted function for GENE_1963 based on expression profile.,0,0,0,0,0,0,0,0,0,0
GENE_1964,Predicted function for GENE_1964 based on expression profile.,0,0,0,1,1,0,0,0,0,0
GENE_1965,Predicted function for GENE_1965 based on expression profile.,0,0,0,0,1,0,0,0,0,1
GENE_1966,Predicted function for GENE_1966 based on expression profile.,0,0,0,0,0,0,0,0,0,0
GENE_1967,Predicted function for GENE_1967 based on expression profile.,0,0,0,0,0,0,0,1,0,0
GENE_1968,Predicted function for GENE_1968 based on expression profile.,0,0,0,0,0,0,0,0,1,0
GENE_1969,Predicted function for GENE_1969 based on expression profile.,0,0,0,1,0,0,0,0,1,0
GENE_1970,Predicted function for GENE_1970 based on expression profile.,0,0,0,0,0,0,0,0,0,0
GENE_1971,Predicted function for GENE_1971 based on expression profile.,1,0,0,1,0,0,0,0,0,0
GENE_1972,Predicted function for GENE_1972 based on expression profile.,0,0,0,0,0,0,0,0,1,0
GENE_1973,Predicted function for GENE_1973 based on expression profile.,0,0,0,0,0,0,0,0,0,0
GENE_1974,Predicted function for GENE_1974 based on expression profile.,0,1,0,0,0,0,0,0,0,0
GENE_1975,Predicted function for GENE_1975 based on expression profile.,0,0,0,0,0,0,0,0,0,0
GENE_1976,Predicted function for GENE_1976 based on expression profile.,0,0,0,0,0,0,0,0,0,0
GENE_1977,Predicted function for GENE_1977 based on expression profile.,0,1,0,0,0,0,1,0,0,0
GENE_1978,Predicted function for GENE_1978 based on expression profile.,0,0,0,0,0,0,0,0,1,0
GENE_1979,Predicted function for GENE_1979 based on expression profile.,1,0,0,0,0,0,0,1,0,0
GENE_1980,Predicted function for GENE_1980 based on expression profile.,0,1,0,0,0,0,1,0,0,0
GENE_1981,Predicted function for GENE_1981 based on expression profile.,0,0,0,0,1,0,0,0,0,0
GENE_1982,Predicted function for GENE_1982 based on expression profile.,0,0,0,0,0,0,1,0,0,0
GENE_1983,Predicted function for GENE_1983 based on expression profile.,0,0,0,0,0,0,0,1,0,0
GENE_1984,Predicted function for GENE_1984 based on expression profile.,0,0,1,0,0,0,1,0,0,0
GENE_1985,Predicted function for GENE_1985 based on expression profile.,0,0,0,0,0,0,0,1,0,0
GENE_1986,Predicted function for GENE_1986 based on expression profile.,0,0,0,0,0,0,0,0,0,0
GENE_1987,Predicted function for GENE_1987 based on expression profile.,0,0,0,0,0,0,0,1,0,0
GENE_1988,Predicted function for GENE_1988 based on expression profile.,0,0,0,0,0,1,1,0,0,0
GENE_1989,Predicted function for GENE_1989 based on expression profile.,1,0,0,1,0,0,0,0,0,0
GENE_1990,Predicted function for GENE_1990 based on expression profile.,0,0,0,0,0,0,0,0,0,1
GENE_1991,Predicted function for GENE_1991 based on expression profile.,0,0,0,0,0,0,0,0,1,0
GENE_1992,Predicted function for GENE_1992 based on expression profile.,0,0,0,0,0,1,0,0,1,0
GENE_1993,Predicted function for GENE_1993 based on expression profile.,0,0,0,0,0,0,0,1,0,0
GENE_1994,Predicted function for GENE_1994 based on expression profile.,0,0,0,0,0,1,0,0,0,0
GENE_1995,Predicted function for GENE_1995 based on expression profile.,0,0,0,0,0,0,0,0,0,1
GENE_1996,Predicted function for GENE_1996 based on expression profile.,0,0,0,0,0,0,0,0,0,0
GENE_1997,Predicted function for GENE_1997 based on expression profile.,0,0,0,0,0,0,0,0,0,0
GENE_1998,Predicted function for GENE_1998 based on expression profile.,1,0,0,0,0,0,0,0,0,0
GENE_1999,Predicted function for GENE_1999 based on expression profile.,0,0,0,0,0,1,0,0,0,0
