gene,baseMean,log2FoldChange,lfcSE,stat,pvalue,padj,is_de
TP53,637.1949289249931,-1.4844815319310316,0.3486022568218403,-4.2583818747039945,2.0605149091412756e-05,0.0020605149091412756,1
BCL2,84.77696278672269,-0.26635108444817457,0.23001592193639503,-1.1579680319774868,0.24687719885314463,1.0,0
CDKN1A,1243.4894681793526,0.1736039293800428,0.26613272249093994,0.652320871162143,0.5141940731379897,1.0,0
MYC,1653.826668234096,0.10074176611800206,0.2537348032214746,0.397035664161801,0.6913412622327963,1.0,0
BRCA1,21.616290430234194,-0.561916619044131,0.3035395197322745,-1.8512140347976707,0.06413864635033084,1.0,0
VEGFA,57.210116218004394,0.4490713018254955,0.3126927768492706,1.43614222992418,0.1509619667976987,1.0,0
IL6,488.7057669260701,-0.037677830140333324,0.23207915576698357,-0.1623490486072059,0.8710309791195316,1.0,0
SOD2,251.0459804716105,-0.44437243808628824,0.15953014024092782,-2.785507725469193,0.0053445148545239185,0.5344514854523919,0
EGFR,393.38873231540475,0.47551364574154964,0.08615606684524175,5.519212554069968,3.4137513704735056e-08,3.4137513704735056e-06,1
PTEN,112.21695644598506,0.2502702286384616,0.2458888777873664,1.0178184181835341,0.30876429083868784,1.0,0
GENE_0010,1508.840814218245,1.6866203565438198,0.30287658498171727,5.568671994388838,2.573570956343474e-08,2.573570956343474e-06,1
GENE_0011,1295.5465133544826,0.7108731361030898,0.20164574748814806,3.5253564479204904,0.00042299823853708673,0.042299823853708673,1
GENE_0012,445.4326452386602,0.26351894734647713,0.12447065793253335,2.1171170115394737,0.03424979729897615,1.0,0
GENE_0013,2188.259614840413,-0.0040784462500184524,0.15778215969262305,-0.02584858933331698,0.9793780092485489,1.0,0
GENE_0014,813.4333662750178,2.6698096751463405,0.21769701096820343,12.263878421078964,0.0,1e-300,1
GENE_0015,111.17008275827158,0.06371911353185623,0.30590392912396996,0.20829779373652166,0.8349965159531871,1.0,0
GENE_0016,701.4335546687488,-0.011233230041612793,0.12637334943847356,-0.08888923251244386,0.9291698143988736,1.0,0
GENE_0017,95.74382151846643,-0.2641200464087956,0.2452804664415688,-1.076808317598804,0.28156598322747417,1.0,0
GENE_0018,1506.6975051383945,0.23274017572283145,0.28340952576664724,0.8212150776980738,0.41152365992361606,1.0,0
GENE_0019,374.3200325518642,0.19064118692959198,0.33273283049040225,0.5729557454508267,0.5666745837884768,1.0,0
GENE_0020,305.7312520199264,0.005872055955884515,0.11150999675329204,0.05265945768858753,0.9580031060489507,1.0,0
GENE_0021,145.27168565157513,-0.3159945415470412,0.3301257412244305,-0.9571944931498618,0.3384690821416876,1.0,0
GENE_0022,2524.534600307243,0.051971941666429544,0.24239623449710945,0.21440903062811112,0.8302281701677019,1.0,0
GENE_0023,319.9631320769493,-0.027919514304855154,0.2870094286067172,-0.09727734186430739,0.9225060316928915,1.0,0
GENE_0024,212.19555245672092,-0.5333897274936804,0.09451917158350998,-5.643190884533067,1.673882010777561e-08,1.673882010777561e-06,1
GENE_0025,237.88792853675912,-0.5887249405296743,0.21666000202296065,-2.717275616323884,0.006582280212635849,0.6582280212635849,0
GENE_0026,896.4690580918332,1.5694679774030118,0.24811001200181426,6.325693851449797,2.5321478247519735e-10,2.5321478247519735e-08,1
GENE_0027,697.9630026416073,-1.0407553260206757,0.16284513676566684,-6.391074039369786,1.6548495906931748e-10,1.6548495906931748e-08,1
GENE_0028,749.2696389968891,0.08216421078450399,0.1965455561873382,0.4180415593125333,0.6759168145172847,1.0,0
GENE_0029,769.8775717752877,-0.1912332231015298,0.22966049652549148,-0.8326779136798722,0.40502630054719746,1.0,0
GENE_0030,10021.333015863058,-2.069735657948118,0.22918794373870455,-9.030735317856895,0.0,1e-300,1
GENE_0031,219.28614506351414,-0.1973872836615503,0.09130261185984628,-2.1619018299777544,0.030625635307991006,1.0,0
GENE_0032,187.0986291443989,0.2637936857007584,0.19866007697630092,1.327864610322423,0.18422296901953938,1.0,0
GENE_0033,119.02587514019548,-2.4475402744754446,0.13773090179390232,-17.77045123931515,0.0,1e-300,1
GENE_0034,1016.3460127227268,2.7396969205706885,0.3275076710830444,8.365290838870147,0.0,1e-300,1
GENE_0035,2193.9490959426125,0.2947346123680205,0.3436765973333002,0.857592907561828,0.3911172045186577,1.0,0
GENE_0036,340.04528962467253,-0.18502228652983208,0.16090466201505865,-1.1498876677203815,0.2501902540492056,1.0,0
GENE_0037,114.40734535764648,0.3986219537993616,0.12730005725778587,3.131357223132602,0.0017401378865411488,0.17401378865411488,0
GENE_0038,117.129267633068,-0.3974791508425933,0.13926612075605263,-2.8540979578144707,0.00431605107643751,0.43160510764375104,0
GENE_0039,1070.5086429385701,2.8720675011708616,0.2089931089452975,13.742402874740744,0.0,1e-300,1
GENE_0040,1230.1375320680809,0.36905588911514114,0.3161165117605581,1.1674679283905356,0.2430215727719458,1.0,0
GENE_0041,911.1717444220765,0.264014996716134,0.21500977803316268,1.2279208840232971,0.21947680385431978,1.0,0
GENE_0042,148.670944717849,0.7665779506941641,0.09495585666313036,8.072992837226568,6.661338147750939e-16,6.661338147750939e-14,1
GENE_0043,571.4871421748621,-0.30537572692426423,0.09076911273254888,-3.364313230912079,0.0007674521962308667,0.07674521962308667,0
GENE_0044,480.59682344093045,-0.5516597005394351,0.1413955553181691,-3.901534947814217,9.562286544140264e-05,0.009562286544140264,1
GENE_0045,560.0538249505752,-0.3977340433980478,0.30754824495454575,-1.2932411415868463,0.1959278067856003,1.0,0
GENE_0046,1490.9118131749576,0.2641770266193748,0.24779975053448883,1.066090769056713,0.28638267965291897,1.0,0
GENE_0047,564.1912688435659,0.19916917370775145,0.2319986205222987,0.8584929223258385,0.3906202493567892,1.0,0
GENE_0048,1116.964865919227,0.040902663858966314,0.16612178999731336,0.24622094343931533,0.8055113105749598,1.0,0
GENE_0049,446.4683906677654,-0.449182819642852,0.33094485936247053,-1.35727389906631,0.1746943214476806,1.0,0
GENE_0050,622.4598311818977,0.30674691733162435,0.16941812613977575,1.8105908991021873,0.07020409355538915,1.0,0
GENE_0051,1039.9546014781945,-0.48988191106021617,0.3054349914162956,-1.6038827404438636,0.10873989876954271,1.0,0
GENE_0052,45.3434743168252,1.2770109875815983,0.3218939498534887,3.967179215896524,7.276058782013095e-05,0.007276058782013095,1
GENE_0053,249.758181428365,-1.5521970871238504,0.2105004535683569,-7.373842007517563,1.6697754290362354e-13,1.6697754290362354e-11,1
GENE_0054,199.22623107026294,0.1465804586286202,0.32145810275980047,0.4559861996639353,0.6483999465408568,1.0,0
GENE_0055,154.73024217328143,0.23324325426309725,0.1547368875955827,1.5073539211457918,0.13172001835053537,1.0,0
GENE_0056,267.0101367832655,-3.2732532891006763,0.25777702506948447,-12.69800242367745,0.0,1e-300,1
GENE_0057,3798.6915856291052,-0.7240853284347266,0.10375021210158429,-6.979121427971227,2.9893865161056965e-12,2.9893865161056965e-10,1
GENE_0058,110.08505854266804,3.1973225823693032,0.20796223780494633,15.374534416042218,0.0,1e-300,1
GENE_0059,1724.025999260059,-0.43715809643949977,0.13867958658275392,-3.1522887197146026,0.0016200927109062402,0.16200927109062402,0
GENE_0060,32.320294401745066,-0.5788018305660063,0.09694608504126277,-5.970347645494433,2.375794672104803e-09,2.375794672104803e-07,1
GENE_0061,244.1230630770887,-2.657319251401547,0.0810058871809576,-32.80402627361403,0.0,1e-300,1
GENE_0062,514.9807893101032,0.1091450072103092,0.16768307143901826,0.6509005725721231,0.5151105468408377,1.0,0
GENE_0063,971.9783174281231,2.2063436281137365,0.23917326052492593,9.224875821282696,0.0,1e-300,1
GENE_0064,1172.4371197711423,-0.12360894607849982,0.20291219386581247,-0.6091745583325734,0.5424086396488166,1.0,0
GENE_0065,1326.130858860315,-0.06914843297737454,0.16147771060026395,-0.4282227727921572,0.6684890109328427,1.0,0
GENE_0066,239.1072967650264,0.3858202728957334,0.3476240083095878,1.1098780972346671,0.2670516539590404,1.0,0
GENE_0067,201.63765731748634,-0.012934847478086176,0.333671760794513,-0.03876518482501106,0.9690774803037243,1.0,0
GENE_0068,1461.1277117888521,1.3968714504869082,0.11392639284612416,12.261175093760817,0.0,1e-300,1
GENE_0069,302.79121623680936,-0.07840171913800635,0.1920790052004936,-0.40817432939206455,0.6831457846979123,1.0,0
GENE_0070,59.52941231249089,-0.1368611562928189,0.2551886721782749,-0.5363136032825455,0.59174178993127,1.0,0
GENE_0071,73.70489235359717,-0.5627656662407449,0.2780425153330829,-2.0240273886408198,0.04296719714486086,1.0,0
GENE_0072,101.57745094531867,-0.7910996249468513,0.1789204818255624,-4.421515171852319,9.809320689058154e-06,0.0009809320689058154,1
GENE_0073,850.429159910523,-0.10462476042656073,0.2814960894385438,-0.37167393918416186,0.7101357498358345,1.0,0
GENE_0074,499.5154877457165,0.022598676797293077,0.11352050348588313,0.1990713228302704,0.842207001545416,1.0,0
GENE_0075,1136.5220344585898,-0.5144520146835164,0.16958940881958026,-3.03351499521307,0.0024173653898937886,0.24173653898937886,0
GENE_0076,212.53804985894172,-0.013789946013853152,0.27343695745409435,-0.05043190263031017,0.9597780793387889,1.0,0
GENE_0077,511.73634263594585,0.021501025196200813,0.24893435337030123,0.08637227005875342,0.9311703610299649,1.0,0
GENE_0078,1031.1042465189344,-0.8624032024237517,0.3060467580126468,-2.8178805357190373,0.004834303083853353,0.4834303083853353,0
GENE_0079,253.65629729629043,-0.3660498637918005,0.09265139612013187,-3.9508294437050893,7.79145046703178e-05,0.00779145046703178,1
GENE_0080,800.4410244539984,1.4741159538703115,0.12708576381222308,11.599379109436736,0.0,1e-300,1
GENE_0081,149.47229955419462,1.3074269315801315,0.09309353721343094,14.044228747938307,0.0,1e-300,1
GENE_0082,234.02295998829652,-1.7423468445443069,0.13187084054728704,-13.212525508393387,0.0,1e-300,1
GENE_0083,227.55527115209583,-1.8591148143244107,0.08115635887089245,-22.907814497715236,0.0,1e-300,1
GENE_0084,67.10379042761895,0.40896289014418885,0.2161367814532939,1.8921485153722608,0.05847106537721247,1.0,0
GENE_0085,837.5313712263289,0.3108291835963593,0.22264488680342898,1.3960760027280006,0.1626917200314435,1.0,0
GENE_0086,199.5164102214049,-0.038114314805573826,0.25763078097961856,-0.1479416188572168,0.8823888043557875,1.0,0
GENE_0087,411.0608175369467,-0.18719052532971697,0.1839263607442817,-1.017747127558151,0.3087981778236859,1.0,0
GENE_0088,829.7462974636077,-0.2517377937338018,0.08086607648499969,-3.113020993178741,0.001851963834487158,0.1851963834487158,0
GENE_0089,788.235390410155,2.7278300363438217,0.261950611690062,10.413528026311194,0.0,1e-300,1
GENE_0090,1094.5270853752913,0.07804158925715521,0.0946585936919364,0.8244532927579641,0.409681936471199,1.0,0
GENE_0091,348.02411496005874,0.25176160244088014,0.3138660163207908,0.8021308117141422,0.42247717439257926,1.0,0
GENE_0092,213.80246584291558,-1.2047997104633192,0.08611657668114309,-13.990334461670882,0.0,1e-300,1
GENE_0093,357.960513789572,0.3275055801389768,0.22322828327929073,1.4671329964457065,0.14233995715811187,1.0,0
GENE_0094,32.10456876265921,0.03783701318308007,0.3216278282440906,0.11764222452282552,0.9063510575359992,1.0,0
GENE_0095,46.031746113790085,0.3138754864526746,0.2345721854629706,1.3380763189513907,0.1808716884712558,1.0,0
GENE_0096,55.47600480834409,0.3483291081466556,0.24427252156686108,1.4259856405965525,0.15387258494427547,1.0,0
GENE_0097,90.38964899709981,-0.32181065208992543,0.26403492905109954,-1.218818484533326,0.22291322758825327,1.0,0
GENE_0098,734.8462841172543,-0.7232576187482984,0.11305038888722609,-6.39765706131084,1.5851031598401732e-10,1.5851031598401732e-08,1
GENE_0099,103.7289676339898,0.6173971424058213,0.26223031721885104,2.3544079454800673,0.018552204658800697,1.0,0
GENE_0100,228.77893064894957,0.10266349228490468,0.3176958181434601,0.32315027904630933,0.7465815713637896,1.0,0
GENE_0101,2832.2945202766523,-0.6857943581984487,0.3430396248655354,-1.9991695083833718,0.045589878340658974,1.0,0
GENE_0102,236.4186190950576,2.2167748353587373,0.1996240398267537,11.104748893382752,0.0,1e-300,1
GENE_0103,1219.594069814949,0.3087497169479314,0.17301630995293765,1.7845122059990457,0.07434037455793208,1.0,0
GENE_0104,99.44189263792558,-0.1118707324531572,0.28339359621100557,-0.3947539180450003,0.6930246094453261,1.0,0
GENE_0105,296.43965201385254,-0.20482456772765084,0.22657605778573492,-0.9039991680027653,0.3659957871237143,1.0,0
GENE_0106,97.02482927293806,0.5603527441251867,0.14947225670285824,3.748874583723813,0.00017768463539291623,0.017768463539291623,1
GENE_0107,242.6088282870997,-0.4189148585535242,0.1264826289418198,-3.3120347201687204,0.0009263157728529592,0.09263157728529592,0
GENE_0108,1422.914064915869,-0.31926134310193355,0.1259621811600408,-2.5345809366090384,0.011258235151046181,1.0,0
GENE_0109,30.23557965544471,0.08455459001930703,0.20397779988366105,0.4145283950877636,0.6784872620238569,1.0,0
GENE_0110,774.0492215633171,0.1561819728215529,0.12593358951622552,1.240193132122468,0.21490410436753948,1.0,0
GENE_0111,576.2856186450989,0.19853721373629263,0.08532411488310115,2.3268593410936615,0.01997270725074518,1.0,0
GENE_0112,165.4675439389189,-1.6891635844679156,0.0940639692418163,-17.957604788348597,0.0,1e-300,1
GENE_0113,46.10462260566518,0.07943144827260674,0.3310688268673007,0.23992427503434058,0.8103890620753349,1.0,0
GENE_0114,449.52625500951797,0.19575357557536366,0.09969956211323665,1.9634346573461465,0.04959555186934672,1.0,0
GENE_0115,182.31955358398577,-0.10368370372603329,0.09975878645685908,-1.0393440759313122,0.29864479220706674,1.0,0
GENE_0116,571.9286907184031,0.025079321294685698,0.20182088029405376,0.12426524578698217,0.901105185020302,1.0,0
GENE_0117,416.8715823123781,0.04301367202145377,0.14617707623045878,0.2942573016964684,0.7685614325468026,1.0,0
GENE_0118,4458.948866059217,0.08603925432761445,0.3399273400865744,0.2531107215609711,0.8001827666491548,1.0,0
GENE_0119,281.7349002586676,0.3090159230331043,0.3259661766644071,0.9479999618219481,0.3431294524125066,1.0,0
GENE_0120,86.89962883315253,0.22205827277793244,0.18928067714124208,1.1731692644581548,0.24072805673180997,1.0,0
GENE_0121,527.9034739127588,-3.013965264238667,0.20115751024238998,-14.983110800123303,0.0,1e-300,1
GENE_0122,561.1538026432685,-2.492093336376116,0.18128068633040395,-13.74715303004757,0.0,1e-300,1
GENE_0123,3098.8345335385084,0.02706850322508382,0.09022385149364462,0.3000149381451592,0.7641658977448718,1.0,0
GENE_0124,1411.8650910013023,1.611341439379515,0.15906864659877135,10.129849431886479,0.0,1e-300,1
GENE_0125,689.0450053724153,0.07727263192527935,0.11312183679523571,0.6830920900369768,0.4945485182183491,1.0,0
GENE_0126,3622.6255675697325,1.7281581667858537,0.10763998910408314,16.054982736153946,0.0,1e-300,1
GENE_0127,67.81988347301257,-0.20950911141649417,0.23143262469282472,-0.9052704288972692,0.3653220839151228,1.0,0
GENE_0128,154.52759686544522,-2.7113785609468524,0.1066665115826618,-25.419210966186466,0.0,1e-300,1
GENE_0129,100.49782524298502,0.4273848268977193,0.10779145742472117,3.9649229828457795,7.345212409104462e-05,0.007345212409104462,1
GENE_0130,224.81667566355313,2.007098349983421,0.2097387030012241,9.569518268508158,0.0,1e-300,1
GENE_0131,51.160654952204744,-1.0581511003044195,0.19941623858311244,-5.306243402356647,1.1214211070864621e-07,1.1214211070864621e-05,1
GENE_0132,1045.9976732767757,-1.5625590742116309,0.11716139198573973,-13.336808719392966,0.0,1e-300,1
GENE_0133,289.0691562162329,0.12963568892801883,0.081201236698393,1.5964743173743356,0.11038293668194243,1.0,0
GENE_0134,44.42447508642152,-0.3195222979571928,0.13210309927731784,-2.418734304533118,0.015574606390984513,1.0,0
GENE_0135,87.93794349755025,1.8591682882021423,0.143690908629151,12.938663315160968,0.0,1e-300,1
GENE_0136,645.6585290170549,0.09957356415866317,0.2960670797743942,0.3363209588669538,0.7366289815911276,1.0,0
GENE_0137,1418.2653960877572,0.3385216249230919,0.327168354642348,1.0347016149931585,0.3008083274683224,1.0,0
GENE_0138,8063.446403037939,0.12763793360942968,0.1896049873217518,0.6731781447965469,0.500833830830556,1.0,0
GENE_0139,31913.796869332848,0.5036459397338944,0.189357216155264,2.659766287020868,0.00781957641545139,0.781957641545139,0
GENE_0140,751.1565984352192,-0.0379861242370687,0.272369946615164,-0.13946518222416046,0.8890825145522658,1.0,0
GENE_0141,91.44089615897026,-0.13286741193560214,0.24926894424026602,-0.5330283414990258,0.594013924182232,1.0,0
GENE_0142,16.47642512466051,1.0815940429117548,0.12971785040722045,8.338050927581131,0.0,1e-300,1
GENE_0143,602.7889849936257,0.1576950597768123,0.10907606301988257,1.445734796534299,0.1482516891479273,1.0,0
GENE_0144,119.17444654586626,1.61481912647284,0.19815521047686369,8.149264016761164,4.440892098500626e-16,4.440892098500626e-14,1
GENE_0145,216.36441870638774,-0.2777055048992276,0.23250365805394596,-1.1944134867538032,0.23231639200276755,1.0,0
GENE_0146,161.07253659989482,-0.3770719658125362,0.11745105285287849,-3.210460499531358,0.0013253520964253696,0.13253520964253696,0
GENE_0147,326.6253091620249,0.3746277423427152,0.15918384322028,2.353428179418322,0.01860116686756852,1.0,0
GENE_0148,1996.139503937732,-0.14575091715729674,0.1626046090362552,-0.8963516964319217,0.3700648957185022,1.0,0
GENE_0149,510.59302849933295,-1.1238373551671894,0.15055051427652427,-7.46485231596736,8.393286066166183e-14,8.393286066166183e-12,1
GENE_0150,317.9988430105542,-0.025403469775307486,0.20440554189878357,-0.12427975063360386,0.901093700872853,1.0,0
GENE_0151,85.32942643182498,0.29259696317637385,0.2563271677663294,1.141498053936711,0.2536628309814477,1.0,0
GENE_0152,32.71964241190982,3.1496251421638353,0.21753526857631794,14.478687353903037,0.0,1e-300,1
GENE_0153,194.52061290516707,-0.43022891445720624,0.13439327180678293,-3.201268253039824,0.001368369097500377,0.1368369097500377,0
GENE_0154,372.1608576222045,0.08971892287263772,0.10779354270279794,0.8323218684815424,0.40522718648792044,1.0,0
GENE_0155,5720.97697932183,-3.3529340233129634,0.3019050249826491,-11.105923207159805,0.0,1e-300,1
GENE_0156,490.49337986619355,0.1330129252390563,0.2094122643338021,0.6351725657625972,0.5253157560840507,1.0,0
GENE_0157,1761.8316666291798,-0.32378149163893105,0.09677757971614684,-3.345625015510796,0.0008210841751334907,0.08210841751334907,0
GENE_0158,190.76772760781262,-3.1700432360813053,0.14969280490538064,-21.176991359638553,0.0,1e-300,1
GENE_0159,68.209534039153,-0.2975443708382537,0.29708912016372174,-1.0015323707387234,0.31656951931862487,1.0,0
GENE_0160,94.85267103925763,-0.20861545791455335,0.28296610768885844,-0.73724538821427,0.46097299857729634,1.0,0
GENE_0161,135.93283496514633,-0.3775814098888009,0.31647049088229195,-1.1931014763371368,0.23282976129616362,1.0,0
GENE_0162,9825.188267621445,0.5204633394608124,0.24256371302045682,2.1456768326139475,0.03189865737844966,1.0,0
GENE_0163,117.67422262695129,0.25336861641093966,0.19418460227667483,1.3047822198072083,0.19196715026181055,1.0,0
GENE_0164,1419.0370767470863,0.24199735027154934,0.19519144933970167,1.23979483266395,0.21505142626722673,1.0,0
GENE_0165,104.12678392460444,0.49888456845698015,0.1323800120130948,3.7685792656343873,0.00016423175642632515,0.016423175642632515,1
GENE_0166,1631.6703428400629,1.1250596992954893,0.2557157196098281,4.399650131060027,1.0851383587251462e-05,0.0010851383587251462,1
GENE_0167,718.6873687316762,-0.6836904415640622,0.23796856414507056,-2.8730283935623966,0.004065706949957004,0.4065706949957004,0
GENE_0168,318.95280767335953,1.5640949640758977,0.12181339108578568,12.840090487049997,0.0,1e-300,1
GENE_0169,379.5006124987561,-2.7594245194151243,0.3191289884122512,-8.646737274303947,0.0,1e-300,1
GENE_0170,151.08135353354444,-0.34032784895307716,0.1794864148938612,-1.8961203785497032,0.05794399734502487,1.0,0
GENE_0171,787.6929071981871,-0.4310332990414851,0.0934294666906885,-4.61346205120149,3.964332989880859e-06,0.0003964332989880859,1
GENE_0172,203.87861240090564,-0.11986122562214625,0.16852784861054163,-0.7112250385343659,0.47694465634373984,1.0,0
GENE_0173,64.17356426677215,-0.48664148611576197,0.31486131297212544,-1.545574086324299,0.12220749607666503,1.0,0
GENE_0174,59.32872787461201,0.13401694701496528,0.3275782781826818,0.40911426654555993,0.682455897742845,1.0,0
GENE_0175,522.6342437012295,0.020679328571445856,0.21240757266010102,0.09735683296252975,0.922442906692087,1.0,0
GENE_0176,4309.757360372157,1.0110023047588763,0.3382117838198228,2.989258071792887,0.0027966965182932846,0.27966965182932846,0
GENE_0177,512.8520594080502,0.20309138065530102,0.3163152884872335,0.6420536346079833,0.5208382380424617,1.0,0
GENE_0178,337.66102607808335,0.2412027413706706,0.3028122936167908,0.7965421036568379,0.4257168920561871,1.0,0
GENE_0179,619.3925312360325,-0.14936357472955294,0.3121217174641956,-0.4785427170625731,0.6322639984372294,1.0,0
GENE_0180,2861.2177862072576,0.8484573610534669,0.18310636128558233,4.633685881235814,3.5959869446600123e-06,0.00035959869446600123,1
GENE_0181,560.6370643496534,1.1754002487130246,0.28424661400399676,4.135142481227578,3.549370079491965e-05,0.0035493700794919647,1
GENE_0182,217.806957351086,-0.744993901049918,0.2358815308305603,-3.158339266439076,0.0015868399515244214,0.15868399515244214,0
GENE_0183,2120.55487113941,-0.400950298306487,0.2743146804698828,-1.4616436044169632,0.14383897927080946,1.0,0
GENE_0184,767.4970667979499,-0.6962011956111263,0.12800224904680915,-5.438976274210091,5.371331601722318e-08,5.371331601722318e-06,1
GENE_0185,4038.5216993696445,1.0186410785595075,0.2774763561792343,3.6710914493252247,0.00024158148842090554,0.024158148842090554,1
GENE_0186,531.0475981009649,-0.04872208962133345,0.33854995723242637,-0.14391403271654835,0.8855683093095073,1.0,0
GENE_0187,64.28307982820908,-0.18737027915978313,0.16171909704298598,-1.1586156649760349,0.24661299740322096,1.0,0
GENE_0188,51.819224053001975,0.8043704449602057,0.3462635574680193,2.3230005803729346,0.020179074014340603,1.0,0
GENE_0189,4800.099367992806,0.21959314963076434,0.18216152399745017,1.205485905101662,0.22801590692769236,1.0,0
GENE_0190,5353.461184999153,0.29043934457853376,0.13392534419567886,2.16866603048764,0.030107941616769995,1.0,0
GENE_0191,308.1914497845878,-0.3724293951768413,0.11031728204606436,-3.3759841456330366,0.0007356281295665124,0.07356281295665124,0
GENE_0192,227.06107139867746,-1.7212315078548692,0.291939716587808,-5.895845649138208,3.7400891272909575e-09,3.7400891272909575e-07,1
GENE_0193,3612.540120440486,0.0147221996387819,0.22980285810167345,0.06406447578762595,0.9489187485556068,1.0,0
GENE_0194,76.66394172720265,0.06920285586089034,0.16292544928874778,0.4247516650283667,0.6710177927101628,1.0,0
GENE_0195,105.41547759368036,-0.7425246268457828,0.24428159984431463,-3.0396256914929656,0.0023688617079693497,0.23688617079693497,0
GENE_0196,1058.904531675127,-0.07212280913981363,0.16966732071707125,-0.4250836804341481,0.6707757500917215,1.0,0
GENE_0197,223.2053758821516,0.005628833149401923,0.20105659447868385,0.027996262266337626,0.9776650302899221,1.0,0
GENE_0198,400.34120656946294,-0.08605966630845158,0.31291931395333455,-0.2750219065138485,0.7832995357082475,1.0,0
GENE_0199,315.7136564195426,-0.3253561649386706,0.26040494875197445,-1.24942389343207,0.21151021083425947,1.0,0
GENE_0200,669.3866351749525,-0.21581407276845602,0.2858484967202734,-0.7549946046406817,0.45025208470169376,1.0,0
GENE_0201,3331.6494543355725,-0.07074367742911841,0.23754325889678557,-0.29781387086154737,0.7658453633668585,1.0,0
GENE_0202,462.14438335965326,0.036320009444019107,0.3476774731991176,0.10446466119827773,0.9168005025915287,1.0,0
GENE_0203,1059.8770501087834,0.2419166330202272,0.14518071789854103,1.6663137951231903,0.09565089026478857,1.0,0
GENE_0204,18.62941621648544,0.4323424819803485,0.15081861339407998,2.866638754002224,0.004148693046150953,0.4148693046150953,0
GENE_0205,374.9986391778737,-0.11773908941089993,0.10499091345934988,-1.1214217071888402,0.2621085005848416,1.0,0
GENE_0206,113.88106275029844,-0.18246247844614316,0.2295852655590918,-0.794748208260691,0.4267598613407757,1.0,0
GENE_0207,64.83077473464641,0.1750622694137225,0.2456069938302593,0.7127739592574845,0.4759855032779563,1.0,0
GENE_0208,108.06916616663153,1.7148123720923567,0.2760096246826813,6.212871649181861,5.223967924905537e-10,5.223967924905537e-08,1
GENE_0209,244.40210469665033,-0.17368017330355423,0.17057040000630047,-1.0182316116813872,0.3085679336086913,1.0,0
GENE_0210,1593.7640324365073,2.3740845267331174,0.08330933650355735,28.497220436172157,0.0,1e-300,1
GENE_0211,55.16953635913357,0.39183413646238924,0.2507019750138464,1.5629479442303877,0.11806486127300886,1.0,0
GENE_0212,422.39767955179406,1.376860415690234,0.3496477829805033,3.9378496953518765,8.224990650074204e-05,0.008224990650074204,1
GENE_0213,195.1455811462222,0.711328362687929,0.15952832552329796,4.458947088892026,8.24354391237847e-06,0.000824354391237847,1
GENE_0214,246.77829894803338,-0.34656645546377557,0.12966230216663532,-2.6728389799711114,0.0075213254933097495,0.752132549330975,0
GENE_0215,1815.5373036478568,0.0055592837330044765,0.15607707861311537,0.035618835144812365,0.9715861724230062,1.0,0
GENE_0216,904.310844213095,0.004511078647464055,0.19486217818980273,0.023150098645977894,0.9815304535815024,1.0,0
GENE_0217,2999.1888902112223,-0.03922942741300304,0.14774649081719246,-0.265518505353483,0.7906101780651342,1.0,0
GENE_0218,319.97455631762705,-0.25970516784405445,0.17367920684923305,-1.495315257107885,0.13483224718181908,1.0,0
GENE_0219,142.03678629883905,-0.5942248012924286,0.2523158194164279,-2.355083413583776,0.01851851495526935,1.0,0
GENE_0220,288.3605983888196,0.03707177841160152,0.17315755644750597,0.21409275559302615,0.8304747947801379,1.0,0
GENE_0221,580.4160575086239,-0.307342263819165,0.18693591509158675,-1.6441049525907678,0.10015449779068186,1.0,0
GENE_0222,525.7679931015341,0.03439739229905,0.09080844095580126,0.3787906932109105,0.7048434135828794,1.0,0
GENE_0223,79.31425648798162,-0.31761741667954135,0.3278444754381748,-0.9688051514518747,0.33264241115511073,1.0,0
GENE_0224,462.0784456474692,-0.4398633383377366,0.1898592091770105,-2.316786950943428,0.020515290296840627,1.0,0
GENE_0225,568.1255853262029,0.09371934415075908,0.16859874932939445,0.5558721195947776,0.5782982194049588,1.0,0
GENE_0226,17609.80373430888,1.504220033201134,0.10335073298625382,14.554517319206658,0.0,1e-300,1
GENE_0227,6736.305558628478,0.23171278852837318,0.25122946815669955,0.9223153248242629,0.3563640812878679,1.0,0
GENE_0228,112.18339350547816,0.8743455065670501,0.3132327365712138,2.7913605587271264,0.005248816065624773,0.5248816065624773,0
GENE_0229,262.15212307171157,0.11091581248433874,0.09111136401414809,1.2173652944885707,0.22346539470949955,1.0,0
GENE_0230,44.91792777025051,0.19403270682565185,0.11922356618882958,1.627469409179872,0.10363742306683732,1.0,0
GENE_0231,166.32429701670128,-0.43102453154693016,0.11952525379927598,-3.6061377645829444,0.00031086158971938005,0.031086158971938005,1
GENE_0232,647.6869678867723,-0.5147629762145498,0.24261421094390406,-2.1217346428794746,0.03385990792054794,1.0,0
GENE_0233,2462.125871953084,0.6331317787093336,0.32873223573395954,1.9259802048184962,0.0541067101497994,1.0,0
GENE_0234,135.1485093932071,-0.3693919119733215,0.19819745910768757,-1.8637570513586554,0.06235570524278078,1.0,0
GENE_0235,151.22674603961295,-0.41757762858745684,0.17282774101233966,-2.4161493180521427,0.015685621118357584,1.0,0
GENE_0236,16.103980144658347,-0.01563956848662119,0.2867769851111066,-0.054535647205308055,0.9565082712676154,1.0,0
GENE_0237,316.08182476023654,1.334722673437954,0.2804936466740259,4.758477381803569,1.9529975980869807e-06,0.00019529975980869807,1
GENE_0238,81.97205382881214,-1.6894051887376729,0.1466241576048466,-11.52201121789654,0.0,1e-300,1
GENE_0239,182.3341256093109,3.3049108355080232,0.12342311782312923,26.77708109954009,0.0,1e-300,1
GENE_0240,108.27874049463782,1.8581542952009589,0.1766087087521462,10.521306159418812,0.0,1e-300,1
GENE_0241,350.23563423188716,-0.32239744353271904,0.2894129159011904,-1.1139704754669277,0.26529194921963173,1.0,0
GENE_0242,28.887454859403814,1.9871022317515807,0.2676671152770441,7.423781698752443,1.1457501614131615e-13,1.1457501614131615e-11,1
GENE_0243,44.6758073233234,0.3770374483599169,0.25978050071617537,1.4513693187921417,0.14667713410394123,1.0,0
GENE_0244,9836.651801247262,0.1969187647752147,0.303945711244065,0.6478747930649074,0.517065811677577,1.0,0
GENE_0245,58.490604124923664,-0.24820744825946464,0.1548251843321763,-1.6031464734247458,0.1089023170119563,1.0,0
GENE_0246,77.85293765028527,-0.6328668064507672,0.1717146058767677,-3.68557353184591,0.00022825087889821738,0.022825087889821738,1
GENE_0247,6344.669512363184,-0.2978493425754253,0.09143165166447752,-3.2576174350259928,0.0011236396616234323,0.11236396616234323,0
GENE_0248,31495.525082862267,-0.021881774739708523,0.31456135946695396,-0.06956281844912136,0.9445414931761373,1.0,0
GENE_0249,69.59203052004789,-2.638728421397421,0.23725602842898807,-11.121860375350613,0.0,1e-300,1
GENE_0250,232.20638455544963,-0.4146327899478628,0.16049301880859718,-2.583494241842076,0.009780572004044252,0.9780572004044252,0
GENE_0251,673.3958381879248,-0.033807952604589374,0.0987424634913287,-0.3423851442349147,0.7320612000179993,1.0,0
GENE_0252,5394.0213759719545,0.2700578639579592,0.2753205658538641,0.9808851842230404,0.32664936930309585,1.0,0
GENE_0253,91.80937185667766,1.2881769195143624,0.28215913027824646,4.565427027805368,4.9897479217353435e-06,0.0004989747921735344,1
GENE_0254,279.24324031546973,0.41351446717555995,0.2598682360710561,1.5912466772679836,0.11155407646144555,1.0,0
GENE_0255,1294.6638486328993,2.6397886549347014,0.13502086215561698,19.550968737647658,0.0,1e-300,1
GENE_0256,774.4469112719952,-1.7334379319799913,0.3265683357973233,-5.30804043737972,1.1104272945594573e-07,1.1104272945594573e-05,1
GENE_0257,229.46852936658388,0.09867325984429763,0.28335266513563656,0.34823480413379654,0.7276639827345806,1.0,0
GENE_0258,330.0570615253775,0.433834556585538,0.25759420736767197,1.684178231408414,0.09214717865822619,1.0,0
GENE_0259,51.29823198973114,0.22036975235741615,0.2557548593238826,0.8616444392884224,0.3888831230641714,1.0,0
GENE_0260,282.234809998332,-0.9509161966919925,0.32417657902474306,-2.933327878135863,0.0033536316467683847,0.33536316467683847,0
GENE_0261,270.5396762518799,-0.31391169886239656,0.3306429259362234,-0.9493978979696844,0.34241825894576383,1.0,0
GENE_0262,571.4944857399855,0.05528205174131204,0.2408221028627648,0.2295555560895303,0.8184372348297262,1.0,0
GENE_0263,175.3894924223251,-0.07799195444791479,0.19250074095988806,-0.4051514506334612,0.6853662833063419,1.0,0
GENE_0264,818.3644569889875,0.1910442919027082,0.17820817448104237,1.0720287801558246,0.28370717704275195,1.0,0
GENE_0265,1842.859511732276,0.3157466222678822,0.30115128709179506,1.0484651263391023,0.29442441716923606,1.0,0
GENE_0266,509.35437455425995,0.24338069457187164,0.25404344175527005,0.9580278588979666,0.3380486974996679,1.0,0
GENE_0267,683.7788951078455,-0.0857099770217861,0.10086182816848649,-0.8497761599027364,0.3954494531901367,1.0,0
GENE_0268,436.9125328351254,-0.7385348044481922,0.11839022351405734,-6.23814013122883,4.446614187969544e-10,4.446614187969544e-08,1
GENE_0269,403.47986662990434,-0.18219249954192693,0.3230501916783085,-0.5639758286333201,0.5727705154179574,1.0,0
GENE_0270,136.68280503569605,0.1665472592555821,0.3188144999882152,0.5223954972616942,0.6013949638668872,1.0,0
GENE_0271,648.5514856502849,-0.4361789010201911,0.33699476114831656,-1.2943195304695614,0.19555520934070358,1.0,0
GENE_0272,348.65053995911717,0.25250989204863056,0.1955197611786474,1.2914801579463417,0.19653736763704255,1.0,0
GENE_0273,9318.458186821103,0.3633573189069218,0.2916964450629909,1.2456693424167578,0.2128859500729834,1.0,0
GENE_0274,4272.8330061713905,0.050746790518337026,0.30362075737486677,0.1671387389883962,0.8672608811482236,1.0,0
GENE_0275,719.653487523078,-1.2255119465249584,0.16523816457631213,-7.41663979182593,1.212363542890671e-13,1.212363542890671e-11,1
GENE_0276,128.43387564343797,-0.5112353450847213,0.1192411820313284,-4.287405880884372,1.8089913574659278e-05,0.0018089913574659278,1
GENE_0277,76.04937436352684,0.7544756634224328,0.34919711764257666,2.160601062562842,0.030726060263953858,1.0,0
GENE_0278,2408.3916285197224,-0.2186151172113512,0.08815918501286447,-2.47977697592656,0.013146479363129515,1.0,0
GENE_0279,598.3188690789193,-0.7936572892515984,0.24128069805208957,-3.2893525908162675,0.0010042996005208416,0.10042996005208416,0
GENE_0280,828.9958135208798,0.49409895532410897,0.2555573140290614,1.9334173909337657,0.053184664352881494,1.0,0
GENE_0281,29.46258105959426,0.005342236617469142,0.26408312233180503,0.020229375396269865,0.9838603129338837,1.0,0
GENE_0282,1621.582368762528,0.4419761955830902,0.14901949087165423,2.9658952194632735,0.0030181707102030497,0.301817071020305,0
GENE_0283,797.6185752626108,0.11078347008774612,0.2748263959606897,0.4031034562764206,0.6868722140116441,1.0,0
GENE_0284,76.27566685812015,-2.227704566236451,0.1384278820859417,-16.092889182927763,0.0,1e-300,1
GENE_0285,198.88221972453206,3.036938371295479,0.3038403290529542,9.995178654398416,0.0,1e-300,1
GENE_0286,599.1882404149916,0.2789953247684,0.13916150200285132,2.004831226690005,0.04498095508573274,1.0,0
GENE_0287,436.4615121110928,2.2683099489826737,0.2681106278505409,8.460350740915612,0.0,1e-300,1
GENE_0288,260.2761600310432,0.3884025343836752,0.29152164117517343,1.3323283061180584,0.18275245986309696,1.0,0
GENE_0289,345.42225559488173,-0.632135727138214,0.13101535262479097,-4.824898109067869,1.402605534828183e-06,0.0001402605534828183,1
GENE_0290,276.4510947181066,0.17866460611156137,0.14425635166080275,1.238521590589401,0.21552285767891544,1.0,0
GENE_0291,507.16873970693774,-1.4688286164305209,0.29035800945827905,-5.058681243789054,4.2287251766914835e-07,4.2287251766914835e-05,1
GENE_0292,3667.3989598326148,0.48108032261445843,0.10321972234143727,4.660740328511134,3.1542376786042325e-06,0.00031542376786042325,1
GENE_0293,8.584964322991413,1.6812214802929974,0.13150545716599932,12.78442367734437,0.0,1e-300,1
GENE_0294,282.79566448668584,0.4659777780752511,0.2029933446712771,2.295532293582556,0.021702578940893336,1.0,0
GENE_0295,525.7199371474771,0.3710969598204821,0.33114912076108804,1.120633987997857,0.26244379111597205,1.0,0
GENE_0296,628.9117749931025,1.029006974787892,0.23170701542111283,4.4409832517057675,8.962554000513379e-06,0.0008962554000513379,1
GENE_0297,230.9331161263059,-0.30000069449940464,0.18467301901622085,-1.624496616222286,0.10426984632230396,1.0,0
GENE_0298,28.931105358134037,2.647041917043552,0.34415996000006865,7.691312833262254,1.4654943925052066e-14,1.4654943925052066e-12,1
GENE_0299,659.8372578311605,-0.12244761938398158,0.2052020526797479,-0.5967173221950248,0.5506960318697292,1.0,0
GENE_0300,5383.130284631692,-0.19608886001551012,0.19710844289562013,-0.994827299809527,0.3198202820167326,1.0,0
GENE_0301,40.41527843767617,-0.35600829990544125,0.19114396555968532,-1.8625139374032527,0.06253055872542301,1.0,0
GENE_0302,1474.0102410898296,-1.1050702022694974,0.16428861960383498,-6.726395321442593,1.748934330692009e-11,1.748934330692009e-09,1
GENE_0303,246.46307012345028,-0.17387978948925364,0.16793759862914776,-1.0353833263581902,0.30048997569064606,1.0,0
GENE_0304,367.9744407439535,0.14774322387996178,0.26571600618096447,0.5560192854146018,0.5781976113658338,1.0,0
GENE_0305,83.15050125508327,-0.19728873820236428,0.0910256112823079,-2.167398113817557,0.030204404052328382,1.0,0
GENE_0306,244.28015465646538,0.774152473411644,0.26409051592450605,2.9313906661947158,0.003374617402803981,0.3374617402803981,0
GENE_0307,2835.7646342355447,0.005350325086345031,0.13432521449398566,0.03983113004137127,0.9682276340645815,1.0,0
GENE_0308,966.7915058796927,0.5164116220736542,0.18373616086521305,2.810615066962722,0.004944813080554278,0.4944813080554278,0
GENE_0309,5423.341449737067,0.10456816509198735,0.11956552259128964,0.8745678756361256,0.38180899653762124,1.0,0
GENE_0310,2359.2943131828642,2.1052657363893186,0.22924278189956682,9.18356390087629,0.0,1e-300,1
GENE_0311,779.4823288546513,0.11169662157342491,0.2769246201370777,0.40334666350046844,0.6866933137542894,1.0,0
GENE_0312,5518.723095604239,0.5475138527614252,0.17575700553521845,3.115175131108578,0.0018384925194636637,0.18384925194636637,0
GENE_0313,779.3729905190999,0.02237574005296029,0.124122475935871,0.18027146078298437,0.8569394778056323,1.0,0
GENE_0314,1396.8601755941743,0.1984482832355143,0.1411565071214174,1.4058741412807612,0.15976160789446592,1.0,0
GENE_0315,258.56408382331864,0.14653317346001749,0.30089048800190454,0.48699835755223336,0.6262595060231757,1.0,0
GENE_0316,445.77695400046355,1.6482120022703886,0.15226515846616015,10.824616864906044,0.0,1e-300,1
GENE_0317,141.72155681016474,0.16199292756987071,0.2891697001130313,0.5602002129080279,0.5753428183162097,1.0,0
GENE_0318,1780.0129203658373,0.8937544984790728,0.16942383983767698,5.275258188784817,1.3283981248335408e-07,1.3283981248335408e-05,1
GENE_0319,68.89231031466855,-0.10815877683817682,0.13095778967259988,-0.8259056380577163,0.4088575148568203,1.0,0
GENE_0320,1304.4353102093728,0.16778595714129932,0.2763733110994063,0.6070989867793343,0.5437851216120726,1.0,0
GENE_0321,303.0880670904572,1.3447489560299133,0.20650715795830582,6.51187575929654,7.458655915115742e-11,7.458655915115742e-09,1
GENE_0322,2337.5780248038354,0.4561013123777121,0.08844485784419773,5.156900282220691,2.515320889351358e-07,2.515320889351358e-05,1
GENE_0323,1244.2689940669482,-1.6867138317020747,0.3391844532229876,-4.97285124856,6.607690925530818e-07,6.607690925530818e-05,1
GENE_0324,6191.726450916934,-0.9533554811829448,0.11989343016946899,-7.95169076266631,1.7763568394002505e-15,1.7763568394002505e-13,1
GENE_0325,1207.3245040557194,-1.42097412161344,0.17541988364233466,-8.100416509856307,4.440892098500626e-16,4.440892098500626e-14,1
GENE_0326,38.16579198042557,-0.8877897034492211,0.18389455144884098,-4.827710753008374,1.3829512561791546e-06,0.00013829512561791546,1
GENE_0327,364.88062330651996,0.5879748923764925,0.21214607279977155,2.771556808084008,0.005579009170459059,0.5579009170459059,0
GENE_0328,69.54605612177475,0.06778954847730423,0.29206988603022604,0.23210043801054092,0.8164600967300129,1.0,0
GENE_0329,185.41197413397214,-2.041752558920018,0.08164437551228423,-25.007877714893116,0.0,1e-300,1
GENE_0330,3892.6391445974014,-0.3608444552724205,0.33176745386074014,-1.0876427180343178,0.276752945866535,1.0,0
GENE_0331,1049.7430682950433,-0.6210029893200217,0.254417154254813,-2.4408848968495755,0.014651328202472502,1.0,0
GENE_0332,141.40164076837382,0.10430175365646688,0.33667519737021256,0.3097993391588489,0.7567136919285211,1.0,0
GENE_0333,88.18385975919041,-0.013441375982456791,0.30069517510245114,-0.04470100319327413,0.9643455044014968,1.0,0
GENE_0334,423.7624925967548,-0.1966163304628663,0.3305163188824685,-0.5948763169324266,0.5519260568734394,1.0,0
GENE_0335,65.05023229199985,0.03386451229310551,0.24227014875263303,0.1397799624405335,0.8888337930330112,1.0,0
GENE_0336,147.42057908812376,1.3014436025399676,0.1764734253768372,7.374728516550839,1.6608936448392342e-13,1.6608936448392342e-11,1
GENE_0337,644.2032019588138,0.3338102189476231,0.199586797040673,1.672506517951672,0.09442443991984928,1.0,0
GENE_0338,2282.366344572882,0.41979944234532757,0.2576687238037105,1.6292215684862346,0.10326610412751225,1.0,0
GENE_0339,1005.4014649474742,0.3375747566213423,0.1952716021369108,1.7287447479672875,0.08385471514533105,1.0,0
GENE_0340,12.975535983030525,0.5917848575408772,0.27755165153630307,2.1321611824870486,0.0329934812259578,1.0,0
GENE_0341,636.8601543419053,-0.07602866916029796,0.10479896434160799,-0.7254715696661952,0.46816264156753906,1.0,0
GENE_0342,449.4615720614714,-2.25151714526664,0.3040963952259199,-7.403958680910828,1.3322676295501878e-13,1.3322676295501878e-11,1
GENE_0343,750.5718840699996,-0.07543445320240393,0.13513093270334112,-0.5582323136036402,0.57668569634081,1.0,0
GENE_0344,4556.520315385666,2.131877185677143,0.33486585457167506,6.366361803009191,1.9444446053284992e-10,1.944444605328499e-08,1
GENE_0345,18.26784818387123,-0.3879201580460295,0.12199736598306232,-3.179742078200991,0.001474192174363509,0.1474192174363509,0
GENE_0346,166.22542718630257,-0.07054638019573214,0.1148743329476474,-0.6141178658933568,0.5391373375413067,1.0,0
GENE_0347,978.8314714918818,-3.298492310919359,0.299206549858596,-11.024131365032668,0.0,1e-300,1
GENE_0348,37.622730443798574,0.6008117007372522,0.30104949347981386,1.995724004689409,0.045963834445051255,1.0,0
GENE_0349,3691.9999130811675,0.2997828061626255,0.27946504336793676,1.0727023406928888,0.28340476177131757,1.0,0
GENE_0350,701.0189496996179,0.2606162482575836,0.33934322525427024,0.7680019191846355,0.4424859131254031,1.0,0
GENE_0351,1436.3723013229553,-2.3964101669197664,0.15304569974506232,-15.658134602354819,0.0,1e-300,1
GENE_0352,171.3287983594018,-0.014899701020850779,0.30319515952737763,-0.0491422786698723,0.9608057767926774,1.0,0
GENE_0353,1367.3714619345653,0.07902251301100141,0.17505094311172362,0.4514258055757317,0.651682737285824,1.0,0
GENE_0354,2003.613008415421,2.0989684382533467,0.22509762890372198,9.32470256784051,0.0,1e-300,1
GENE_0355,572.1018472745617,-0.874576791500227,0.20031200801935872,-4.366072709009564,1.2659910113121953e-05,0.0012659910113121953,1
GENE_0356,573.4101983530287,0.06003245213800963,0.08157950612187395,0.735876631176529,0.4618056421820902,1.0,0
GENE_0357,605.1732973545812,0.12959610250885775,0.23510479225557257,0.5512269710265169,0.5814780381508129,1.0,0
GENE_0358,110.49630736531041,1.7013105135362236,0.2818265896962673,6.036728171638367,1.5784804574536793e-09,1.5784804574536793e-07,1
GENE_0359,323.3408337222746,-1.5891448889225839,0.12712914356532323,-12.500240655723664,0.0,1e-300,1
GENE_0360,320.9278082185115,0.6279993939995787,0.3315470827111201,1.894148453559943,0.05820517704659922,1.0,0
GENE_0361,717.010723482446,-0.39920943731755115,0.223207875642996,-1.7885096400274705,0.07369372153604092,1.0,0
GENE_0362,1807.5658237195555,-0.14090601397990773,0.12812642085079523,-1.0997420597894831,0.27144461189543345,1.0,0
GENE_0363,82.45031562141195,0.19213371835255183,0.254405844147559,0.7552252543424731,0.4501137034037659,1.0,0
GENE_0364,334.4496866058534,1.012761871096871,0.13181913129914286,7.682965750992295,1.554312234475219e-14,1.5543122344752192e-12,1
GENE_0365,3722.621195145887,0.5920396814855664,0.09715400403974084,6.09382688173503,1.1066374483448271e-09,1.1066374483448271e-07,1
GENE_0366,132.23989464025328,0.4477588647993521,0.26503511545319536,1.6894322249853921,0.0911365766974066,1.0,0
GENE_0367,117.52193230310012,-0.15511518221971624,0.1098876184924835,-1.4115801611473304,0.1580737215760406,1.0,0
GENE_0368,546.4590031789598,-0.35327985246204985,0.10867871106163754,-3.250681288092254,0.0011514112850552483,0.11514112850552483,0
GENE_0369,1431.6426721025314,0.3155631533532958,0.2797847620590896,1.1278782698203198,0.2593714354885237,1.0,0
GENE_0370,410.40278641386874,2.9598163393779156,0.09490460296617921,31.18727908732408,0.0,1e-300,1
GENE_0371,2961.46952613955,-1.1151622502554779,0.29863767834294774,-3.734164611924335,0.00018839583241692104,0.018839583241692104,1
GENE_0372,1458.5396491934478,-0.045911179600769056,0.29496016483491344,-0.15565213569250996,0.8763072029170484,1.0,0
GENE_0373,1426.1447454342342,2.8503655217400095,0.11817622558099682,24.119618880418525,0.0,1e-300,1
GENE_0374,926.2783208748333,-0.14187892118387102,0.2199627747647816,-0.6450133270758656,0.5189184268541829,1.0,0
GENE_0375,13246.380847502238,-0.9756998554290462,0.10608888256161443,-9.19700379408161,0.0,1e-300,1
GENE_0376,296.5623451637765,0.20177785906498735,0.2507942293422165,0.8045554301397231,0.4210761525549418,1.0,0
GENE_0377,19.97969608013435,-0.2796087412415706,0.09699110350204757,-2.882828745583535,0.003941348682750867,0.3941348682750867,0
GENE_0378,4475.536636435049,0.017052409775098726,0.33500983120714173,0.05090122195415501,0.959404096704148,1.0,0
GENE_0379,203.0497156149591,-0.034681880336849456,0.13608729854978704,-0.2548502373582,0.7988388862938058,1.0,0
GENE_0380,474.29081462013386,-0.10948159832710731,0.26438155710613415,-0.4141045219850819,0.6787976474845512,1.0,0
GENE_0381,2876.489848813288,0.3161362327138816,0.11463868458181971,2.7576749843832116,0.005821517296108691,0.5821517296108691,0
GENE_0382,36.474401596159495,-0.613145951341083,0.13659104104822964,-4.488917769684353,7.165099544792497e-06,0.0007165099544792497,1
GENE_0383,61.715133652919675,-0.2068056899817441,0.20175640519851007,-1.025026639319163,0.30535065697413555,1.0,0
GENE_0384,36.52814627792105,0.2736151652469525,0.23473595816220938,1.1656295328126782,0.24376438132560674,1.0,0
GENE_0385,122.58388424226591,-0.2456339101377473,0.34969307490575435,-0.7024271504488557,0.4824126801905537,1.0,0
GENE_0386,780.1255817950396,-0.6435226837079888,0.08700008158455491,-7.3968055200333644,1.4055423491754482e-13,1.4055423491754482e-11,1
GENE_0387,885.6145087484268,0.2674221373026943,0.08008489330390348,3.3392332345114046,0.0008402116064982756,0.08402116064982756,0
GENE_0388,610.5811869051973,0.4492378521766156,0.17459911557303592,2.5729675130496097,0.010083125370123902,1.0,0
GENE_0389,48.46545005859072,2.0542213869589805,0.17886221930665336,11.484937372028723,0.0,1e-300,1
GENE_0390,12.614473498202726,-0.7843382393878131,0.3186360537466305,-2.4615489369934718,0.013833865779804277,1.0,0
GENE_0391,437.6985266555741,0.28238789867952646,0.3263972878782715,0.8651661921432443,0.38694749516493654,1.0,0
GENE_0392,198.80728721117728,-1.7551281485396297,0.31774174361701607,-5.523756899424395,3.326608055687075e-08,3.3266080556870747e-06,1
GENE_0393,803.5815372080889,0.12351971073926629,0.1186582626312329,1.040970160865593,0.2978894474879401,1.0,0
GENE_0394,1156.2420802988415,-0.35498552989686394,0.19126830549888982,-1.8559558467930506,0.06345972938221633,1.0,0
GENE_0395,496.39011913599876,-0.46393571430678615,0.28138899381965626,-1.648734401474583,0.09920202907382025,1.0,0
GENE_0396,1261.6802307417095,-0.1767640068318761,0.16440498830174516,-1.0751742307687615,0.2822968038528306,1.0,0
GENE_0397,568.9639419318938,-0.07331902257090393,0.2590742676978488,-0.2830038784724614,0.777173995323325,1.0,0
GENE_0398,893.455972802483,-0.2576833001545793,0.14402857306159483,-1.7891123592842875,0.07359662164693281,1.0,0
GENE_0399,140.18880282663397,-2.4759230179601652,0.16732319964941816,-14.797248816349507,0.0,1e-300,1
GENE_0400,308.1488296006238,-0.1784277513835335,0.3123160053240906,-0.5713051791834327,0.5677927182347835,1.0,0
GENE_0401,541.9447966132764,0.3920763486687288,0.14763743974402865,2.655670196858631,0.007915184268421527,0.7915184268421527,0
GENE_0402,1381.3170583594717,0.11246926625739179,0.340367503458913,0.33043479508016066,0.7410715902462766,1.0,0
GENE_0403,223.4948210307321,-0.2790228826385232,0.16269008145294866,-1.7150577352142944,0.08633457545043322,1.0,0
GENE_0404,881.6109717561691,-0.3463759535329144,0.08635258965228489,-4.011182003083671,6.044422188677956e-05,0.006044422188677956,1
GENE_0405,270.762434816599,-0.6589985196189755,0.148823244026694,-4.428061785165581,9.51638936452781e-06,0.0009516389364527811,1
GENE_0406,338.2166779133642,-1.077889527066676,0.12622533440572495,-8.539407181144995,0.0,1e-300,1
GENE_0407,1400.0714682299829,-0.14183501890054326,0.2168432808787384,-0.6540899875973527,0.5130537054287967,1.0,0
GENE_0408,20.295708168385868,-0.9488782112254057,0.1104333379085222,-8.592316678967107,0.0,1e-300,1
GENE_0409,57.70198112737871,-0.21428594910776005,0.24903319685626057,-0.8604714223358894,0.3895291436403856,1.0,0
GENE_0410,43.67264370191275,-0.36041361170198083,0.3162227490502535,-1.1397459948231132,0.25439224779326963,1.0,0
GENE_0411,12.177327489021119,0.6302710368682641,0.1778800980870086,3.5432352671627836,0.000395332256351022,0.0395332256351022,1
GENE_0412,145.85359429198132,-0.6811114447573239,0.1254930342124592,-5.427484075364733,5.728678509342444e-08,5.728678509342444e-06,1
GENE_0413,1241.5934197393913,-0.5765403198936215,0.18800674886179147,-3.066593744022726,0.0021652666515559194,0.21652666515559194,0
GENE_0414,263.1367608950656,0.44398785724227996,0.2922110417916693,1.5194082144192873,0.12865982372175888,1.0,0
GENE_0415,542.7697098651593,2.3860489936149456,0.23970167200149078,9.954244264095522,0.0,1e-300,1
GENE_0416,2066.9435414606723,-0.2979931754902566,0.10730866759845284,-2.7769720951651538,0.005486905506833395,0.5486905506833395,0
GENE_0417,2955.8135305633114,-0.25283432912356435,0.22504053166829896,-1.1235057402736337,0.26122286515896764,1.0,0
GENE_0418,363.68681462933426,0.24649415862132515,0.20638305299301013,1.1943527099081799,0.23234015527914376,1.0,0
GENE_0419,3072.9055749939,-0.9308399187781241,0.16832030912571358,-5.530169969465222,3.207291654483413e-08,3.207291654483413e-06,1
GENE_0420,463.2143878604021,-0.7444774738022225,0.1097433609343973,-6.783804208869259,1.1773026997730085e-11,1.1773026997730085e-09,1
GENE_0421,114.8816725453728,-1.5235820913156506,0.3449002226174742,-4.4174575468611454,9.995183635869154e-06,0.0009995183635869154,1
GENE_0422,165.40540686754787,0.6199562264516505,0.127531696371179,4.861193288351451,1.1684087064534054e-06,0.00011684087064534054,1
GENE_0423,43.78079413515108,1.5947747166608268,0.13204058051350126,12.077913550961402,0.0,1e-300,1
GENE_0424,106.46318231314378,0.04037471669406185,0.11930732686760367,0.33840936473973643,0.7350548523470724,1.0,0
GENE_0425,235.797873042916,0.4535157090256048,0.23395212044871327,1.938497963411381,0.05256236234592704,1.0,0
GENE_0426,1346.6529937342455,0.8427538933112585,0.1997907851103291,4.218181998963917,2.4643798295809205e-05,0.0024643798295809205,1
GENE_0427,5330.257069908961,-0.23073938925932502,0.14738043914717008,-1.565603892853888,0.11744139836689582,1.0,0
GENE_0428,50.74066839041231,-3.33028362092793,0.1959443134158126,-16.996071806691063,0.0,1e-300,1
GENE_0429,727.2288409796564,0.728822088537137,0.2618508997866638,2.783347657506336,0.005380229995328056,0.5380229995328056,0
GENE_0430,84.7058012682629,-3.172213083479507,0.15605914350463013,-20.32699278133223,0.0,1e-300,1
GENE_0431,822.2509436357212,0.41103242822152875,0.32711635952820267,1.256532778777428,0.20892300667599528,1.0,0
GENE_0432,331.41455506824866,-0.40732621294450333,0.16271348403798055,-2.5033340989086392,0.012302965405970978,1.0,0
GENE_0433,25.884420463982902,0.0409889468412627,0.13350833832217038,0.3070141337715689,0.7588327517607112,1.0,0
GENE_0434,1623.6719309504754,-2.2665278493996337,0.33773331865565986,-6.710998661374301,1.943734062592739e-11,1.943734062592739e-09,1
GENE_0435,162.79617053620586,-0.3832046402804917,0.2988513647319084,-1.2822582912554354,0.19975219110907227,1.0,0
GENE_0436,181.11816117492322,-0.39324077106331007,0.17264715870773567,-2.277713540186343,0.022743584104172987,1.0,0
GENE_0437,81.07473495588735,0.1105657457015018,0.3071865998088465,0.35993023709466404,0.7188994301657394,1.0,0
GENE_0438,151.1957091898373,-2.2124006256090376,0.22007984727152596,-10.052717925051374,0.0,1e-300,1
GENE_0439,766.5007379332889,-0.051894481275401284,0.17362317453048695,-0.29889144358600006,0.7650230122206874,1.0,0
GENE_0440,303.7282808110035,-2.486756679794001,0.30669512917558783,-8.108236627293461,4.440892098500626e-16,4.440892098500626e-14,1
GENE_0441,660.4972783898236,0.2284696265164189,0.2830845680533989,0.8070719929647389,0.4196248900144852,1.0,0
GENE_0442,694.2851679205907,-0.388647509205184,0.16042620751363856,-2.4225936349716632,0.015410150346502727,1.0,0
GENE_0443,2924.8324714046694,0.2958770033651692,0.24380319911965292,1.2135895034747255,0.22490464982244918,1.0,0
GENE_0444,241.24687184837654,0.3277372388238988,0.17973536035034524,1.823443301223889,0.06823616428141599,1.0,0
GENE_0445,44.0230462292247,1.2161185331720157,0.0802840325913048,15.14770115450987,0.0,1e-300,1
GENE_0446,1999.86233536989,-0.15044167622383292,0.3396902501780754,-0.4428789938626942,0.6578533203341808,1.0,0
GENE_0447,245.37011445019496,-0.18323272066725105,0.22839985053966588,-0.8022453615197497,0.4224109224542305,1.0,0
GENE_0448,2147.1328368248974,0.30758634862949824,0.24157680244976143,1.2732445562254027,0.2029314117182608,1.0,0
GENE_0449,716.9927075549041,0.32764166756485535,0.2419706849328696,1.3540552139849238,0.17571888798014257,1.0,0
GENE_0450,331.3892627153616,-0.2140348613506848,0.22867319442123873,-0.9359857935793354,0.34928047151013963,1.0,0
GENE_0451,680.7286993359827,-0.16126507077201957,0.1583129180888702,-1.0186475792297136,0.30837034152722054,1.0,0
GENE_0452,7529.0100161314485,0.2164523352872162,0.34232555372517515,0.6322996718526829,0.5271909617820887,1.0,0
GENE_0453,9094.91544079846,-0.3310336962938646,0.2478504713791269,-1.3356185866901,0.1816741014042087,1.0,0
GENE_0454,447.6768712748213,-0.16421359520600598,0.26114876734956954,-0.6288124461494865,0.5294717365358457,1.0,0
GENE_0455,513.0051530107653,0.03583710694737386,0.20279404447560345,0.17671676227003372,0.8597308859317605,1.0,0
GENE_0456,2027.0974802622236,0.39837547392890327,0.15772257813251128,2.5257986437059534,0.011543602250983831,1.0,0
GENE_0457,113.46659209842548,-0.24183944647181632,0.09737422518723092,-2.483608429302601,0.013005896022715735,1.0,0
GENE_0458,664.8793256009968,-0.7369537848122688,0.17456215307332928,-4.221727171884117,2.42593725823248e-05,0.00242593725823248,1
GENE_0459,388.07775850771844,-0.7666389870072844,0.12754630590246585,-6.010671822934097,1.854227882347459e-09,1.854227882347459e-07,1
GENE_0460,646.0405787332397,-0.5037652266824534,0.25876383242939316,-1.946814676351309,0.051556819445328195,1.0,0
GENE_0461,115.57813457538172,-0.525267087279975,0.3173310488967342,-1.6552653423173453,0.09787065199238842,1.0,0
GENE_0462,37.175456054185304,-0.061844303447963614,0.16174381172632613,-0.3823596265469832,0.7021947448126751,1.0,0
GENE_0463,18.002755797038667,-0.47555206143904205,0.16987830886179256,-2.7993689401860933,0.005120380465736485,0.5120380465736485,0
GENE_0464,75.48423530277059,-0.2811019839284816,0.2609984160338331,-1.077025631803231,0.28146888953647786,1.0,0
GENE_0465,202.7527127311307,-0.3096343539928199,0.12030328724513381,-2.57378132454435,0.010059441435878558,1.0,0
GENE_0466,259.8780857347455,-0.17620314433919737,0.33094810520297874,-0.5324192571857379,0.5944356137706337,1.0,0
GENE_0467,7374.967273039993,0.529001732609249,0.1782386308768804,2.967940956495905,0.002998156979621358,0.2998156979621358,0
GENE_0468,2119.6156516978517,0.2647790357722067,0.10732385040022915,2.467103395795063,0.013621117739605726,1.0,0
GENE_0469,95.28413528370808,0.00645176611040155,0.1271646813285732,0.05073551903717054,0.959536138008974,1.0,0
GENE_0470,679.6396142764609,-0.18441051223233526,0.33184144052201364,-0.5557187551447538,0.5784030738166885,1.0,0
GENE_0471,219.0681011154075,-0.1732930626492085,0.14672220785963538,-1.1810963396556342,0.23756457834550804,1.0,0
GENE_0472,263.34217783387584,0.1310985879807798,0.2588125770344473,0.5065387064374809,0.6124785146716478,1.0,0
GENE_0473,532.7160133092841,-2.917153800757033,0.12216461035533158,-23.878877788519226,0.0,1e-300,1
GENE_0474,1021.2234777556681,-0.3630470024402402,0.13240745693416997,-2.741892419403078,0.0061087436336457746,0.6108743633645775,0
GENE_0475,242.52681320289395,0.014592302245692593,0.3173943191029939,0.04597531010300602,0.9633297978026085,1.0,0
GENE_0476,1989.7759015712347,-2.362229134661718,0.11996896942769168,-19.690334475078515,0.0,1e-300,1
GENE_0477,72.7546383048115,0.08468551366823882,0.08506265841879537,0.9955662712926308,0.31946094595422503,1.0,0
GENE_0478,407.2831295309033,1.3976793870687556,0.21533296117209455,6.490782365416539,8.581024779630297e-11,8.581024779630297e-09,1
GENE_0479,19860.946397119253,-2.8242049839857843,0.3129362395809923,-9.024857548512978,0.0,1e-300,1
GENE_0480,563.7549176809265,0.7266107984560422,0.16801758226221866,4.324611678568545,1.529138046985068e-05,0.001529138046985068,1
GENE_0481,3462.761807492244,-0.3524953789744202,0.11460381307434184,-3.075773567374774,0.002099709507529912,0.20997095075299121,0
GENE_0482,462.79318390416057,0.08697616612130452,0.34520232398272216,0.25195707003889634,0.8010743583071935,1.0,0
GENE_0483,964.0716745067291,-0.014329898666382191,0.2627194299621416,-0.05454449512336092,0.9565012221382032,1.0,0
GENE_0484,370.48953858921783,-0.04011906697736334,0.3096864706260022,-0.12954736736243724,0.8969244769212936,1.0,0
GENE_0485,312.43255699037917,-0.04572886720189906,0.28307733352880937,-0.1615419596894187,0.871666552185896,1.0,0
GENE_0486,125.30821280827708,1.7715383565235476,0.2685254139770813,6.597283773947552,4.2094328023267735e-11,4.2094328023267735e-09,1
GENE_0487,769.2777121412936,0.3391834973854799,0.18383229812534846,1.8450702126032457,0.06502720622858149,1.0,0
GENE_0488,112.47086566303675,0.5510944945098978,0.16757179816498263,3.2887066949494588,0.001006606776801311,0.1006606776801311,0
GENE_0489,1094.8557018889721,-0.0009000978016629563,0.273578820891508,-0.0032900858287561096,0.9973748789516375,1.0,0
GENE_0490,2054.79323576519,0.3261264288686533,0.2735125122078521,1.1923638382613295,0.23311874077454098,1.0,0
GENE_0491,699.1023191547766,-0.280706778506713,0.33665886369325515,-0.8338018355651476,0.40439255799387075,1.0,0
GENE_0492,262.5986706690581,0.3063821810904932,0.233538150819047,1.3119149056202306,0.18954898173493895,1.0,0
GENE_0493,797.0746745658265,-0.3047966095307961,0.15954769856267184,-1.9103792300148357,0.05608426968503699,1.0,0
GENE_0494,253.91267702798564,0.4362639744352529,0.2121727758192289,2.0561731954100915,0.03976569207071967,1.0,0
GENE_0495,1641.4260541524454,2.480007218622176,0.24570273051599817,10.093527301930811,0.0,1e-300,1
GENE_0496,25.865004402788163,-0.04883355518855672,0.19521704588576635,-0.2501500571683288,0.8024714162954054,1.0,0
GENE_0497,243.85869722774186,-0.8770173963229635,0.293605943307078,-2.98705600589871,0.002816919473470403,0.2816919473470403,0
GENE_0498,20.364272294442443,-0.2192291732979292,0.23784556729827616,-0.9217290689424512,0.3566698720378456,1.0,0
GENE_0499,42.837280135316234,0.49275005371572134,0.08254764645946565,5.969280468313318,2.391379094746071e-09,2.391379094746071e-07,1
GENE_0500,3120.6398650264578,0.22123071481009796,0.23385676982264225,0.946009452614436,0.3441437421545497,1.0,0
GENE_0501,1544.9973482039563,-2.1859553322784198,0.25107302220430244,-8.706452461864542,0.0,1e-300,1
GENE_0502,137.10946893344837,0.40346734238193566,0.32712053791689905,1.2333904344594577,0.21743026767579643,1.0,0
GENE_0503,42.361706939293306,0.19378137569936882,0.1917048518893309,1.0108318792642592,0.3120969304063883,1.0,0
GENE_0504,4.7266029081525,-2.7866004029475673,0.23510626800326673,-11.852514297529696,0.0,1e-300,1
GENE_0505,178.53001495656162,0.36776947065879423,0.20824931169288097,1.7660056961012587,0.07739480231964757,1.0,0
GENE_0506,15223.910321695403,0.6086801810947836,0.223547235686599,2.7228258011122084,0.006472722345664206,0.6472722345664206,0
GENE_0507,774.584229393483,0.14351843356250174,0.09817209908062904,1.461906538686003,0.14376690324702324,1.0,0
GENE_0508,174.27623030799458,-2.537469407374113,0.3222665902339374,-7.873820880818368,3.552713678800501e-15,3.552713678800501e-13,1
GENE_0509,810.4748530671853,-0.12285082923431417,0.32581133175453886,-0.37706125374076327,0.7061282003574061,1.0,0
GENE_0510,38.80551867894405,-0.24058432462360235,0.22797609465751079,-1.0553050528610597,0.2912858913126932,1.0,0
GENE_0511,258.2724294580308,0.6827070561675894,0.23026998924465525,2.96481125659077,0.0030288245946334946,0.30288245946334946,0
GENE_0512,468.3501544939224,0.08648187052907522,0.09554012970486772,0.9051889587781144,0.36536523567233004,1.0,0
GENE_0513,354.54987325492885,-3.198586614884171,0.24144663854233434,-13.247592238992148,0.0,1e-300,1
GENE_0514,1321.0857066351111,0.04949600576455607,0.19587098326737384,0.2526969790976722,0.8005024947935735,1.0,0
GENE_0515,676.523942937988,-0.2346062603679857,0.27144178016329806,-0.8642967940559766,0.38742478706806205,1.0,0
GENE_0516,1099.366107928358,0.004393157032960529,0.09272372748080454,0.047378995132286834,0.9622110373725401,1.0,0
GENE_0517,143.65887658422764,2.019811485953355,0.2719396743369622,7.427424817206311,1.1146639167236572e-13,1.1146639167236572e-11,1
GENE_0518,1551.1053931609913,1.554751615734559,0.15746133243472474,9.873862945870078,0.0,1e-300,1
GENE_0519,4644.344033845561,-2.030576624219242,0.25596043922233913,-7.93316588449588,2.220446049250313e-15,2.220446049250313e-13,1
GENE_0520,94.13931132604513,-0.08609778263046189,0.24932401333427318,-0.34532487055319877,0.7298502834988034,1.0,0
GENE_0521,106.53318324972125,0.7129175170818849,0.14124720085070278,5.047303683104016,4.488307443484274e-07,4.488307443484274e-05,1
GENE_0522,2991.937663484238,-2.0624542555532024,0.19892213320839203,-10.36814869360245,0.0,1e-300,1
GENE_0523,302.773202899549,-0.7201914766936723,0.3056209799443976,-2.356485725635389,0.018448744032836473,1.0,0
GENE_0524,3313.406482989533,2.29828476853923,0.24350974377058893,9.438163471209798,0.0,1e-300,1
GENE_0525,207.72112442995748,3.2986832712752285,0.09855934153417109,33.46900679253783,0.0,1e-300,1
GENE_0526,3578.0325611553812,-0.02800514352512016,0.199585384456624,-0.1403166048524286,0.8884097938035485,1.0,0
GENE_0527,491.3853884977448,-0.14856709443282745,0.16417829387003757,-0.9049131339519959,0.36551135367029763,1.0,0
GENE_0528,594.2756298086538,-1.3280124017894395,0.2532443333061408,-5.243996516929119,1.5744706294285038e-07,1.5744706294285038e-05,1
GENE_0529,4217.834115506182,-0.216793360090477,0.24593226414972041,-0.8815165461921498,0.37803823046420426,1.0,0
GENE_0530,234.47390065217596,0.45930256980639533,0.08280748740773794,5.54663091689793,2.9197233963884628e-08,2.919723396388463e-06,1
GENE_0531,98.32878930167806,0.2168781142897024,0.24407778754298498,0.8885614560542819,0.37423874671843116,1.0,0
GENE_0532,205.85122269943037,0.09787277019493998,0.2784094065759329,0.35154261272507087,0.7251814392050835,1.0,0
GENE_0533,795.1262650176402,0.05820592213423814,0.2875571087484253,0.20241517376348597,0.8395922201994548,1.0,0
GENE_0534,38.52708081159281,-0.06998721468567125,0.09592345800528951,-0.7296152176020587,0.46562527929642084,1.0,0
GENE_0535,1049.6440167248177,0.4182560480837063,0.16198777261966463,2.582022342301976,0.009822384082663227,0.9822384082663227,0
GENE_0536,179.7996226965445,-0.34613713284073366,0.19374386134891142,-1.7865708385845511,0.07400677895871777,1.0,0
GENE_0537,2256.8357286146784,2.8155717424626645,0.1285383611046262,21.904524985898004,0.0,1e-300,1
GENE_0538,11.11849060500426,0.24577604915698986,0.19359814521455265,1.2695165487490168,0.20425702962741887,1.0,0
GENE_0539,123.98385274703719,-1.397794367726182,0.09920497467290992,-14.089962447295298,0.0,1e-300,1
GENE_0540,32.14631332865002,0.19209646100470668,0.11056866641190392,1.7373498952143045,0.0823253516978717,1.0,0
GENE_0541,116.8225130404016,0.16309134784721555,0.2605475859677232,0.6259560887561607,0.5313436309240105,1.0,0
GENE_0542,584.9339013269603,-0.12821615133501915,0.15089456451324185,-0.849706891355702,0.39548797282573656,1.0,0
GENE_0543,308.3267390730072,0.31499308175421015,0.2720795788194845,1.157724086169647,0.24697676777163236,1.0,0
GENE_0544,275.87107763743126,-0.01822325070181635,0.09298930256450036,-0.19597147412925398,0.8446325368957011,1.0,0
GENE_0545,317.7365857870317,-0.19484542432607124,0.23192982432174575,-0.8401050830606891,0.40084937121754516,1.0,0
GENE_0546,547.3466663089386,-0.12475652490215997,0.18569113916844687,-0.6718496394649666,0.5016792912545371,1.0,0
GENE_0547,88.871893780775,0.8082558795103328,0.2951822758171756,2.7381585743004946,0.006178535963634824,0.6178535963634824,0
GENE_0548,1164.7648048256217,-3.145856680231323,0.2916669266555017,-10.785784717877895,0.0,1e-300,1
GENE_0549,1090.0719209596489,0.19991524171831954,0.1814011034635272,1.1020618833143692,0.27043485870977224,1.0,0
GENE_0550,718.7811328795456,-1.7905817754655877,0.24813278380368287,-7.216224103954986,5.382361223382759e-13,5.382361223382759e-11,1
GENE_0551,929.6425562300516,-0.043293335329189296,0.14143819458126178,-0.3060936648503073,0.7595334687447692,1.0,0
GENE_0552,629.3119006035117,-0.17345099406167508,0.23670984576871346,-0.7327578348014814,0.4637060044814074,1.0,0
GENE_0553,8540.799956325733,-0.8340113186719512,0.10194146736583107,-8.181276375775386,4.440892098500626e-16,4.440892098500626e-14,1
GENE_0554,354.0218885984432,0.15561503617350522,0.1973431567120247,0.7885504557960845,0.43037467299511545,1.0,0
GENE_0555,254.51891934436358,-0.15201522487687835,0.12933647401528947,-1.1753469083973012,0.23985607743670068,1.0,0
GENE_0556,130.2829507524184,-0.8396825370244976,0.3185129191647111,-2.6362589600024244,0.008382653248180993,0.8382653248180993,0
GENE_0557,85.76457085629512,-2.894291302031635,0.20012322085104456,-14.46254607398064,0.0,1e-300,1
GENE_0558,62.38296982147256,0.574002471195574,0.23950891213213438,2.396580845721947,0.01654882735235441,1.0,0
GENE_0559,106.35728400219186,0.5960497369186288,0.1773031022891028,3.361755825043241,0.000774594314266075,0.0774594314266075,0
GENE_0560,362.8463358858131,0.14358257626058846,0.15796007951474678,0.908980146766664,0.36336055388377275,1.0,0
GENE_0561,666.1019205871755,0.0184232554308462,0.13478834142661406,0.13668285577114841,0.8912814235937525,1.0,0
GENE_0562,435.5950763405934,0.5312626483583188,0.3262053273200953,1.6286142618296577,0.10339468506628502,1.0,0
GENE_0563,127.9573600555683,0.6729534341360394,0.2958557612552772,2.2745997281945303,0.022929884787006527,1.0,0
GENE_0564,1556.627414309552,0.45342748115025,0.11598050899637832,3.909514495788331,9.251925465170174e-05,0.009251925465170174,1
GENE_0565,1223.069557368618,-0.37661504089192044,0.28161571659878554,-1.3373367276531631,0.18111287671982623,1.0,0
GENE_0566,317.5157866620749,-1.1289488610111824,0.19300330979989636,-5.849375651545374,4.9501127641349285e-09,4.950112764134929e-07,1
GENE_0567,151.50608406726778,0.17580645771657144,0.08415709683935386,2.0890271209350955,0.0367051546591417,1.0,0
GENE_0568,918.4081330919705,-0.7238467875668917,0.2226591765015799,-3.2509182821025817,0.0011504520099863136,0.11504520099863136,0
GENE_0569,534.8361194732005,-1.8052650026681565,0.11511253882291383,-15.682609567367198,0.0,1e-300,1
GENE_0570,45.96173078952904,-1.4497161617563195,0.13668226453527055,-10.606468708178474,0.0,1e-300,1
GENE_0571,364.31891203570956,0.25597446632031656,0.2679310595845051,0.9553743665152885,0.33938839680755706,1.0,0
GENE_0572,597.6789387866472,0.5893652325767026,0.14942835002812294,3.9441326392601,8.012360487041903e-05,0.008012360487041903,1
GENE_0573,104.63287766542634,0.07316589205148204,0.32080981449729046,0.22806625216916482,0.8195948230122365,1.0,0
GENE_0574,536.3382842126547,-0.029287329593528595,0.25743583477452586,-0.11376555101266218,0.9094235522789136,1.0,0
GENE_0575,45.5024546163247,0.15250855603239022,0.30471654092591843,0.5004931979372512,0.6167278410660733,1.0,0
GENE_0576,2993.7412847844084,-0.3263306591937731,0.24610117534914966,-1.3260020344510746,0.18483915511878912,1.0,0
GENE_0577,2622.6091961415796,-0.38551007489375544,0.31458938957594423,-1.2254388980296185,0.22041003315882834,1.0,0
GENE_0578,276.22727818787524,1.5946600910965494,0.17765486225598054,8.976169134052885,0.0,1e-300,1
GENE_0579,695.8829749506023,0.5489369371466073,0.22826795575910652,2.404791926756053,0.016181664874290957,1.0,0
GENE_0580,10.86033380671721,-0.3964425262349402,0.21929040811997003,-1.807842530066583,0.07063090486600587,1.0,0
GENE_0581,71.1989812195946,0.3871995218215458,0.324023491181052,1.194973612592778,0.23209746833396805,1.0,0
GENE_0582,259.6492338989959,-0.034783990242408365,0.12452716032432565,-0.2793285428802436,0.7799928334203126,1.0,0
GENE_0583,80.78574024692269,2.8739906149632732,0.23607640606040692,12.173984952261092,0.0,1e-300,1
GENE_0584,1178.025162035916,0.18408745577402538,0.2836964224412847,0.6488888868950228,0.5164100742148583,1.0,0
GENE_0585,8070.290806543588,0.3977401872497274,0.17991343534408827,2.2107308800426204,0.02705438646498526,1.0,0
GENE_0586,69.06706028831009,0.03308728074527555,0.3142470116463136,0.10529067745762825,0.9161450527886994,1.0,0
GENE_0587,114.87044106889712,0.5640647981207744,0.18071398711098818,3.1213123407782795,0.0018006044587832726,0.18006044587832726,0
GENE_0588,574.3118563130886,0.1237651359039699,0.12679336517189735,0.9761168160193399,0.3290065801049702,1.0,0
GENE_0589,4521.839787978058,0.24967370898781305,0.23769305595935858,1.050403883193386,0.29353251806889524,1.0,0
GENE_0590,64.48537998374044,-0.33330503661489863,0.19355336271007434,-1.722031753662476,0.08506369621806131,1.0,0
GENE_0591,586.1373709144945,0.8634636042819337,0.08410132826414123,10.266943722577253,0.0,1e-300,1
GENE_0592,6197.791365642026,0.18792996928198658,0.09885641997324587,1.9010396020091282,0.057296693667778786,1.0,0
GENE_0593,33.86429714139414,-2.5775703618326133,0.1327248386557793,-19.420406820139515,0.0,1e-300,1
GENE_0594,59.050687764544556,-0.6432743244846166,0.28771908906990107,-2.2357721434615474,0.02536661750645619,1.0,0
GENE_0595,213.70361754072272,-0.3290808092316404,0.320850669329112,-1.0256509980787554,0.3050561589273595,1.0,0
GENE_0596,184.77102960594527,0.4951534751674922,0.22732303598384002,2.1781931295457966,0.029391557884605124,1.0,0
GENE_0597,1364.989385816838,0.11475644731704189,0.10850267487881333,1.0576370347110189,0.29022101342391604,1.0,0
GENE_0598,579.6877402778532,-0.7655118939315705,0.22429311710529842,-3.4129977050173466,0.000642626110733957,0.0642626110733957,0
GENE_0599,28.150269001308974,0.4153159715935276,0.3110134743611751,1.3353632746831658,0.18175760817222764,1.0,0
GENE_0600,874.0307904223748,-0.2175131217410894,0.28235895986309917,-0.7703425520711293,0.4410965902890265,1.0,0
GENE_0601,169.6422264310633,0.5645267943506849,0.15859650419829124,3.559516000711239,0.0003716188915858787,0.03716188915858787,1
GENE_0602,2728.9462520651996,-0.03513427144147987,0.11345046450785662,-0.30968821144885456,0.7567982059999323,1.0,0
GENE_0603,157.37298608188075,0.08188267440821198,0.3231840589358056,0.25336235542631275,0.7999883276844899,1.0,0
GENE_0604,155.2562651676704,0.4715818314366594,0.3106039615906969,1.5182737175068408,0.1289454592724253,1.0,0
GENE_0605,908.4114513402255,-0.35899718834186495,0.09450314858921097,-3.798785476475121,0.00014545580363023447,0.014545580363023447,1
GENE_0606,1266.9778824075172,-0.3971387231335759,0.3023921122526323,-1.3133236848512368,0.18907403470874162,1.0,0
GENE_0607,790.0917246746928,-0.07859936815924294,0.10624741220193366,-0.7397767769614672,0.45943531505050306,1.0,0
GENE_0608,32.188331912744225,0.3308691198484889,0.09708658101855,3.407979932729023,0.0006545590747675245,0.06545590747675245,0
GENE_0609,904.2009810863509,-0.5323509010453963,0.28482224222949004,-1.8690636548548227,0.06161383323527381,1.0,0
GENE_0610,85.50184224950327,-1.4916820657207408,0.22480386791973866,-6.635482207331564,3.2516656034431435e-11,3.2516656034431435e-09,1
GENE_0611,574.1634818664114,0.3294883708175169,0.1919279665043861,1.7167293376704806,0.08602856955837535,1.0,0
GENE_0612,47.67458024325454,-0.24119132502680152,0.3240427929135259,-0.74431936244657,0.45668315328764697,1.0,0
GENE_0613,787.9882836749952,-0.15689040516811326,0.3066119644582935,-0.5116904209700339,0.6088676758675744,1.0,0
GENE_0614,120.31359714152825,-0.7427241607760664,0.09555833731770529,-7.772468437858144,7.771561172376096e-15,7.771561172376096e-13,1
GENE_0615,58.91218967093866,-0.2715917257407929,0.2463435553241165,-1.1024917026282954,0.2702480537256191,1.0,0
GENE_0616,1177.0071767362103,-0.0030269186524602546,0.2885121988660137,-0.010491475453576812,0.9916291191709554,1.0,0
GENE_0617,579.6745251617848,3.4595512505790156,0.22863245653923703,15.131496651637038,0.0,1e-300,1
GENE_0618,160.61895133959055,-0.3084920664938555,0.3454114847505708,-0.8931146765910937,0.3717957005970982,1.0,0
GENE_0619,3557.3397153526525,0.6629504480929986,0.265232826254838,2.4995037660083224,0.012436767089682998,1.0,0
GENE_0620,208.30875282042606,-0.2738224096719203,0.10811861342819683,-2.5326111849720476,0.011321688534574825,1.0,0
GENE_0621,423.33401920664926,-2.582764342661589,0.13354046323998742,-19.340687309284434,0.0,1e-300,1
GENE_0622,603.8767806146162,0.6149430207591209,0.3030863177238547,2.028936922581251,0.0424645792556555,1.0,0
GENE_0623,159.254109396523,0.08458406094556686,0.349124301748961,0.24227491618841052,0.8085672516394542,1.0,0
GENE_0624,817.8708508570339,-2.0872103860536404,0.10655160205554522,-19.58872833245229,0.0,1e-300,1
GENE_0625,181.2398839074757,-0.06205325247223738,0.10708891581816307,-0.5794554179407677,0.562281839898636,1.0,0
GENE_0626,217.57476023250578,0.5412294310168237,0.2861145046186865,1.8916532446970373,0.05853706638584333,1.0,0
GENE_0627,3114.9362318786907,0.5864811278502727,0.09737565606346568,6.022872158807608,1.7197230306464917e-09,1.7197230306464917e-07,1
GENE_0628,84.70045056906041,-0.3267172717081024,0.09851123133750882,-3.3165484510972973,0.000911482510905115,0.0911482510905115,0
GENE_0629,10.8138692881433,-0.016973524031643285,0.31998045041260886,-0.053045503279204216,0.9576955159215133,1.0,0
GENE_0630,4520.62479618445,0.03606273106702923,0.2961214493259817,0.12178358288166423,0.9030703333107191,1.0,0
GENE_0631,18471.641238012657,-0.39449604420663903,0.3180220639633832,-1.2404675301147061,0.21480265312550695,1.0,0
GENE_0632,219.66334005801167,-0.022274021059997724,0.25563861857584347,-0.08713089275824504,0.9305673417684961,1.0,0
GENE_0633,22.081561501163275,0.002129144180680195,0.16708483392349177,0.012742893120120832,0.989832860801473,1.0,0
GENE_0634,253.22388939132097,0.45608379157469425,0.3247045613898536,1.404611594067203,0.16013691434748845,1.0,0
GENE_0635,262.60882701939295,0.48297001132448036,0.16065535174309659,3.006249129483069,0.002645060554054668,0.2645060554054668,0
GENE_0636,303.4188634353106,-0.1316837593436032,0.15438792665280932,-0.8529407849341504,0.3936920516048614,1.0,0
GENE_0637,75.93805461781079,-0.08558125754432468,0.3193281131820482,-0.26800414373643017,0.7886962527172523,1.0,0
GENE_0638,962.3148785743981,0.26571692082225423,0.2638220999731661,1.0071821915195158,0.3138472547006883,1.0,0
GENE_0639,886.0390843811515,3.3103116224605387,0.3218314628714955,10.285854567868391,0.0,1e-300,1
GENE_0640,42.87940197861437,0.23545606069496108,0.12209334809857254,1.928492128046687,0.05379380672643874,1.0,0
GENE_0641,1151.4704969692139,-0.03516259494768589,0.3371201353967204,-0.10430286196434638,0.9169288980796579,1.0,0
GENE_0642,8769.433367142336,-0.3877594310954483,0.24544038230908827,-1.579851805344463,0.11414081999883652,1.0,0
GENE_0643,522.1424788646044,-0.38273468515185866,0.2603694619052254,-1.4699676465559322,0.14157059272503303,1.0,0
GENE_0644,243.2311575707375,0.5788234784124409,0.3267963566881419,1.7712054206430632,0.07652645503378341,1.0,0
GENE_0645,326.03188338820024,-0.06256859165731944,0.18280330316754972,-0.3422727629815952,0.7321457642735396,1.0,0
GENE_0646,1015.2449074034756,0.6561416375593244,0.2742852485678828,2.392187115367001,0.016748284475639696,1.0,0
GENE_0647,30.083973609575164,-0.20545450428596404,0.25289196770361067,-0.8124200469931757,0.41655053276236664,1.0,0
GENE_0648,516.2473723926414,0.11648208045259736,0.2926932340938092,0.39796642656681447,0.6906550340367525,1.0,0
GENE_0649,224.5961893567507,0.9570706892072967,0.32217455379499293,2.97065884916629,0.002971754736277976,0.2971754736277976,0
GENE_0650,6449.368638108042,-0.4229546978653117,0.2636164309661255,-1.6044322287318311,0.1086188082602666,1.0,0
GENE_0651,310.67299602860004,2.810900237107003,0.09826267971582738,28.60597986169357,0.0,1e-300,1
GENE_0652,4923.778077243323,0.5146360525148933,0.12944789337944065,3.975623234024985,7.022675636036979e-05,0.007022675636036979,1
GENE_0653,77.04494503559059,-0.3307236421572295,0.33757410921211267,-0.9797067758813851,0.3272308843723857,1.0,0
GENE_0654,973.4911659091306,1.313315024436127,0.34153562781185104,3.8453236426614343,0.00012043728010624477,0.012043728010624477,1
GENE_0655,651.384694132867,-0.23436728418063396,0.3412015946985579,-0.6868880093825205,0.49215316764097494,1.0,0
GENE_0656,109.55526533630669,0.10726511238212644,0.08993583810803185,1.1926848588799326,0.23299294545182025,1.0,0
GENE_0657,526.4172619625064,-0.3802144828742969,0.18326100534634293,-2.0747156884561107,0.038012762581278725,1.0,0
GENE_0658,2486.8652367125637,-0.07197603515332245,0.2851116300767589,-0.25244861156293336,0.8006944420614395,1.0,0
GENE_0659,248.21925381921625,0.1799261306226137,0.2832791669876143,0.6351548281363046,0.5253273233722919,1.0,0
GENE_0660,31.882460348602297,-0.4033235545097048,0.1031954043364888,-3.9083480228885916,9.296693477667262e-05,0.009296693477667262,1
GENE_0661,392.9395409779035,2.3731747540041592,0.24456199951417013,9.70377556087431,0.0,1e-300,1
GENE_0662,104.20554655647878,-0.1389531334394127,0.1185747970060315,-1.171860605693001,0.24125314703136813,1.0,0
GENE_0663,241.40803473216664,-0.5715261736905113,0.21316651987430418,-2.681125413256817,0.007337594728845875,0.7337594728845875,0
GENE_0664,356.95807769993473,-0.16902439311949857,0.1447151392271028,-1.1679800332033474,0.24281493911655927,1.0,0
GENE_0665,31.23445073832864,0.04751861596116074,0.09435351636837647,0.5036231588406077,0.6145262084756764,1.0,0
GENE_0666,35.74864945768368,-0.15981957663537139,0.10160524489218459,-1.5729461289617404,0.11573130841020518,1.0,0
GENE_0667,831.3910429352004,-0.10855059717268983,0.3259410964270752,-0.3330374670841071,0.7391061370459711,1.0,0
GENE_0668,184.1815499645187,-0.007960668362634142,0.2810544103344142,-0.028324296185788706,0.9774034000996374,1.0,0
GENE_0669,8.609648450799213,-0.2622973849729256,0.3315924750786966,-0.7910233334175474,0.42893025175651855,1.0,0
GENE_0670,1309.3237413311995,0.27642502634675087,0.20689728173005922,1.3360495799427907,0.18153319787937194,1.0,0
GENE_0671,607.0156862067591,-3.4437649603223277,0.19158897471725714,-17.974755412750454,0.0,1e-300,1
GENE_0672,138.26716114482522,-0.1857521568781794,0.1767699689755658,-1.050812861226757,0.2933446049713555,1.0,0
GENE_0673,55.9665775676505,0.19407929259108284,0.24640291593406427,0.7876501455162045,0.4309012493777906,1.0,0
GENE_0674,1413.341226699946,-0.09584686217385878,0.17492103448226004,-0.5479436047102687,0.5837305747013957,1.0,0
GENE_0675,681.3158036596645,0.1461949380154019,0.2814937731751416,0.5193540743952492,0.6035138277464505,1.0,0
GENE_0676,14384.455509867114,0.6263118124813017,0.2963556780782828,2.1133788174487433,0.03456823564376155,1.0,0
GENE_0677,757.696491213139,0.20346381720723952,0.31647804022593284,0.6429002690423236,0.5202886933875084,1.0,0
GENE_0678,721.6604315834796,-0.7093658155238723,0.14555625116622484,-4.873482312441384,1.0980094167223342e-06,0.00010980094167223342,1
GENE_0679,314.06755460955145,0.1815982525787836,0.22229595330894136,0.8169210904455957,0.41397341231412343,1.0,0
GENE_0680,1373.5635880195566,0.49314549732360374,0.1403300465170565,3.5141832384674947,0.0004411949594715914,0.04411949594715914,1
GENE_0681,1030.323182959939,-0.08863846799924108,0.09014007232349211,-0.9833414342195986,0.3254394307712052,1.0,0
GENE_0682,2637.501938730617,0.398253922447133,0.27111283212585613,1.4689600611093736,0.1418436989320968,1.0,0
GENE_0683,184.56756862462436,-0.27604621646077837,0.2282249439624836,-1.2095356960900636,0.22645723751824764,1.0,0
GENE_0684,209.95406959557803,-0.5942156638089096,0.27546036547933256,-2.1571730030013803,0.03099207709909102,1.0,0
GENE_0685,196.63421843920068,0.05646760753305607,0.10365818607976501,0.5447481734785926,0.5859266787058459,1.0,0
GENE_0686,1321.0769864854337,-0.7025906882985257,0.3487920683467243,-2.0143539720636654,0.04397224581848369,1.0,0
GENE_0687,3818.3041393297294,-0.0959084051574367,0.34847411307569864,-0.2752239020308594,0.7831443523837831,1.0,0
GENE_0688,202.70247433712964,0.5147369050582012,0.2055499528859484,2.504193738948744,0.012273112151943266,1.0,0
GENE_0689,213.32981776224847,2.4611777367787244,0.3138358530996357,7.842245277174743,4.440892098500626e-15,4.440892098500626e-13,1
GENE_0690,646.204382810984,-0.5117987183655591,0.14576351006750032,-3.511158026645728,0.00044624607467413924,0.044624607467413924,1
GENE_0691,279.04072808886946,-0.41281289806463106,0.27914286353029016,-1.4788588640376836,0.139178110802054,1.0,0
GENE_0692,1682.5747352660674,-0.025327943884383988,0.31739098133966276,-0.0798004523552569,0.9363958306900413,1.0,0
GENE_0693,13.767821088235522,-0.1462867142584837,0.29995989184181016,-0.48768758169719206,0.6257711595631514,1.0,0
GENE_0694,116.73920498568089,0.559654552678435,0.2991790011251125,1.8706344715831018,0.06139563722627539,1.0,0
GENE_0695,124.75795486578487,0.381739331636679,0.20501719066399354,1.8619869407064438,0.06260480713538041,1.0,0
GENE_0696,12.421961333897945,0.1981091784274392,0.3013972859002686,0.6573024632112742,0.5109863254564582,1.0,0
GENE_0697,95.06323801367073,2.4879524329727554,0.2664902995157511,9.335996235111377,0.0,1e-300,1
GENE_0698,102.23415567898195,0.15729191079393093,0.11576187749893518,1.3587539714477916,0.17422468682512693,1.0,0
GENE_0699,298.37259318649575,-0.34479294212535,0.11082978909742043,-3.1110132477313814,0.0018646012520227018,0.18646012520227018,0
GENE_0700,2141.900584553074,0.3428841414226449,0.2884189767023527,1.188840433951404,0.23450259026487696,1.0,0
GENE_0701,279.3342303858328,-2.983944373479016,0.2488753039686894,-11.989716640805876,0.0,1e-300,1
GENE_0702,85.95117647140275,2.5066610263662663,0.2202315516416719,11.38193418554637,0.0,1e-300,1
GENE_0703,370.39432751844146,0.4744570008475324,0.32496068352918356,1.4600443219615615,0.14427797446419244,1.0,0
GENE_0704,1946.4460147882007,0.08434584083523489,0.258089396355229,0.3268086253305153,0.7438127722067842,1.0,0
GENE_0705,93.32255034674486,-0.07048522358479035,0.18695962117384102,-0.3770077364419291,0.7061679713165601,1.0,0
GENE_0706,102.93911265003247,2.2579429255805326,0.1917615882075696,11.774740429957507,0.0,1e-300,1
GENE_0707,932.4573739685933,-1.1446073480402692,0.2434159774207479,-4.70226876710644,2.575855832187557e-06,0.0002575855832187557,1
GENE_0708,289.3670138125837,-1.9094924554115917,0.28527432686531407,-6.693530667108072,2.1904922320459264e-11,2.1904922320459264e-09,1
GENE_0709,1065.5293917173394,-1.0397907575992773,0.23237539287626346,-4.47461645886469,7.661698490535329e-06,0.0007661698490535329,1
GENE_0710,395.25448066535324,2.529736553355172,0.21736543819917853,11.6381729051014,0.0,1e-300,1
GENE_0711,1155.7392622840784,2.164021275017333,0.27626318971662905,7.833187176463975,4.884981308350689e-15,4.884981308350689e-13,1
GENE_0712,85.40313664114267,-0.029907568625891126,0.2704214284748998,-0.1105961491090456,0.9119365013702878,1.0,0
GENE_0713,396.18173146214576,-0.4560827426604632,0.3041936469656614,-1.4993171199000999,0.13379144293366307,1.0,0
GENE_0714,294.1132738840544,-0.056561068330151225,0.09688898229486949,-0.5837719314463918,0.559373681227314,1.0,0
GENE_0715,65.11556496780867,0.02702219363232979,0.2838370756621343,0.09520318502892018,0.9241533202761167,1.0,0
GENE_0716,38.65913419644793,0.045973564632405095,0.2187153217569563,0.21019818942310975,0.8335130570406837,1.0,0
GENE_0717,1128.4762528343542,2.5129421250076955,0.100167142408951,25.08748941592186,0.0,1e-300,1
GENE_0718,238.30978064474454,0.4157476179674213,0.2633327076057703,1.5787921741564594,0.11438374642130844,1.0,0
GENE_0719,87.05843653874541,-0.434413821213659,0.2734658523805245,-1.588548688737844,0.11216232665070835,1.0,0
GENE_0720,349.23030162545115,0.07028018246593996,0.2213793357770648,0.31746496220728604,0.7508909594030888,1.0,0
GENE_0721,2190.813655549558,0.5159718794472964,0.29432572396543594,1.7530641647479288,0.07959090862817009,1.0,0
GENE_0722,13.182540068528388,-0.6938445987748781,0.1610669893299114,-4.307801379174508,1.6500465263025177e-05,0.0016500465263025177,1
GENE_0723,42.73601319591323,0.07185867231202142,0.13451494900348776,0.5342058473378913,0.5931990854330231,1.0,0
GENE_0724,101.0555471209682,3.285011763627419,0.1746981669706852,18.803928058264358,0.0,1e-300,1
GENE_0725,3611.1021162016173,-3.1373628215763327,0.19071363858991391,-16.450647393511872,0.0,1e-300,1
GENE_0726,616.3903663183742,-0.3619230012857688,0.26790207264858557,-1.3509525988644107,0.17671074311095247,1.0,0
GENE_0727,1275.3499119578923,-0.06782028628017764,0.30829038322712143,-0.21998832908846713,0.8258803216038348,1.0,0
GENE_0728,72.94885807457635,0.7365022457707617,0.2746479113212426,2.6816233272180616,0.007326684084494106,0.7326684084494106,0
GENE_0729,75.24099186998001,-0.5057721444708855,0.1269766409487924,-3.983190456856195,6.802716645371021e-05,0.006802716645371021,1
GENE_0730,789.7532659403804,-0.467844000991531,0.1788786128960695,-2.61542726331042,0.008911663191959907,0.8911663191959907,0
GENE_0731,440.2802677995015,-0.5207738280654018,0.12277170263090005,-4.241806677806306,2.2187454485900204e-05,0.0022187454485900204,1
GENE_0732,918.8365298999335,0.6909673146512404,0.26541553388067385,2.603341652798239,0.009232059365303691,0.9232059365303691,0
GENE_0733,304.44593365678725,-0.18493588220851478,0.1470064071185614,-1.2580123943806278,0.2083874112708326,1.0,0
GENE_0734,612.2958554765814,-0.010255624139069686,0.22185447186999863,-0.04622680828844971,0.9631293441632165,1.0,0
GENE_0735,511.41358526603744,-0.1611131764424959,0.2937940576625647,-0.5483881386993246,0.5834253666621223,1.0,0
GENE_0736,1295.4988128370203,-0.3777691513612366,0.26115360422883604,-1.446540063947255,0.14802587142821544,1.0,0
GENE_0737,1353.5856980255983,-0.09406025864577416,0.1605609774795858,-0.5858226582964922,0.5579946102492499,1.0,0
GENE_0738,35.52341329103254,0.983297442294624,0.16987402266641202,5.788392049946106,7.128239554177185e-09,7.128239554177185e-07,1
GENE_0739,13.861249857276647,-1.748425858385747,0.2564083573828186,-6.818911349973437,9.227285602264601e-12,9.227285602264601e-10,1
GENE_0740,1812.7822458926794,-0.34117512711690895,0.2283562923217849,-1.4940474100715695,0.13516329083416512,1.0,0
GENE_0741,2396.075908057928,0.2590296412246743,0.10602624161691199,2.443071048020221,0.01456287545196977,1.0,0
GENE_0742,87.27512373324973,-0.3326091090665506,0.3159777291038574,-1.0526346588092186,0.2925085246412318,1.0,0
GENE_0743,24.785204692948305,-0.7105470555384884,0.2184055769744797,-3.2533375080505134,0.0011407019361491244,0.11407019361491244,0
GENE_0744,468.03928350621544,-1.9339775161809782,0.20780747356331564,-9.306583074317228,0.0,1e-300,1
GENE_0745,1629.8729394842474,0.4640371386574203,0.13357862089071082,3.473887779071163,0.0005130679535594318,0.05130679535594318,0
GENE_0746,5981.291440936359,-1.5741308405989525,0.18178833112204507,-8.659141270966105,0.0,1e-300,1
GENE_0747,875.1946844753412,-0.1879460996878291,0.16986271282507676,-1.1064588370337314,0.2685280633138589,1.0,0
GENE_0748,231.0016735085843,-0.06671029360079449,0.15309863436394522,-0.43573408657722673,0.6630297369825628,1.0,0
GENE_0749,105.66820755293173,0.2999062214632493,0.23319977515462875,1.2860485018237655,0.19842627209914854,1.0,0
GENE_0750,410.4183221627037,0.15659841493924287,0.20481434727567616,0.7645871347502059,0.44451729990608113,1.0,0
GENE_0751,257.5214310893725,-0.15745498851881773,0.32008337503496015,-0.491918671195029,0.6227768442894013,1.0,0
GENE_0752,88.00539693520116,2.575588737432471,0.3341628738027334,7.7075849513818815,1.2878587085651816e-14,1.2878587085651816e-12,1
GENE_0753,8717.89837919557,0.04555007765680491,0.13925782589158453,0.32709169028867874,0.7435986735224818,1.0,0
GENE_0754,5870.837651740099,0.4316038556944453,0.10702846576714684,4.032608078615747,5.5188313537790634e-05,0.005518831353779063,1
GENE_0755,2217.3609918309894,-0.47903531561366286,0.2920411389016923,-1.6403008063015294,0.10094261297566098,1.0,0
GENE_0756,101.36464921345691,0.2555037526703908,0.3486125789824244,0.7329160451300647,0.46360949812722785,1.0,0
GENE_0757,1454.6621981718276,0.13261667805347707,0.31317201886062157,0.42346272995895795,0.6719577628197513,1.0,0
GENE_0758,1053.0432814143328,0.30005930529293345,0.08639829857205837,3.4729770175124037,0.000514811986399577,0.051481198639957704,0
GENE_0759,783.5371188078237,0.3487901998876029,0.14784115869074582,2.359222580345182,0.01831323643507865,1.0,0
GENE_0760,2629.36565579863,-0.2777860967701412,0.09170241480114126,-3.029212451738884,0.0024520603740467717,0.24520603740467717,0
GENE_0761,1046.343217168225,-0.6467837600659785,0.30161043180111496,-2.1444343161594435,0.031997989363328205,1.0,0
GENE_0762,1224.1736873763791,1.4473119641411243,0.23697988359892536,6.10731992168,1.0170828623756734e-09,1.0170828623756734e-07,1
GENE_0763,1048.7554191956494,0.355650927010803,0.21870400611510454,1.626174725046522,0.10391247463521669,1.0,0
GENE_0764,672.6244243634494,-0.21680156141038842,0.22970146813906245,-0.9438405560348253,0.3452511079003071,1.0,0
GENE_0765,27.78741736394393,-0.2776173295430568,0.1481618398480796,-1.8737438049346358,0.06096561846631521,1.0,0
GENE_0766,457.34206688186094,-2.7299834159662852,0.24244235966749295,-11.260340064790773,0.0,1e-300,1
GENE_0767,175.16214043203973,0.7010590218203756,0.0882800841852881,7.9413044095987315,1.9984014443252818e-15,1.9984014443252818e-13,1
GENE_0768,59.15958148573681,0.330285456570124,0.2544231654721267,1.298173678317466,0.19422779670142853,1.0,0
GENE_0769,5027.735329230537,0.3079583925099058,0.2782971341482843,1.1065812569446627,0.2684751067995106,1.0,0
GENE_0770,5396.430585607745,0.38709015471178954,0.26171709120219333,1.4790404131946333,0.13912958521962038,1.0,0
GENE_0771,3098.988046112977,0.23068334461736067,0.16967172994429947,1.3595862121114128,0.17396102703619043,1.0,0
GENE_0772,591.5937257882151,-0.09773154207181163,0.3030909870844365,-0.3224495159421719,0.7471123148190397,1.0,0
GENE_0773,3059.288591345899,-0.06550564164888066,0.27319687922172015,-0.2397744873056102,0.8105051865436255,1.0,0
GENE_0774,410.7890288486008,-0.17102574583684993,0.11464027718955502,-1.4918469322440913,0.13573934127732268,1.0,0
GENE_0775,546.861688259167,1.0538963017660001,0.13268893954534505,7.942608520176184,1.9984014443252818e-15,1.9984014443252818e-13,1
GENE_0776,78.24093251529263,0.22236481251977702,0.2520192715581244,0.8823325737948257,0.37759691496318326,1.0,0
GENE_0777,731.7851476573169,-0.18552017654057384,0.15814235606012705,-1.173121364588988,0.24074726201911978,1.0,0
GENE_0778,441.6770207286464,0.18619870966651195,0.11224689419048398,1.658831729905427,0.09714966867864838,1.0,0
GENE_0779,57.169573483229456,-0.404347567142527,0.1218416281504709,-3.3186323367508637,0.0009047088778082468,0.09047088778082468,0
GENE_0780,373.60695870867374,1.5916897537175458,0.12471663874590816,12.762449098394802,0.0,1e-300,1
GENE_0781,357.95441797953373,-0.26442763832285604,0.20900354484096317,-1.2651825524015234,0.20580603301153877,1.0,0
GENE_0782,5980.9921823740015,0.2004341730489863,0.24399407242596427,0.821471485172266,0.41137765020235983,1.0,0
GENE_0783,1542.747185361547,0.4263910518972538,0.12762861421069205,3.3408734752330562,0.0008352641434472563,0.08352641434472563,0
GENE_0784,410.41471916992276,0.15390741768199712,0.2723740847980697,0.5650589621846721,0.5720335923263984,1.0,0
GENE_0785,585.9186542695588,0.03778799672785529,0.15587340402541267,0.2424274812250495,0.8084490453519448,1.0,0
GENE_0786,431.09072515709556,0.004320833942406063,0.16412069736636942,0.026327172695108602,0.9789962837205892,1.0,0
GENE_0787,297.56390921528015,-0.022576438754842856,0.14034462769000905,-0.16086428904645592,0.8722002738960486,1.0,0
GENE_0788,79.54788790663079,-0.2306793955710009,0.29200565670466155,-0.7899826262760147,0.4295377906403539,1.0,0
GENE_0789,321.63655072207746,-0.1797933719078817,0.3391497348929568,-0.5301297728114942,0.5960219233078965,1.0,0
GENE_0790,131.7429420253261,0.591836149460374,0.212974959143085,2.7789001666752524,0.005454445489350146,0.5454445489350146,0
GENE_0791,61.83853362625114,-0.04341465307406267,0.0913482731866379,-0.47526517535104557,0.6345980013873342,1.0,0
GENE_0792,868.5565725801537,-0.31431850775310927,0.15035371543487847,-2.0905270404790737,0.03657035504406014,1.0,0
GENE_0793,725.5260586690841,-0.20651903874460342,0.12267357860208844,-1.683484260408521,0.0922813339311519,1.0,0
GENE_0794,27.658655942290117,0.44014827227888925,0.3075458169100448,1.4311632546367226,0.15238352757241924,1.0,0
GENE_0795,335.61781048411467,2.424112727449404,0.1029105766069654,23.555525655128147,0.0,1e-300,1
GENE_0796,1796.4218041821784,0.2241316712929028,0.3409485849858636,0.6573767458286877,0.5109385726171369,1.0,0
GENE_0797,1976.0113225848952,-0.1030084795639166,0.238898719688649,-0.4311805425251549,0.6663371705709329,1.0,0
GENE_0798,1879.4891014193515,1.5695278777159603,0.21978974251002403,7.1410424335174705,9.325873406851315e-13,9.325873406851315e-11,1
GENE_0799,427.6776725553419,1.8937204384953021,0.3087846680531804,6.132818868355072,8.667364603809347e-10,8.667364603809347e-08,1
GENE_0800,113.57143339222401,-0.10384561253830982,0.08743785774869317,-1.1876504664235312,0.23497127279503838,1.0,0
GENE_0801,79.3962993086036,-3.197783628091596,0.28983124233989255,-11.033260604602015,0.0,1e-300,1
GENE_0802,676.4830264996276,0.34971107156762576,0.11148309230349947,3.1368978411145876,0.0017075898950653645,0.17075898950653645,0
GENE_0803,712.5998563227581,-0.3927639383803213,0.3070100867139166,-1.2793193298118355,0.20078476571022108,1.0,0
GENE_0804,2782.1983495497257,-0.34221058116343034,0.22287757919422269,-1.535419499801804,0.12468085549748165,1.0,0
GENE_0805,2100.5814692700765,-1.768002834080783,0.09650493863722479,-18.320335301460027,0.0,1e-300,1
GENE_0806,330.8473250042546,0.690452949867804,0.30497616047635756,2.263957119760938,0.023576680275613437,1.0,0
GENE_0807,62.407857049814574,1.3007142878902334,0.08737481160923795,14.886604776984854,0.0,1e-300,1
GENE_0808,249.9697984797623,0.11133317582820171,0.11736008708127293,0.9486459885727799,0.3428006721056651,1.0,0
GENE_0809,558.8308269589434,-0.5504173326292593,0.2954126214331898,-1.863215356063387,0.06243184904296806,1.0,0
GENE_0810,297.93493743593905,1.974177964957164,0.20551520344163055,9.605994748305132,0.0,1e-300,1
GENE_0811,169.55185985702798,-0.14577136722569659,0.31797495017580507,-0.4584366383109773,0.6466388162162997,1.0,0
GENE_0812,589.5309510229363,-0.16820333737475637,0.25156590365359255,-0.6686253380600146,0.503734373839547,1.0,0
GENE_0813,189.4383019031495,-0.21351837586368339,0.24835276368001014,-0.8597382718832592,0.38993324600025514,1.0,0
GENE_0814,157.26006099307784,0.002882824150548061,0.158903478655644,0.018141982635857593,0.9855255109906254,1.0,0
GENE_0815,643.6655452038342,-1.668331786143931,0.11609374135896805,-14.370557504778489,0.0,1e-300,1
GENE_0816,220.74564913148592,-0.5849829539416611,0.3395165455421043,-1.7229880594114253,0.08489061360824524,1.0,0
GENE_0817,581.8173596620418,0.3119478450091106,0.1082953760687167,2.8805278335352957,0.003970230958486143,0.3970230958486143,0
GENE_0818,607.7757819594016,0.3011488668595522,0.22283286201986324,1.351456262464142,0.17654944707873632,1.0,0
GENE_0819,73.02899093178846,0.33726972400906763,0.15359351952539066,2.195859076940504,0.02810193405002237,1.0,0
GENE_0820,196.00463642922452,1.5453729614025788,0.15131797916699274,10.21275178210729,0.0,1e-300,1
GENE_0821,3486.5410126855377,-1.8619154849148858,0.24053827921175952,-7.740620291358016,9.992007221626409e-15,9.992007221626409e-13,1
GENE_0822,70.58945218780863,-1.8507516091663208,0.29544221163829454,-6.264343875925787,3.7599545699151804e-10,3.7599545699151804e-08,1
GENE_0823,16.861253991774124,-0.412480827375834,0.2898384603644452,-1.4231404171039872,0.15469555313960082,1.0,0
GENE_0824,24.710599228119147,0.0036692992728516575,0.3145764560822594,0.011664252686132883,0.990693431265045,1.0,0
GENE_0825,421.4347325850411,-2.553082945534159,0.15908373923633912,-16.048673219462295,0.0,1e-300,1
GENE_0826,422.578791027257,1.685574555975927,0.20575287306306989,8.19222852581623,2.220446049250313e-16,2.220446049250313e-14,1
GENE_0827,338.1818325185285,0.7697984148050292,0.08252033476940673,9.328590546271284,0.0,1e-300,1
GENE_0828,2493.1063533223946,-0.6657425573320803,0.28165155824681865,-2.3637098316660925,0.018092947986919405,1.0,0
GENE_0829,7.321010393492621,0.9975708022911958,0.1616326402784164,6.171840047733269,6.777107763866752e-10,6.777107763866752e-08,1
GENE_0830,730.6253502762501,-0.36609028846132957,0.23160325398295034,-1.5806785188271992,0.11395157346838891,1.0,0
GENE_0831,4197.134471397492,0.39226931773097035,0.12571107614525168,3.120403784291262,0.0018061678008729487,0.18061678008729487,0
GENE_0832,74.31619180378712,0.3881991923454924,0.3012378669262687,1.2886799269512437,0.19750952047109793,1.0,0
GENE_0833,228.21547131768722,-0.3982760907367227,0.30066349920513497,-1.3246572722982553,0.18528498274382477,1.0,0
GENE_0834,130.40723409690563,0.19730711753563962,0.31691228698329793,0.6225921986610705,0.5335524283301547,1.0,0
GENE_0835,105.47573546637595,-0.04301349770642559,0.09240298921881517,-0.4654989851526053,0.6415741978727336,1.0,0
GENE_0836,247.30119147895473,0.22173200185295627,0.3479638516392537,0.6372271165765621,0.523976798427567,1.0,0
GENE_0837,3433.130909889014,0.09226892095225028,0.1469004418987175,0.6281051286140197,0.5299349597081187,1.0,0
GENE_0838,6349.1740542579655,0.47853579414809877,0.16354709523278432,2.925981616897421,0.00343384807422753,0.343384807422753,0
GENE_0839,243.7373381408226,0.030159817258424905,0.14732064688142044,0.20472227007461338,0.8377891765161904,1.0,0
GENE_0840,7027.528238772552,-0.0671496277705245,0.15223382855896372,-0.4410953098017624,0.6591440588632627,1.0,0
GENE_0841,425.5424531734104,0.43842569322287217,0.22921856614798458,1.9126971282937983,0.055786703284811834,1.0,0
GENE_0842,5600.082115240977,-2.196233595353712,0.14474884696202048,-15.172719102418581,0.0,1e-300,1
GENE_0843,350.7423911004519,0.2927253577283552,0.18631825407810926,1.5711040186413372,0.11615850623174295,1.0,0
GENE_0844,491.07002712908604,-0.2658346689034387,0.2570137772596681,-1.0343206957145281,0.3009863104463859,1.0,0
GENE_0845,697.9948391479911,-0.41810511255938965,0.3057270749659862,-1.3675763345654162,0.17144484911589686,1.0,0
GENE_0846,47490.288621738364,-2.0282018815520657,0.26704020507205745,-7.595118049751276,3.108624468950438e-14,3.1086244689504383e-12,1
GENE_0847,1446.5379535493696,-0.24832855427223546,0.24046716809257723,-1.0326921393968913,0.30174803769531855,1.0,0
GENE_0848,139.64496049691965,-1.92612397799487,0.11988671188608854,-16.066200729777243,0.0,1e-300,1
GENE_0849,1725.8876993412634,0.39039362011762074,0.30035121241614626,1.2997903919785676,0.19367295511510996,1.0,0
GENE_0850,234.45207461922277,-0.062052115812960155,0.09006421975812044,-0.6889763324393354,0.4908380253221185,1.0,0
GENE_0851,193.51881166436675,0.5723676075297409,0.15133174907353156,3.782204402141877,0.0001554964510277479,0.01554964510277479,1
GENE_0852,1576.404720564168,0.547387757506052,0.09540590757162952,5.737461876719535,9.639109510573007e-09,9.639109510573007e-07,1
GENE_0853,422.68549068432475,0.0973595665602157,0.26020582340780485,0.3741636727615813,0.7082826668014621,1.0,0
GENE_0854,612.6929246033719,-0.32875670861721606,0.1794601923002489,-1.83191996176614,0.06696323054363562,1.0,0
GENE_0855,411.9812476075211,0.6301506597742161,0.256053090465314,2.4610156379252097,0.013854445882634181,1.0,0
GENE_0856,668.391907855118,1.7261758360722437,0.17369835901196937,9.937778605918176,0.0,1e-300,1
GENE_0857,763.1456056370508,1.1630391747488407,0.20304999731586343,5.727846294622814,1.0201332667492125e-08,1.0201332667492125e-06,1
GENE_0858,22.077292706076467,-0.13584201024262746,0.20364947274486883,-0.6670383596465763,0.5047475004727282,1.0,0
GENE_0859,1096.4785472491578,-0.35591613051887905,0.09230677649023704,-3.8557963353483915,0.00011539625835466083,0.011539625835466083,1
GENE_0860,92.4780084952062,-2.5744694368122962,0.19616116211342094,-13.124256652413848,0.0,1e-300,1
GENE_0861,46.365298239588284,0.25314732942291523,0.2530873780411047,1.0002368801726682,0.3171959052914004,1.0,0
GENE_0862,369.5858794964101,-2.4887492647752953,0.2274341064403671,-10.942726681267754,0.0,1e-300,1
GENE_0863,457.58904743210405,1.2238124915987294,0.10032661689513755,12.198283261937071,0.0,1e-300,1
GENE_0864,142.55683369474693,2.7062232150051706,0.2603751161354222,10.393555479386334,0.0,1e-300,1
GENE_0865,1403.2521507343715,-0.502952989992548,0.16339294382712044,-3.0781806007773658,0.0020828237111845116,0.20828237111845116,0
GENE_0866,53.87880920597053,0.20405548624537648,0.08389739675033597,2.432202835239454,0.015007301178435961,1.0,0
GENE_0867,219.1122984806824,0.6117253915869182,0.1220108004127462,5.013698701406212,5.347916647302497e-07,5.3479166473024975e-05,1
GENE_0868,167.78590599054007,2.8284282678332793,0.21434110747547103,13.195920750558601,0.0,1e-300,1
GENE_0869,376.19931442279625,0.22889696807490975,0.16380844793811852,1.3973453198297778,0.16230986386808532,1.0,0
GENE_0870,612.9580054427569,-1.7167300636426885,0.2674834137134587,-6.418080432761838,1.3865086856412745e-10,1.3865086856412745e-08,1
GENE_0871,88.9576643914128,1.416590357571186,0.1449764384027564,9.771176428239892,0.0,1e-300,1
GENE_0872,1195.6246126053968,-0.4294462916550268,0.2886549654882955,-1.4877495383755668,0.13681702428098097,1.0,0
GENE_0873,443.4138588253964,-0.7580183399791525,0.15734883897637458,-4.817438405713095,1.4560423025056224e-06,0.00014560423025056224,1
GENE_0874,23.619688436845006,0.04679209360955478,0.24763320104779218,0.188957269911978,0.8501263395265748,1.0,0
GENE_0875,21.372666502814916,1.4023685589537735,0.29578842266781863,4.741120515486455,2.1279719930600294e-06,0.00021279719930600294,1
GENE_0876,396.04231460381845,-0.5288783864349795,0.1841001547338122,-2.872775349915796,0.004068964513569195,0.40689645135691954,0
GENE_0877,289.61400620814663,-0.21487751760536722,0.09263733429017702,-2.319556356536397,0.02036484038590114,1.0,0
GENE_0878,345.45757051718886,-2.453378268875108,0.22457029068589784,-10.924767748137267,0.0,1e-300,1
GENE_0879,386.8458584870019,0.15856340088282708,0.34876044661701505,0.4546484626364486,0.6493622095406684,1.0,0
GENE_0880,565.8560737834986,-2.2643342179608887,0.34162780392176667,-6.628073570028934,3.4190206221751396e-11,3.4190206221751396e-09,1
GENE_0881,1671.4961704512896,0.35751949837418273,0.13967599236492542,2.5596345679800647,0.010478281210929197,1.0,0
GENE_0882,76.19856638143311,0.30095349308507124,0.28403805754454814,1.0595534122671928,0.2893478809840915,1.0,0
GENE_0883,69.54976994840966,-2.5666379550083853,0.1731369945914178,-14.824318517630147,0.0,1e-300,1
GENE_0884,78.25824671286001,-0.0007673600036216628,0.1232735696494347,-0.006224854247377444,0.9950332865602673,1.0,0
GENE_0885,622.2705716172517,0.1213867603266679,0.25979696916267314,0.4672370148038986,0.6403303464132599,1.0,0
GENE_0886,2610.823761543558,0.20460548076767654,0.2152345569722276,0.9506163120175792,0.3417991658484003,1.0,0
GENE_0887,211.23913704453753,0.056662678956410285,0.22559225056703286,0.2511729849495581,0.8016804810903462,1.0,0
GENE_0888,9.463575142983677,-0.15887772396682956,0.30339601880358724,-0.5236644982796691,0.6005118844261583,1.0,0
GENE_0889,31.31229105987935,-0.1329770137359081,0.17086679248960424,-0.778249604843484,0.43642175009176043,1.0,0
GENE_0890,115.63572124395259,-0.32702335933198623,0.26011558508002897,-1.2572232426264345,0.20867294664514002,1.0,0
GENE_0891,174.7587879866211,0.16864673196393187,0.17887169607990883,0.9428363215642062,0.3457646049066603,1.0,0
GENE_0892,218.63792675561396,-0.03760606963406222,0.09153545207671589,-0.4108361162901622,0.6811927976721175,1.0,0
GENE_0893,427.4646882888876,-0.26526950025470597,0.1820640789808142,-1.457011738612425,0.1451132227873626,1.0,0
GENE_0894,252.7448555449235,-0.26489792772983706,0.33650930506511634,-0.787193470559686,0.43116849370586574,1.0,0
GENE_0895,1946.9307083653841,-0.48415949111311546,0.21048087016387257,-2.300254131105439,0.021433769718629314,1.0,0
GENE_0896,146.3460527507988,-3.3739319266341496,0.10922221794595441,-30.890527496004946,0.0,1e-300,1
GENE_0897,110.66670877958063,-2.090616302365544,0.26571324393158097,-7.867941663095502,3.552713678800501e-15,3.552713678800501e-13,1
GENE_0898,827.4207297352257,-0.3451200078293081,0.3401124244240007,-1.0147233180728048,0.3102377666247793,1.0,0
GENE_0899,40.30747336703226,0.3234190998408073,0.3251452165669494,0.9946912436714668,0.3198864701786073,1.0,0
GENE_0900,723.8162472126404,-0.2241795239177492,0.2344294262081974,-0.9562772367947305,0.33893217255142183,1.0,0
GENE_0901,470.5159109623717,-0.5626002508048931,0.1815958009741034,-3.098090637487389,0.0019478547257043566,0.19478547257043566,0
GENE_0902,323.3826397006208,0.4084889156876532,0.23678297049749492,1.7251617159350354,0.08449826107250491,1.0,0
GENE_0903,4369.5449871017645,-1.5909338385224614,0.3003013867937973,-5.297790514750037,1.1745625361214707e-07,1.1745625361214707e-05,1
GENE_0904,158.64814603148892,-0.1635596360835158,0.31253408234498264,-0.5233337588537775,0.6007419847237903,1.0,0
GENE_0905,8870.152392188784,-1.4183931732776223,0.3010878489344591,-4.7108947714006835,2.4692097002620983e-06,0.00024692097002620983,1
GENE_0906,287.6811722623121,0.457035689116046,0.20297862217926915,2.2516444550125856,0.024344672501379172,1.0,0
GENE_0907,59.41075868106027,2.076524756202085,0.11209165718396209,18.525239151332585,0.0,1e-300,1
GENE_0908,448.03859196872384,3.460785029454597,0.23367682521946959,14.810133722949304,0.0,1e-300,1
GENE_0909,80.28896581728519,0.2175508016448721,0.1222357835690086,1.779763628070933,0.07511455568981651,1.0,0
GENE_0910,130.62965105916444,-0.19399588970468962,0.09645875015242111,-2.0111797985993323,0.04430633120328786,1.0,0
GENE_0911,731.8312466522952,0.7551695886117865,0.21464031502579245,3.518302647482794,0.0004344026727871597,0.04344026727871597,1
GENE_0912,928.3168734626319,-0.00044788879915606816,0.2569508315125895,-0.001743091456522971,0.9986092052581836,1.0,0
GENE_0913,158.65760452890677,-0.8940141991594666,0.3106197727297261,-2.8781625564363504,0.004000121383506361,0.4000121383506361,0
GENE_0914,1774.2050058824034,2.773532287653312,0.29136559956766195,9.519079437547783,0.0,1e-300,1
GENE_0915,2289.895900073206,0.7778391169040915,0.31145493844426797,2.497437095682073,0.01250949423066805,1.0,0
GENE_0916,3478.8346112032764,0.6303681154181558,0.2852185681216404,2.210122992936826,0.027096534964689667,1.0,0
GENE_0917,892.5835392630019,2.542821444211615,0.2698746371646576,9.42223200715291,0.0,1e-300,1
GENE_0918,3118.611245622526,-0.40790407415258545,0.0827371436679889,-4.930120331316248,8.230030674738487e-07,8.230030674738487e-05,1
GENE_0919,24.01797138978557,0.36486095839071153,0.2490476241884868,1.4650248504863217,0.14291421657685777,1.0,0
GENE_0920,250.4201674850851,-0.2887978158946847,0.11253008711756177,-2.566405334717048,0.010275922749672706,1.0,0
GENE_0921,109.89134616690224,0.0897157597667698,0.09584012572978609,0.936098101746199,0.34922264967722105,1.0,0
GENE_0922,482.4314275882457,2.595849909524157,0.12223128106852696,21.23719793191758,0.0,1e-300,1
GENE_0923,171.198922726919,-0.25778230595308654,0.30228888358927253,-0.8527680637550067,0.39378784615339146,1.0,0
GENE_0924,314.43055378252905,-0.27049867894544616,0.28083933613700574,-0.9631794557920655,0.3354574639613006,1.0,0
GENE_0925,6790.380928010014,0.3594221120570465,0.3361685494054073,1.069172332428981,0.2849920929559806,1.0,0
GENE_0926,312.755052836826,0.3202876486678622,0.3443235898356108,0.9301937425221897,0.3522707459155976,1.0,0
GENE_0927,750.4615939289383,0.11072789173232832,0.32118667632097514,0.3447462173732056,0.7302853016025259,1.0,0
GENE_0928,284.7455587280505,3.4516006878564705,0.11589003376378977,29.783412565843385,0.0,1e-300,1
GENE_0929,451.9492667979657,-0.124655773579888,0.31716334004974467,-0.3930333611707352,0.6942949455493221,1.0,0
GENE_0930,407.0862260636212,-0.29844659317709044,0.3064320263929342,-0.9739406050018932,0.33008603031656425,1.0,0
GENE_0931,790.3580723887013,0.34787030267779645,0.3151931821621182,1.1036733100999339,0.269734968012703,1.0,0
GENE_0932,2316.84425391917,0.4712739411268738,0.12095511662145268,3.8962712309376446,9.772370280414222e-05,0.009772370280414222,1
GENE_0933,4774.721833268121,0.42255423441235324,0.11153379349879573,3.7885758312068503,0.000151563431820545,0.0151563431820545,1
GENE_0934,641.898455940946,-2.040783721829501,0.32942839748770203,-6.194923502020453,5.85512527351284e-10,5.85512527351284e-08,1
GENE_0935,976.8375159521668,-2.938561131681686,0.12693319526631622,-23.150454264673197,0.0,1e-300,1
GENE_0936,71.78698815919196,-1.0151452928256293,0.1795278673815023,-5.65452766543711,1.567108953715035e-08,1.5671089537150351e-06,1
GENE_0937,353.6065613256598,0.5686507912328834,0.20311590936339624,2.7996368822862907,0.005116132839666054,0.5116132839666054,0
GENE_0938,1653.1439817509838,1.3743355206669263,0.11359948251398239,12.09807906033169,0.0,1e-300,1
GENE_0939,1478.7508019753382,-0.300289847306045,0.0855712577687878,-3.509237273541351,0.00044948106427389334,0.044948106427389334,1
GENE_0940,554.1384687965084,0.6570641173744937,0.3484044268371213,1.8859235611310714,0.05930512677176125,1.0,0
GENE_0941,1524.7579259384856,0.5060639781953308,0.3166974561054395,1.5979414057144958,0.11005601846158752,1.0,0
GENE_0942,842.31163912451,0.00977948876791466,0.32633124092467203,0.029967982042430584,0.9760924819883319,1.0,0
GENE_0943,2441.7234169623675,-0.11736123642558956,0.156832028703472,-0.7483244168669699,0.4542643641371562,1.0,0
GENE_0944,622.6837312766287,-0.052840485125250095,0.13942742464126853,-0.378982006310472,0.7047013402327078,1.0,0
GENE_0945,236.6193014557101,0.09086511935498642,0.19498397070736517,0.4660132780420096,0.6412060301221292,1.0,0
GENE_0946,667.6485320192375,0.6400189125278433,0.20239622962406184,3.1622076839901503,0.0015659103143992326,0.15659103143992326,0
GENE_0947,4.973423501247676,0.1689869696948907,0.08151184849334497,2.0731583545021386,0.03815741450661925,1.0,0
GENE_0948,716.4644318950031,0.29041161321565656,0.29039834039115486,1.0000457055797352,0.31728840938106484,1.0,0
GENE_0949,1.694488223457157,1.3622853921458495,0.34910010029834465,3.902277286605263,9.53300399597623e-05,0.00953300399597623,1
GENE_0950,30.411015321780344,-0.4678704004097676,0.22274653492756413,-2.100460959188058,0.03568818663611717,1.0,0
GENE_0951,794.452264246979,-1.4752394293709374,0.18482984765336183,-7.9816082093930385,1.3322676295501878e-15,1.3322676295501878e-13,1
GENE_0952,825.7516033019458,-0.11782750186464455,0.18604301116972488,-0.6333347386919678,0.5265149558153919,1.0,0
GENE_0953,70.55247998129717,-1.0064380783091065,0.10594082568646718,-9.500002211495586,0.0,1e-300,1
GENE_0954,138.63532677034442,-0.8512678167943248,0.15186369095828317,-5.6054729831910075,2.0824414637132804e-08,2.0824414637132804e-06,1
GENE_0955,3152.0599892565415,-0.4072470446074743,0.2155758529313504,-1.88911252846654,0.058876622195084494,1.0,0
GENE_0956,195.18636159129358,0.21248929143703257,0.19659896030636825,1.0808261198630031,0.27977454440936333,1.0,0
GENE_0957,11665.376600676544,0.045519826136118574,0.22715938135063973,0.20038717250182536,0.8411778411068835,1.0,0
GENE_0958,402.2686786561746,0.0737466828702656,0.30924772513209975,0.2384712218619025,0.8115157321383464,1.0,0
GENE_0959,744.0098435487906,0.7803773930746769,0.14081542172889522,5.541846081156494,3.0006283902039854e-08,3.0006283902039854e-06,1
GENE_0960,4561.065774820424,2.2541546051637074,0.08746932884470422,25.770800290074295,0.0,1e-300,1
GENE_0961,491.04740661777845,-0.010973341673489439,0.09032087022634,-0.12149286921163119,0.9033005791307473,1.0,0
GENE_0962,89.70118942083036,0.12177420912552624,0.11622557743285175,1.0477401946734157,0.29475837840817154,1.0,0
GENE_0963,342.2046063853645,-0.29450924661533423,0.23403040589718865,-1.2584230048496963,0.20823895392557534,1.0,0
GENE_0964,382.44463424386674,0.011330698033176385,0.2982098987102397,0.03799571403290686,0.9696909782821317,1.0,0
GENE_0965,52.08554805486005,-0.6399797336337381,0.3194376036057705,-2.0034577219767784,0.04512804320280672,1.0,0
GENE_0966,274.8572557735449,1.6144616912473087,0.2514805645332422,6.41982689296015,1.3707035506627108e-10,1.3707035506627108e-08,1
GENE_0967,132.51712190519527,-0.27264582101217355,0.18884867816174122,-1.4437263933542785,0.14881604364079104,1.0,0
GENE_0968,1614.1061836320387,-2.6714636145524606,0.1217189712021598,-21.947799822555993,0.0,1e-300,1
GENE_0969,424.9271792395986,3.1994411401521767,0.18838295164973934,16.983708515730775,0.0,1e-300,1
GENE_0970,263.9623227957734,1.5402801377054278,0.16975208615510154,9.073703732265667,0.0,1e-300,1
GENE_0971,344.02939491813294,-0.021321147596461754,0.3149069878314272,-0.06770617490354064,0.9460193947038296,1.0,0
GENE_0972,563.7906685835266,-0.012297532904211927,0.21141423190086395,-0.05816795205148946,0.9536147094551151,1.0,0
GENE_0973,1017.6194434168626,-0.23361173328880314,0.14107289298772277,-1.6559647168299994,0.09772892999615568,1.0,0
GENE_0974,90.05599621255315,0.04764957174651105,0.15797628804026057,0.3016248345724357,0.7629382108048686,1.0,0
GENE_0975,84.57329468083438,0.127199477765619,0.11684694442652603,1.0885990933686989,0.27633079861967724,1.0,0
GENE_0976,2115.4415134608334,-0.31370340356607196,0.3280180712486654,-0.9563601248306173,0.33889030860051816,1.0,0
GENE_0977,217.34689936311514,-0.05001776634395369,0.09359337848384651,-0.5344156515579397,0.5930539538330937,1.0,0
GENE_0978,48.17002121708616,-0.2440395464228455,0.08346848711009144,-2.9237327148504266,0.003458751539326288,0.3458751539326288,0
GENE_0979,785.0277473297947,0.9198656278459355,0.12940701205225455,7.108313631988456,1.1826095658307167e-12,1.1826095658307167e-10,1
GENE_0980,808.3981596953103,-2.897160600648216,0.2989359848358689,-9.691575279031412,0.0,1e-300,1
GENE_0981,40.60645784233274,0.6180928606786238,0.2213360323903919,2.7925541720583174,0.005229490570055173,0.5229490570055173,0
GENE_0982,569.1947104374303,-0.07824893232307534,0.2489776875917863,-0.3142809023568775,0.7533078395228494,1.0,0
GENE_0983,1216.0639342382935,-1.841517583913792,0.17658755236224838,-10.428354429739972,0.0,1e-300,1
GENE_0984,707.388257814897,-0.5285456286581077,0.0985430560982759,-5.363600943439333,8.175869292692539e-08,8.175869292692539e-06,1
GENE_0985,1041.03659910859,-0.17882903674714587,0.31116270387288536,-0.5747123113450004,0.5654858035458163,1.0,0
GENE_0986,49.08710401075888,3.3884555435106214,0.13181145347386,25.70683695694622,0.0,1e-300,1
GENE_0987,662.8576309384625,0.6344015323839467,0.08892598414718096,7.134040049913328,9.814371537686384e-13,9.814371537686384e-11,1
GENE_0988,256.2286886613043,0.08879311107050847,0.23463011670196227,0.3784386775176755,0.7051048551402683,1.0,0
GENE_0989,195.54973810231107,0.5534881444771996,0.10248808950384229,5.40051187564043,6.660199680652568e-08,6.660199680652568e-06,1
GENE_0990,1488.960365499979,-2.26927210883281,0.10585570000215523,-21.437410633405733,0.0,1e-300,1
GENE_0991,3710.462333425778,0.6509605357858743,0.2961017985002818,2.1984349270518018,0.027918030343483835,1.0,0
GENE_0992,5952.431567712365,-0.02361688692202217,0.21273458911585874,-0.11101573571169486,0.9116037692313144,1.0,0
GENE_0993,2899.2628884185115,1.5206999860895127,0.14520728210672862,10.472615174849048,0.0,1e-300,1
GENE_0994,342.20115188020594,-2.455417670611446,0.17412913430707005,-14.10113063722818,0.0,1e-300,1
GENE_0995,684.768102561667,-0.30658473367906763,0.27689506428765626,-1.107223541408336,0.2681973843553518,1.0,0
GENE_0996,1274.4045229562494,-0.4840211398756137,0.09791561908428249,-4.94324750639614,7.694676689151692e-07,7.694676689151692e-05,1
GENE_0997,483.84612080732217,0.9324098686232282,0.11144976630196668,8.366189535982675,0.0,1e-300,1
GENE_0998,490.85377942642504,1.8305319469516559,0.24639074944745376,7.429385847710335,1.1013412404281553e-13,1.1013412404281553e-11,1
GENE_0999,1388.0146528429057,3.4972288718860582,0.24388236830611892,14.339818397598831,0.0,1e-300,1
GENE_1000,369.10310817655926,1.5583064704048513,0.34256478982455035,4.5489394026833905,5.396961041181925e-06,0.0005396961041181925,1
GENE_1001,135.1073429484948,0.2750768740471128,0.1811283599389714,1.5186847280006068,0.1288419211202081,1.0,0
GENE_1002,216.65157138121128,0.7864509885502362,0.09757095933792928,8.060297796462425,8.881784197001252e-16,8.881784197001252e-14,1
GENE_1003,1044.0530346240023,-0.6191331330959646,0.22513510740939952,-2.75005147007168,0.005958701411505896,0.5958701411505896,0
GENE_1004,405.2442358396205,-3.1291045657418715,0.2523536391756834,-12.399680765306712,0.0,1e-300,1
GENE_1005,672.038052929087,-0.1850085535771302,0.11769275216228725,-1.571962165707713,0.11595934221427262,1.0,0
GENE_1006,1102.261065615202,-0.7894730705634406,0.22927273285450311,-3.443379684685146,0.0005745890257258246,0.05745890257258246,0
GENE_1007,229.92146765827877,0.42413088191187764,0.13339712284773142,3.1794604925325833,0.001475625118524615,0.1475625118524615,0
GENE_1008,1254.349318056328,-0.10815862232134338,0.3080771156278884,-0.3510764572724155,0.7255311194592742,1.0,0
GENE_1009,712.1324398843536,0.2958524819946249,0.305493603861634,0.9684408388747288,0.33282424694588864,1.0,0
GENE_1010,63.29335641121189,-3.066369653723867,0.19599985591957927,-15.64475463176886,0.0,1e-300,1
GENE_1011,3510.3014177625214,-0.14129747673104331,0.34102066143845705,-0.4143369968700352,0.6786274085975026,1.0,0
GENE_1012,190.35350276462842,-0.16846119306286209,0.3445389461014302,-0.4889467358307531,0.6248794158681052,1.0,0
GENE_1013,33.695253617290625,0.04746566788959841,0.11489779401585726,0.4131120905858957,0.67952457867795,1.0,0
GENE_1014,84.13599145202004,2.937978299646799,0.17928272730476624,16.387402979721923,0.0,1e-300,1
GENE_1015,87.21987759273786,-0.22668521012405995,0.24208679691259405,-0.9363798976856434,0.3490775938658284,1.0,0
GENE_1016,436.2694155069257,2.2634941363984655,0.10290620858698998,21.995700429338623,0.0,1e-300,1
GENE_1017,267.5280021202162,0.4228757080965464,0.183316986029817,2.3068004621664713,0.02106589228836997,1.0,0
GENE_1018,243.4111645237606,0.15145572953521425,0.1505164626844795,1.006240293147891,0.31430001854502865,1.0,0
GENE_1019,1022.0369740329994,-1.1333774558629548,0.3370535596610101,-3.3626034301576384,0.0007722203824946927,0.07722203824946927,0
GENE_1020,671.7008258665636,-0.4901567197876433,0.191128172164497,-2.5645445893020073,0.01033118546230094,1.0,0
GENE_1021,648.117369658038,0.6004943455308842,0.28592113180782835,2.1002097387278287,0.035710270181134485,1.0,0
GENE_1022,746.0127461076898,0.16077131323152502,0.1844104481482869,0.8718123883211144,0.3833106564592026,1.0,0
GENE_1023,1016.5827148875486,-0.3048783724148996,0.11558925901308557,-2.6376012357721326,0.008349550453068622,0.8349550453068622,0
GENE_1024,17.082763750045803,-0.06816386289399286,0.31305091314342876,-0.2177405017271507,0.8276313794789734,1.0,0
GENE_1025,233.53749014877022,0.0052946691206680815,0.08011256756383804,0.06609036861100478,0.94730573956585,1.0,0
GENE_1026,15.328056438371398,0.29429334411206554,0.0951040359731015,3.094435910115331,0.0019720117421577754,0.19720117421577754,0
GENE_1027,425.8511577214734,-0.5433053579435158,0.17838378959220166,-3.045710370799675,0.0023214514390201835,0.23214514390201835,0
GENE_1028,400.6349011640101,-0.33637965546818327,0.26546252899005884,-1.2671455242588312,0.20510339776116515,1.0,0
GENE_1029,1935.8434697859848,0.10918230194535555,0.17226015972850944,0.6338221334371934,0.526196789902857,1.0,0
GENE_1030,2395.7499421613493,1.7768506694411423,0.09790446075766324,18.148822389607652,0.0,1e-300,1
GENE_1031,546.8434545713146,0.22874367305468396,0.16581680910822016,1.3794962904236967,0.1677419060333305,1.0,0
GENE_1032,190.4630826464728,-0.49180295894383913,0.14614483192734382,-3.365175165334207,0.0007650588640548683,0.07650588640548683,0
GENE_1033,835.2588433244636,0.14285147050852845,0.08146334595091345,1.7535674338076541,0.07950456991269439,1.0,0
GENE_1034,182.75081239566626,0.4366334477509889,0.22439651655870846,1.945812058257835,0.05167718235654739,1.0,0
GENE_1035,402.58691958924527,0.19472741885971337,0.11149439698093024,1.7465220148508371,0.08072020290830828,1.0,0
GENE_1036,1770.8314755116007,0.055644695904636755,0.15762399797509985,0.3530217265103696,0.7240722815067131,1.0,0
GENE_1037,174.74765834855404,-0.03835344102638835,0.2531212541600519,-0.15152200929810883,0.8795639185822304,1.0,0
GENE_1038,1350.8887104247299,-0.33394046110860076,0.27578123598220383,-1.2108889856819336,0.22593808648837332,1.0,0
GENE_1039,1114.4341352331808,-0.028799436975915388,0.15113301925112607,-0.19055688239815805,0.8488728089462323,1.0,0
GENE_1040,96.33312861167738,-2.096017726325372,0.16888229118761316,-12.411116118722497,0.0,1e-300,1
GENE_1041,1738.6099477432854,-0.04761140264005009,0.1466654942944156,-0.3246257946976621,0.7454644395574266,1.0,0
GENE_1042,1150.3822047041203,-0.35592159573936405,0.3383599220853718,-1.0519023457203696,0.292844413653234,1.0,0
GENE_1043,470.0733898160545,-0.19689883550615453,0.13144032628659874,-1.4980093329715793,0.13413088619887192,1.0,0
GENE_1044,128.57531131870832,0.08034011891037207,0.1294587629810926,0.6205846329777283,0.5348728435572199,1.0,0
GENE_1045,111.1844987241412,2.03780152653019,0.20015952987451363,10.18088685463916,0.0,1e-300,1
GENE_1046,180.0988982350565,0.19412131322525628,0.13111271698415367,1.4805681530397836,0.13872175736767955,1.0,0
GENE_1047,910.4069478040825,0.20913750429961217,0.12231128319711419,1.7098790792879732,0.08728817175248027,1.0,0
GENE_1048,96.21278498545192,0.3555932721618593,0.10588747517929308,3.358218444247103,0.000784574964889817,0.0784574964889817,0
GENE_1049,777.6436399682299,0.5694237889060132,0.2528462369892273,2.252055619598855,0.024318680685075922,1.0,0
GENE_1050,62.63766075287133,1.0910798682746528,0.2452622088235119,4.448626119402611,8.649609342548104e-06,0.0008649609342548104,1
GENE_1051,297.04900445046826,-0.37369562565918396,0.2555439808070509,-1.4623534644760183,0.14364445468305265,1.0,0
GENE_1052,475.5498111746443,-0.36141377863050894,0.28879100216253695,-1.2514717422778239,0.21076255415105916,1.0,0
GENE_1053,15798.894016169066,-0.03030859058392977,0.16811666345399545,-0.18028308414664446,0.8569303532084729,1.0,0
GENE_1054,51.112368693622486,3.2155457834735097,0.32797440807521877,9.80425821131765,0.0,1e-300,1
GENE_1055,3670.274925176777,-0.4553306907843771,0.2779652449885641,-1.6380849728285636,0.10140394549029486,1.0,0
GENE_1056,505.1036324432033,-0.1766767176691977,0.29727131891692044,-0.5943281656397341,0.5522925519806208,1.0,0
GENE_1057,747.5176200975973,-0.1898051734476156,0.27465978423321197,-0.691055568901391,0.4895304839482848,1.0,0
GENE_1058,481.7965213691182,-0.26873909590448236,0.17678302426679168,-1.520163471685581,0.12846994321522232,1.0,0
GENE_1059,786.1048868004456,-0.12631579446200225,0.15641877177691144,-0.8075488192821074,0.41935024343844507,1.0,0
GENE_1060,320.3686434298773,0.47138034012733243,0.1940796087863338,2.4287988989419524,0.015148931608659488,1.0,0
GENE_1061,3572.694214889231,0.0796952164996957,0.10619819734400678,0.7504385054817811,0.4529905116289674,1.0,0
GENE_1062,203.42416536525104,0.9887236304221878,0.2018457354228057,4.898412286745177,9.67522991279779e-07,9.675229912797789e-05,1
GENE_1063,2204.7113191042267,0.06820327440785974,0.09164806543571476,0.7441867330598481,0.45676337632843467,1.0,0
GENE_1064,153.461438376724,2.1980331616048723,0.08106540920734251,27.11431648957599,0.0,1e-300,1
GENE_1065,368.5668957374901,0.0016531530619464368,0.331504713658167,0.004986816156258626,0.9960210879567963,1.0,0
GENE_1066,80.8064001012998,0.10259679137741601,0.26612095235873107,0.38552692100363267,0.6998471747471267,1.0,0
GENE_1067,798.340805244891,-3.301001182400149,0.2316986757078116,-14.246957486122815,0.0,1e-300,1
GENE_1068,3525.1876059977635,0.8306845303436096,0.1720975506442256,4.826823666194238,1.389121295325424e-06,0.0001389121295325424,1
GENE_1069,359.2310340081246,-0.33812818599102745,0.23404526396497,-1.444712788726354,0.14853866525457748,1.0,0
GENE_1070,300.2668117636081,0.34361842327109426,0.3207254596113495,1.0713786915684402,0.28399926103501594,1.0,0
GENE_1071,75.79820073778846,0.08310023904564955,0.25614263616484345,0.3244295455449653,0.7456129915099448,1.0,0
GENE_1072,286.0197944165484,-0.6284390970282471,0.24267013944744614,-2.589684492946628,0.009606457420860526,0.9606457420860526,0
GENE_1073,36.99595603862992,0.30827951283790533,0.20425521580235306,1.509285878585402,0.13122579594085515,1.0,0
GENE_1074,102.5841071762231,-1.7895787127212017,0.17333819827573166,-10.324202804245676,0.0,1e-300,1
GENE_1075,566.8978162109862,-0.34287056151097195,0.26860772075886213,-1.276473217308515,0.20178842594954594,1.0,0
GENE_1076,2917.609211220919,-0.0035735471567882775,0.3448648540742698,-0.010362166844692969,0.9917322874130854,1.0,0
GENE_1077,27277.467984826235,-0.6901417048030815,0.19468457725055932,-3.544922327950345,0.00039281088656073493,0.03928108865607349,1
GENE_1078,167.3558481038016,-0.5035225838737346,0.1858954050838342,-2.7086338344224186,0.006756186784145246,0.6756186784145246,0
GENE_1079,3473.6119347686795,0.4192118310469011,0.19559063753856146,2.143312360563536,0.0320879108914347,1.0,0
GENE_1080,581.5103209279332,2.0299368100299695,0.1948968713734248,10.4154407185972,0.0,1e-300,1
GENE_1081,321.54211482235814,-0.4435211899752157,0.34746868880949366,-1.2764349832349489,0.20180193376315625,1.0,0
GENE_1082,771.9283058090156,-3.304803301935724,0.27083012952752195,-12.202495001945076,0.0,1e-300,1
GENE_1083,442.69220225429774,-0.2089649725724093,0.17697980128685975,-1.1807278065235594,0.23771099580198674,1.0,0
GENE_1084,476.0836568234347,-0.18832866311021446,0.18030564093321508,-1.0444967896482567,0.29625565661035136,1.0,0
GENE_1085,218.65611745364464,0.29573041026996133,0.19631516968089502,1.5064063095616254,0.13196295769664035,1.0,0
GENE_1086,49.54272904752069,-0.46469334357373865,0.08991229064672142,-5.168296127607148,2.366757905214456e-07,2.366757905214456e-05,1
GENE_1087,39.82768192255686,-0.36214608507273294,0.2225104285457375,-1.6275465713657238,0.10362104849125364,1.0,0
GENE_1088,1074.775761577717,0.061631996859547455,0.29907285691114643,0.20607686533672334,0.8367309282720243,1.0,0
GENE_1089,266.38692706183605,0.38776391629928214,0.2583533041660278,1.500905581800069,0.13338004316179575,1.0,0
GENE_1090,164.98699465407245,0.4952641205959399,0.13357362862561623,3.7077986552576148,0.0002091286187606567,0.02091286187606567,1
GENE_1091,408.6088902934296,-0.26602468814464925,0.27656924517215986,-0.9618737180233226,0.33611303183602725,1.0,0
GENE_1092,1329.2875212546737,-2.9577207873074816,0.2742538237096482,-10.784610939240041,0.0,1e-300,1
GENE_1093,528.7659601255746,-0.3136569173881636,0.15088558822522918,-2.078773202116316,0.03763807188003199,1.0,0
GENE_1094,150.7944415337204,0.73048373876272,0.24817615735137244,2.943408208744595,0.0032463375380080706,0.32463375380080706,0
GENE_1095,2538.7812790621933,-0.4535084101678914,0.24495623894292273,-1.851385423473796,0.0641140034430705,1.0,0
GENE_1096,4310.366673221235,1.5873638631326747,0.306742658441169,5.174904172766435,2.2845331537624247e-07,2.2845331537624247e-05,1
GENE_1097,847.113749854863,-0.26259444272748955,0.11673952419502914,-2.249404771333401,0.024486677562181258,1.0,0
GENE_1098,1738.0086225709958,0.8052985819178402,0.13260639621811113,6.072848707789965,1.2613385891313555e-09,1.2613385891313555e-07,1
GENE_1099,2599.150643911071,0.23652829154099375,0.2112117660173074,1.1198632348995738,0.26277214668291893,1.0,0
GENE_1100,2197.6611816526106,-0.4064066117632888,0.0919191902009229,-4.421346738096136,9.816969820164445e-06,0.0009816969820164445,1
GENE_1101,1013.4835812068626,-0.20889539181700273,0.19221043335246074,-1.0868056856931714,0.2771227752441239,1.0,0
GENE_1102,989.8174880344643,0.3124724820894967,0.29281914133992526,1.0671176776888245,0.2859187684540836,1.0,0
GENE_1103,879.6207599828953,0.42105776704622455,0.12015288637567952,3.504349997300207,0.0004578113271005435,0.04578113271005435,1
GENE_1104,77.78849088558538,-0.028286236689785044,0.2041861589728617,-0.13853160680467355,0.889820237159558,1.0,0
GENE_1105,1154.1099678466567,-1.4029806073084106,0.34723769301326,-4.040404125294182,5.338568212209793e-05,0.005338568212209793,1
GENE_1106,52.787744039821625,0.30334121305762624,0.2165984036247134,1.4004776027029577,0.16137045473232337,1.0,0
GENE_1107,122.49874895402364,-2.6102171433416013,0.21454743251296443,-12.16615418217076,0.0,1e-300,1
GENE_1108,2850.7790925501195,-0.5174019437353503,0.23087426760552537,-2.241055051745263,0.02502242822713363,1.0,0
GENE_1109,1422.7263065127736,-0.32518960985607226,0.13022117998984012,-2.497209823175029,0.012517515001028823,1.0,0
GENE_1110,3755.953404106634,0.09404797726066604,0.11973424832520495,0.7854726494396694,0.43217637428808264,1.0,0
GENE_1111,268.40268921279215,0.48619296659907746,0.26288574986107927,1.8494458785080736,0.06439333530501523,1.0,0
GENE_1112,71.63807727212934,-1.795626386546008,0.18685703867455794,-9.609626692593501,0.0,1e-300,1
GENE_1113,281.2781969721964,0.31181176830858015,0.15827478961817842,1.970065915492883,0.048830678239147884,1.0,0
GENE_1114,470.14772125324754,0.1149163044145455,0.08847573737837235,1.2988453989719049,0.19399712672239988,1.0,0
GENE_1115,454.1752217215699,0.29952555439299083,0.30843363423819026,0.9711183254472173,0.3314893563632142,1.0,0
GENE_1116,2209.498218180947,-0.2667003400827423,0.08872879377810484,-3.0057924685611423,0.0026490357291888422,0.2649035729188842,0
GENE_1117,234.6498404977503,-0.06129238410328567,0.2824954435024962,-0.21696769103018848,0.8282335975752109,1.0,0
GENE_1118,684.0641554244999,1.8660168649360216,0.18313691092961687,10.189190455730515,0.0,1e-300,1
GENE_1119,91.56593151884873,-2.7024165003128973,0.24164570883625552,-11.183382950715316,0.0,1e-300,1
GENE_1120,792.724635297159,2.8648608898395374,0.14687306018634383,19.50569346212826,0.0,1e-300,1
GENE_1121,405.3143039557947,0.07420532263389744,0.12195790988265974,0.6084502653849443,0.5428887804026785,1.0,0
GENE_1122,131.0108301353955,0.27506099380360516,0.22401476022543576,1.2278699560993185,0.21949592425904174,1.0,0
GENE_1123,283.2290563713144,0.2184447323569789,0.26781677763761874,0.8156499166476984,0.4147002787418601,1.0,0
GENE_1124,306.0462946536842,0.09705770852954482,0.13278318963518956,0.7309487653987117,0.4648103097187197,1.0,0
GENE_1125,269.01504462027884,-3.417367846587326,0.19781691580679234,-17.27540757902154,0.0,1e-300,1
GENE_1126,5750.326204510882,-0.017073238490990652,0.20005684197867682,-0.08534193743201451,0.931989422197804,1.0,0
GENE_1127,348.044726707774,0.16515655808896024,0.13831437025145496,1.1940665152052263,0.23245207838088144,1.0,0
GENE_1128,279.82260105899087,-0.29045776107454385,0.23256335048807536,-1.2489403874899756,0.2116870152414263,1.0,0
GENE_1129,17.35400930545139,0.14788237025565204,0.11940263543105917,1.2385184776012463,0.21552401120743836,1.0,0
GENE_1130,105.49768104208344,0.2673670741144038,0.2176322767960166,1.228526751870555,0.21924942824785898,1.0,0
GENE_1131,271.88790389405835,-0.26787257122888125,0.11062650806881986,-2.4214139622145523,0.015460256296395913,1.0,0
GENE_1132,144.20284954765444,0.020732839597138692,0.2110964503908871,0.09821500815739778,0.921761448879296,1.0,0
GENE_1133,3205.301350548095,-0.24944100385174384,0.16413174481640033,-1.5197608733811454,0.12857113401101428,1.0,0
GENE_1134,315.0065199626875,-0.210602678606446,0.20210649886201443,-1.0420381323325592,0.2973940512238633,1.0,0
GENE_1135,2786.8476848450796,-0.4499717420408619,0.197112327049657,-2.282818881883039,0.022440974992536722,1.0,0
GENE_1136,442.5515483349862,0.5063099700666223,0.32514194316102,1.5571967281252372,0.11942381038556049,1.0,0
GENE_1137,426.5978450761185,0.42627406988801914,0.21228261198824494,2.0080498628480408,0.04463785553743427,1.0,0
GENE_1138,353.11907691827355,0.21497354169093486,0.30099470404675605,0.714210379121957,0.47509696102506127,1.0,0
GENE_1139,405.73262252059317,0.7888783807775256,0.1409261460861631,5.597814193366223,2.1765003577201014e-08,2.1765003577201014e-06,1
GENE_1140,5314.490920722079,-0.07569827862735667,0.17506235455124988,-0.4324075202884115,0.6654453221046728,1.0,0
GENE_1141,12.435855963061151,1.212704966044254,0.10027413277096155,12.09389632732323,0.0,1e-300,1
GENE_1142,20.039020210743917,-0.09101176614528816,0.19360190460180327,-0.4700974731239315,0.6382854088482555,1.0,0
GENE_1143,178.61698298365516,0.10207734070240658,0.2605489695102313,0.39177794828468193,0.6952223950412846,1.0,0
GENE_1144,412.3167327902123,-0.1591111655760833,0.30630509920953697,-0.5194532052737347,0.603444713488182,1.0,0
GENE_1145,1135.8728181344604,0.148930224024122,0.23279702618577186,0.6397428114278221,0.522339697792644,1.0,0
GENE_1146,820.2677382620972,0.33424597115449783,0.25281962079013115,1.3220729075927211,0.18614400672515474,1.0,0
GENE_1147,226.70081003810253,-0.045566557221233574,0.12786211095657601,-0.3563726336155102,0.7215616485594474,1.0,0
GENE_1148,1860.434868897395,0.7106879388470483,0.09004563032302863,7.892531112254251,3.1086244689504383e-15,3.1086244689504383e-13,1
GENE_1149,1891.8171567174566,0.09565971385338429,0.2937557991978753,0.32564366087270824,0.7446941116966141,1.0,0
GENE_1150,531.7038954595845,0.10819415444407965,0.1251003160091473,0.8648591617959503,0.38711601113994876,1.0,0
GENE_1151,1709.551541605201,2.8950044128333663,0.10461577459384315,27.672733142519245,0.0,1e-300,1
GENE_1152,607.2665947089678,-2.005422747865805,0.3331418266447807,-6.019726697374834,1.7534620422310354e-09,1.7534620422310354e-07,1
GENE_1153,173.77745039059516,-0.05361088832374625,0.3401507682959776,-0.15760919368877466,0.8747647376067995,1.0,0
GENE_1154,1149.0896032619032,-0.24329589173491475,0.24638946873267353,-0.9874443619133931,0.3234248558106205,1.0,0
GENE_1155,476.2389308532972,-0.31058976325934556,0.1822320636255692,-1.704363969106512,0.08831304974606291,1.0,0
GENE_1156,404.24040793822445,1.0687053519026741,0.304974676060294,3.5042429283255943,0.00045799542637037227,0.04579954263703723,1
GENE_1157,3675.4481812190757,-1.5588602520980834,0.13527438902056135,-11.52369094685869,0.0,1e-300,1
GENE_1158,10.213310363425316,-0.5827941683125072,0.1959359284060141,-2.9744119572845977,0.0029356448570059257,0.29356448570059257,0
GENE_1159,48.10921528656073,-3.2766601056251092,0.17639467073016246,-18.575731863450336,0.0,1e-300,1
GENE_1160,67.9922929946215,-0.02062713579048544,0.326428997500254,-0.06319026786359379,0.9496148550471981,1.0,0
GENE_1161,233.95037697202554,0.218666813046594,0.32833990214781383,0.6659769696470013,0.5054256905068,1.0,0
GENE_1162,275.36231658250875,0.2219186086901254,0.2557392001073899,0.8677535888003772,0.3855291608082221,1.0,0
GENE_1163,42.0563980544917,0.27064582071061016,0.1098998378736268,2.462658962443823,0.013791116254848967,1.0,0
GENE_1164,92.04365280566427,1.9684823244108842,0.21019205320774165,9.365160548983031,0.0,1e-300,1
GENE_1165,110.91204304734055,0.1361761774006182,0.1462386588804953,0.9311913719880317,0.3517545456820761,1.0,0
GENE_1166,16092.943100005548,-0.3504237856442314,0.3189272290598101,-1.098757815935856,0.27187380451484544,1.0,0
GENE_1167,6018.617866260029,-0.24785719320560468,0.11736875573437451,-2.111781722953149,0.034705053409300524,1.0,0
GENE_1168,217.53850589849569,-0.3670835898001038,0.09466377448239098,-3.8777620246738356,0.00010546229043040256,0.010546229043040256,1
GENE_1169,233.83718078041045,-0.47535554183930784,0.2701958390585211,-1.7593000080817367,0.078526477260497,1.0,0
GENE_1170,71.96601575737144,0.4256837955432035,0.20238724024140126,2.103313405704139,0.03543825816748969,1.0,0
GENE_1171,23.053195198522417,0.27544468039155506,0.3063585196528328,0.899092607914709,0.3686032760456883,1.0,0
GENE_1172,338.5526841892703,0.390666147991252,0.10015000041571417,3.900810248323813,9.590955203320206e-05,0.009590955203320206,1
GENE_1173,90.30763651629063,0.015725226409718525,0.29629055580411745,0.053073667390582405,0.9576730758063214,1.0,0
GENE_1174,355.2153419126791,2.5589378692567113,0.09008038326792275,28.40727111080064,0.0,1e-300,1
GENE_1175,36.58693562082687,-0.704515761857018,0.08757890321676838,-8.044354701648366,8.881784197001252e-16,8.881784197001252e-14,1
GENE_1176,128.64263806090247,0.34523500721814204,0.204555252967378,1.6877347426184128,0.09146210717906289,1.0,0
GENE_1177,504.18367840283656,0.07084793200201209,0.13974864821377597,0.5069668501811535,0.612178068094225,1.0,0
GENE_1178,698.7649339889455,0.25084384005966626,0.24030405089176327,1.0438602226170972,0.29655011640389217,1.0,0
GENE_1179,754.615190690688,2.488039221291624,0.08697058843709701,28.607823242349813,0.0,1e-300,1
GENE_1180,55.66026536896109,-0.39482206181475465,0.0895551764380042,-4.4087017358295935,1.04077774771838e-05,0.00104077774771838,1
GENE_1181,1453.9344800340336,-0.5992159101564186,0.2763300939664239,-2.1684786537554164,0.030122180446562563,1.0,0
GENE_1182,121.47183863060651,-0.2848216664731853,0.13674459387292415,-2.082873321762674,0.03726264352740394,1.0,0
GENE_1183,1042.4060939927915,-2.775417351246741,0.25723262338839803,-10.789523174345236,0.0,1e-300,1
GENE_1184,397.0419668590527,-1.6785985439109408,0.2824789836052048,-5.94238382794865,2.818735911347403e-09,2.818735911347403e-07,1
GENE_1185,51.18357866405027,-0.5471769109527451,0.09601941474574122,-5.69860702027466,1.2113840597294256e-08,1.2113840597294256e-06,1
GENE_1186,251.06288437917019,-0.39243974698728584,0.2878335677053446,-1.3634259204577095,0.1727484387477487,1.0,0
GENE_1187,697.8789147164554,-0.28929427437633576,0.15247372884954724,-1.8973384894508323,0.0577831468461516,1.0,0
GENE_1188,1011.7614196421022,-0.14292202410672628,0.185177408713932,-0.771811340807327,0.44022604339388605,1.0,0
GENE_1189,326.5288002408092,-0.5448203323410609,0.10339258191973551,-5.269433476030314,1.371232547509038e-07,1.3712325475090381e-05,1
GENE_1190,4014.501004736506,-0.5688207064560531,0.3064300955085102,-1.8562821171729713,0.06341323422929679,1.0,0
GENE_1191,1828.5272793945887,-0.3287341185630216,0.23139677230795624,-1.420651270474608,0.1554182658423835,1.0,0
GENE_1192,274.51854706829494,0.03450153449000227,0.21625962501873647,0.15953756734301697,0.8732453452693782,1.0,0
GENE_1193,1242.8752422427979,-0.4722377359013963,0.341509798943744,-1.382794102429801,0.1667281235127489,1.0,0
GENE_1194,7337.036017922427,-0.04632140398870645,0.1703165551839811,-0.2719724100729296,0.7856433595128247,1.0,0
GENE_1195,7636.746198344788,0.4234211264567262,0.3205104073487079,1.3210838610805353,0.18647353622376617,1.0,0
GENE_1196,63.943519043338284,-0.520711894965404,0.27431572788744313,-1.8982210716662293,0.05766683464786815,1.0,0
GENE_1197,100.50428197061458,-0.08257830336421579,0.3307025966801045,-0.249705639427124,0.8028151064417324,1.0,0
GENE_1198,3742.010003377519,-3.3515274954188965,0.3251065542458641,-10.309012388855995,0.0,1e-300,1
GENE_1199,82.48186275222773,-0.16730735614552372,0.3475780473570388,-0.48135190762971986,0.6302664281334109,1.0,0
GENE_1200,55.48919405381492,-0.22946787634336757,0.11555272305003253,-1.9858283758835484,0.047052245356867584,1.0,0
GENE_1201,194.55381409692137,0.46539832572258955,0.2949244258647306,1.5780257072910202,0.11455971675668297,1.0,0
GENE_1202,757.7398070231546,-2.7057242966493287,0.29721347583582586,-9.10363935901719,0.0,1e-300,1
GENE_1203,345.9882932969176,2.791663426161322,0.2539808526081914,10.991629477155653,0.0,1e-300,1
GENE_1204,152.04166108721049,2.034007850732216,0.15529245872431452,13.097917744628681,0.0,1e-300,1
GENE_1205,146.74278722472337,-0.1371378611639347,0.34059003333964505,-0.40264789846970456,0.6872073639479244,1.0,0
GENE_1206,138.58646174548548,0.19187621223901216,0.1351939772303566,1.419265977448647,0.1558215881360474,1.0,0
GENE_1207,107.84937276525086,0.12817980553841513,0.2148853521567785,0.5965032248680042,0.5508390066920625,1.0,0
GENE_1208,12362.82563232995,0.40835312840098964,0.2208015204611803,1.8494126650399734,0.06439812741919981,1.0,0
GENE_1209,630.3445702521849,-0.2193382151460074,0.12369392310573049,-1.773233556174967,0.07618991981793033,1.0,0
GENE_1210,1525.5931764960228,0.016482426712647876,0.275082782029975,0.05991806026904233,0.9522207567212502,1.0,0
GENE_1211,193.71418466840515,-0.024606271841854963,0.10399413432866474,-0.23661211279560157,0.8129578193420919,1.0,0
GENE_1212,305.2298148604086,0.2816592566559139,0.26713640028861196,1.0543649474635863,0.2917159237793592,1.0,0
GENE_1213,138.3337201667008,-0.4100716777776703,0.3091261839984719,-1.3265510946807966,0.18465735412721118,1.0,0
GENE_1214,7.556721995043529,0.4067908192951424,0.17433703477224788,2.333358599488455,0.01962928948446807,1.0,0
GENE_1215,51.05921740503036,0.18653150886816663,0.27154361832178403,0.6869301883100175,0.49212658634943773,1.0,0
GENE_1216,26.684209341661354,3.3326881036961113,0.12232898219991944,27.243651044603443,0.0,1e-300,1
GENE_1217,13.809052192172132,2.573791428508594,0.3084062303922772,8.345458602554366,0.0,1e-300,1
GENE_1218,67.15219017215536,0.8936372323190925,0.33704855860937066,2.651360492405463,0.008016907235005144,0.8016907235005144,0
GENE_1219,2943.73222365327,0.40073358781976315,0.12122729724493976,3.30563822610085,0.0009477196152343215,0.09477196152343215,0
GENE_1220,377.41513989677384,0.5707939068905877,0.26680205797252965,2.139390944838055,0.03240390452226549,1.0,0
GENE_1221,2795.721924026985,0.034148552641035244,0.21657439607026197,0.15767585301245227,0.8747122080631424,1.0,0
GENE_1222,747.3053465135066,-0.664601967895404,0.22350481959474222,-2.9735464725121226,0.002943936263257285,0.2943936263257285,0
GENE_1223,1304.843303463149,3.2724325138747097,0.2707522240221858,12.086447399252249,0.0,1e-300,1
GENE_1224,104.44436184096469,0.10203281754710339,0.21195993482083803,0.4813778492305539,0.6302479940374894,1.0,0
GENE_1225,885.2998766529327,-0.23679152309199203,0.2420881258447835,-0.9781211790776246,0.3280143967857687,1.0,0
GENE_1226,1203.5988040502286,-0.3658305113309406,0.14234327524107182,-2.5700582673215293,0.01016819820944792,1.0,0
GENE_1227,169.86925648373582,-0.02509867358747014,0.18219678105193016,-0.13775585629208487,0.8904333172270353,1.0,0
GENE_1228,933.8450787772105,0.2462341151445153,0.3136148945193055,0.785148025325556,0.4323666586877337,1.0,0
GENE_1229,943.2031018494887,-0.5811030187048589,0.10967367814506411,-5.298472965739698,1.1701832347554841e-07,1.1701832347554841e-05,1
GENE_1230,176.91529669823456,-0.17955104811215394,0.24134532045208273,-0.7439591029808362,0.456901080540026,1.0,0
GENE_1231,74.8770437528395,0.6039482732481262,0.12975750680342035,4.6544380215558085,3.2522360766673586e-06,0.00032522360766673586,1
GENE_1232,68.2930156969593,-0.4301153520885499,0.3085656914393104,-1.3939182612372387,0.16334240068174766,1.0,0
GENE_1233,459.325134295807,0.3479044748659825,0.23634186754045844,1.4720391206455459,0.14101038866380344,1.0,0
GENE_1234,658.862460415994,-0.19389230461959758,0.1888231713209732,-1.0268459281938844,0.30449305899598667,1.0,0
GENE_1235,122.88036678675098,3.499287127657232,0.14745266188599082,23.731596858948887,0.0,1e-300,1
GENE_1236,419.8418160946812,0.4389310028811469,0.19794806878120128,2.2174048253348317,0.026595350367584647,1.0,0
GENE_1237,949.3765957656111,3.239327095662871,0.3385553279988704,9.568087776996022,0.0,1e-300,1
GENE_1238,1019.7227667164893,0.3636638408855506,0.21748650823077753,1.6721213828108479,0.09450034539645413,1.0,0
GENE_1239,4137.388953052416,-2.5066016308144627,0.20676217355896226,-12.123115111767078,0.0,1e-300,1
GENE_1240,2739.337134220741,0.44546388269651954,0.2814939296450834,1.5824990729220154,0.11353569371625571,1.0,0
GENE_1241,89.84292348024543,3.221969415912596,0.1823427091246148,17.669856016621264,0.0,1e-300,1
GENE_1242,5041.098604055575,0.10381670622861537,0.19540446646781437,0.5312913676193544,0.595216850765981,1.0,0
GENE_1243,181.9142174307369,-1.3420794600098684,0.17097588752433712,-7.849524745521988,4.218847493575595e-15,4.218847493575595e-13,1
GENE_1244,1933.9294928059492,-1.9086695493250492,0.12074833393893566,-15.8070052568203,0.0,1e-300,1
GENE_1245,446.74141579779547,0.1347826704240762,0.27272848783471565,0.49420092302847324,0.6211642912982467,1.0,0
GENE_1246,217.4080347366768,-0.3375239914098893,0.3157183467485784,-1.0690667643672789,0.28503965593824376,1.0,0
GENE_1247,26.801415688987184,-0.5399469649182865,0.3245100152955467,-1.6638838232050595,0.09613560953920208,1.0,0
GENE_1248,311.8908337248448,0.34893947198470743,0.31781679327020046,1.0979264764277172,0.27223668294149417,1.0,0
GENE_1249,38.897311963506084,0.07433383100756623,0.20198162665825806,0.3680227367082999,0.7128564020484554,1.0,0
GENE_1250,1721.4958184567545,0.45975073638312713,0.156697871894863,2.933994768554346,0.0033464347877034673,0.3346434787703467,0
GENE_1251,3925.2643792111244,-0.017893173675147193,0.2522394123922223,-0.07093726355231122,0.9434475478122266,1.0,0
GENE_1252,122.07474438830906,-0.5620657442707842,0.33777032621462855,-1.6640471369105174,0.0961029709965211,1.0,0
GENE_1253,634.575399972896,1.607464654907048,0.27630367500552333,5.817746198543738,5.983418205346425e-09,5.983418205346425e-07,1
GENE_1254,135.89910249638825,-0.1481482438644428,0.21360911162934226,-0.6935483357166518,0.48796536624599374,1.0,0
GENE_1255,157.16133745372298,0.13680138296840846,0.265978315118631,0.5143328429138768,0.6070192851599934,1.0,0
GENE_1256,1289.1547574244328,-0.25898377139180767,0.2885852363626871,-0.8974255740038031,0.3694918107957377,1.0,0
GENE_1257,380.7688915548993,-1.5598359792307492,0.3282027005585791,-4.752660403390991,2.0100389557242693e-06,0.00020100389557242693,1
GENE_1258,5483.353047987029,-0.35062592967327877,0.2860682535724816,-1.225672283780486,0.22032215883348627,1.0,0
GENE_1259,195.71338781418862,-0.13497190164246986,0.1969614500216945,-0.6852706538645165,0.4931730108457961,1.0,0
GENE_1260,1806.2434015116555,-2.2470723110670523,0.1538737599856807,-14.603349598243144,0.0,1e-300,1
GENE_1261,466.90234265784903,-0.4368729308347833,0.2149680494769896,-2.0322691297505893,0.04212628199483892,1.0,0
GENE_1262,1330.974972405775,-2.7600806827980318,0.16860804504347737,-16.36980419342574,0.0,1e-300,1
GENE_1263,206.28599145295834,0.6447641909869961,0.33454644002570977,1.9272785892967392,0.053944784807696156,1.0,0
GENE_1264,374.526193713892,-0.1961848642774842,0.21715077773148977,-0.9034499729955826,0.3662870720043321,1.0,0
GENE_1265,339.25487924278553,0.1580571276126902,0.20745521071028222,0.7618855514476423,0.4461281809145974,1.0,0
GENE_1266,115.1130084166406,-1.0997741544154223,0.17401297890181297,-6.320069694548308,2.626003858807735e-10,2.626003858807735e-08,1
GENE_1267,1089.1167241203707,-1.3042257184352237,0.25263988737873205,-5.1623903571491905,2.442657980328278e-07,2.4426579803282777e-05,1
GENE_1268,1069.9567524494255,-0.12521691437048216,0.2204138452276559,-0.5680991329793782,0.5699675859221331,1.0,0
GENE_1269,982.7276702635967,-0.327399040964154,0.11484320918252927,-2.850835006219594,0.004360587502466817,0.4360587502466817,0
GENE_1270,4045.856220454703,0.43258018785141283,0.3146861089242335,1.374640238586332,0.16924312566719824,1.0,0
GENE_1271,3547.566668156299,-0.13049747264953127,0.17693346467882556,-0.7375511064931319,0.46078713844957586,1.0,0
GENE_1272,229.88586927608918,-0.07099099483743498,0.19679617608870162,-0.36073360899775475,0.718298723035685,1.0,0
GENE_1273,705.9740480285637,-0.15087714991562848,0.13553010529916634,-1.113237162935758,0.2656066815922973,1.0,0
GENE_1274,158.31693888363813,-0.7667263487060306,0.22941751605683003,-3.3420567090269664,0.0008317119454055444,0.08317119454055444,0
GENE_1275,417.8125864352084,-0.45279457603078443,0.2695548668557174,-1.679786313311673,0.09299885121442575,1.0,0
GENE_1276,164.08356263512422,0.38443739444808656,0.31791463656900365,1.2092472325181671,0.22656800830345514,1.0,0
GENE_1277,4582.983405880512,-0.8439802587519888,0.09393406954251092,-8.98481523117697,0.0,1e-300,1
GENE_1278,696.137518949328,-0.30652613984628224,0.34279961561883215,-0.8941846078004844,0.37122306356889956,1.0,0
GENE_1279,290.8932344260252,-0.15988802251590553,0.2700307903454963,-0.5921103379038131,0.5537766145667544,1.0,0
GENE_1280,2417.3516436824043,0.6974487469166262,0.15676064479110968,4.449131654478754,8.62928220790593e-06,0.0008629282207905931,1
GENE_1281,15.550252637951752,-1.0420648481320618,0.1352081838537708,-7.707113714796042,1.2878587085651816e-14,1.2878587085651816e-12,1
GENE_1282,19.665112126576386,1.5917100089941407,0.15994373803674145,9.951686940244583,0.0,1e-300,1
GENE_1283,1331.0960543281965,0.5218054788462204,0.31644595294993944,1.6489560823322271,0.09915660215008426,1.0,0
GENE_1284,441.7316946905365,-0.29620632820044784,0.1586753467629066,-1.8667444832689772,0.06193715351647211,1.0,0
GENE_1285,587.3785201302214,0.4036399214936022,0.20496170633045363,1.9693430969140433,0.048913566980443246,1.0,0
GENE_1286,55.169256188610646,-0.5435508983692062,0.2705492746454028,-2.0090643343310193,0.04453017374721702,1.0,0
GENE_1287,389.6112447803574,-3.14668280120966,0.31543726320544907,-9.975621679041065,0.0,1e-300,1
GENE_1288,8145.851967293795,-0.16245345818839427,0.2578142138334481,-0.630118315716067,0.5286170621681285,1.0,0
GENE_1289,1388.9445618652567,-0.4114016963765079,0.2833394830642941,-1.4519744722028542,0.14650878887039331,1.0,0
GENE_1290,520.3802621622017,-0.08685744523052563,0.126798234999908,-0.6850051598162124,0.4933405294497186,1.0,0
GENE_1291,208.8088280071797,0.11093767188808595,0.31690011347660746,0.35007141736563313,0.726285231272402,1.0,0
GENE_1292,223.21618073140704,-0.19789937221028486,0.15444417957688988,-1.281365039151643,0.2000656151687885,1.0,0
GENE_1293,16.546972692347374,-1.8749980817699314,0.11466210429525923,-16.352378087722347,0.0,1e-300,1
GENE_1294,593.7513513960664,-0.23319755346562698,0.3435859583919807,-0.6787167745649929,0.49731720129170265,1.0,0
GENE_1295,1434.0023540035825,0.24814895757254318,0.13444277987262346,1.8457589006092374,0.06492710103798216,1.0,0
GENE_1296,37.961443855127925,0.17688882481463983,0.11689603192105363,1.5132149646799187,0.13022511601450604,1.0,0
GENE_1297,149.58647617282335,-0.024369221883174013,0.24902564302748237,-0.0978582831346595,0.9220447093276509,1.0,0
GENE_1298,71.07979019798125,-0.17655292494637995,0.16609305036394573,-1.0629759918281612,0.2877929045763379,1.0,0
GENE_1299,94.819322069091,-1.7972462971012175,0.1160042853987332,-15.492930204463326,0.0,1e-300,1
GENE_1300,437.126418407056,0.2201014972134797,0.2423027016482865,0.9083740945363752,0.3636805555881395,1.0,0
GENE_1301,17.697028913881994,0.8247196610926434,0.28492601135000356,2.8945046371338714,0.0037977063557312896,0.37977063557312896,0
GENE_1302,1013.7439703403621,0.37576816871927243,0.2941635610359322,1.2774123599672231,0.20145684077217263,1.0,0
GENE_1303,1249.8547266976077,0.39039597992633657,0.12198840227331353,3.2002712770322144,0.0013731112593333705,0.13731112593333705,0
GENE_1304,276.8140878733617,1.2354048779441136,0.2303541083437844,5.363068567895366,8.200004364411484e-08,8.200004364411484e-06,1
GENE_1305,9.766295615275423,0.20638339070713765,0.2996931600839943,0.6886489856802038,0.49104405032278065,1.0,0
GENE_1306,90.50201005361527,0.19385740452468092,0.12349349308453,1.5697782910066975,0.11646671748203419,1.0,0
GENE_1307,2564.074570187336,0.28160602972866167,0.13607420797808223,2.069503353449763,0.038498746146020224,1.0,0
GENE_1308,6.252670039909364,1.0268842940000638,0.08065107730655297,12.732431212256461,0.0,1e-300,1
GENE_1309,239.53867395582935,-0.17756065456750247,0.22165122222672778,-0.801081323999536,0.42308444782300225,1.0,0
GENE_1310,68.71715193272026,-0.2024677066769336,0.13256405815272673,-1.5273197690106246,0.12668155944395787,1.0,0
GENE_1311,1348.6447150264196,0.2590455908878247,0.2755454954462627,0.9401191279439519,0.34715643084030345,1.0,0
GENE_1312,146.5444905017862,-0.06966982488847948,0.33979774101675353,-0.2050332197030246,0.8375462278254049,1.0,0
GENE_1313,739.4680165420845,0.055289370189721125,0.13636398202974898,0.4054543536111997,0.6851436586619954,1.0,0
GENE_1314,942.1746198177514,0.43498184805938583,0.2552561931761538,1.704099096076397,0.08836251445676346,1.0,0
GENE_1315,6338.128151498871,0.34526029548165554,0.13719530459379806,2.5165605813106167,0.011850688834677214,1.0,0
GENE_1316,297.5514301465915,-0.06468840121649881,0.08486185192452009,-0.7622789245046827,0.44589341662914617,1.0,0
GENE_1317,709.1496345703481,-0.26799803875128897,0.2848096324379379,-0.9409725241989058,0.3467189128351098,1.0,0
GENE_1318,43.48503175567719,0.45410989266127544,0.19718126269574104,2.303007326624062,0.021278375067098843,1.0,0
GENE_1319,2405.758085027489,0.30955647236394634,0.3356324526089563,0.9223079292770566,0.35636793777183984,1.0,0
GENE_1320,128.92575910695314,-0.6425027273181529,0.22425718817871948,-2.8650262341027704,0.004169877255511434,0.4169877255511434,0
GENE_1321,173.96754413710963,-1.855787515619015,0.12252037462343467,-15.146766579213963,0.0,1e-300,1
GENE_1322,390.18785698435414,0.06620618480670497,0.20143909928526502,0.3286660089407372,0.7424082857896592,1.0,0
GENE_1323,38.6935717655764,0.31153188684841254,0.13478078459762444,2.311396893692689,0.020810890146099936,1.0,0
GENE_1324,568.5874023383187,0.3640405979759085,0.31706790362537507,1.1481471123801703,0.25090795049117465,1.0,0
GENE_1325,1721.9272029553056,0.1135624004701894,0.26654385883963166,0.4260552126939648,0.6700676894538637,1.0,0
GENE_1326,626.0315287492475,0.2340990125435424,0.17213447725676995,1.3599774796674873,0.17383717372755947,1.0,0
GENE_1327,37.21283221198392,0.02565472095126145,0.2225114871579279,0.11529616416186625,0.9082102856762369,1.0,0
GENE_1328,335.0521054897407,-0.26954067527222425,0.2607596508175177,-1.0336747822263792,0.3012882711866114,1.0,0
GENE_1329,1227.8787357836936,-0.1045057564165016,0.2913715834942648,-0.3586683202363783,0.7198433567915699,1.0,0
GENE_1330,24.119408565366,-1.9948764156756869,0.10163974666504626,-19.626932190708832,0.0,1e-300,1
GENE_1331,80.46730712579384,2.0700704539542154,0.08608008733871664,24.048191840334603,0.0,1e-300,1
GENE_1332,1502.3944376271231,-0.7542291617773883,0.11090222823587025,-6.800847681556683,1.0461409516437925e-11,1.0461409516437925e-09,1
GENE_1333,604.9483916266804,2.259390844417845,0.186649003746592,12.105024934852347,0.0,1e-300,1
GENE_1334,748.4148025929711,0.022482261235660744,0.20601078472216483,0.10913147710194544,0.9130981068148349,1.0,0
GENE_1335,6563.256729637856,-0.1125479967622804,0.11684464015773906,-0.9632277236708656,0.3354332460428635,1.0,0
GENE_1336,814.7075119293055,-0.0987295182046343,0.19101134723289342,-0.5168777647762302,0.6052414694459034,1.0,0
GENE_1337,1082.2873700100579,0.19519654832183497,0.1992381523176942,0.9797147085091679,0.32722696757301595,1.0,0
GENE_1338,23532.042706927594,-0.43158287481945357,0.10945429019292141,-3.9430421051450457,8.048890220169191e-05,0.008048890220169191,1
GENE_1339,292.7424355508611,-0.6512168855804845,0.3274981892528482,-1.988459499779726,0.046760755493291395,1.0,0
GENE_1340,121.89693036321523,-0.13926791633466992,0.241769400448681,-0.5760361570827964,0.5645906651796011,1.0,0
GENE_1341,766.3926201507778,0.3056457622007159,0.18490459322319613,1.6529917233141662,0.09833251549476452,1.0,0
GENE_1342,779.3705011869556,0.6750212157946555,0.2168649395374958,3.1126341456312017,0.0018543926440957037,0.18543926440957037,0
GENE_1343,183.0806767189844,1.1770011794341473,0.1648333213465778,7.1405536806444,9.36140054363932e-13,9.36140054363932e-11,1
GENE_1344,85.74728902416352,-0.5873055039475389,0.3106693785440401,-1.8904518581778513,0.05869742328124761,1.0,0
GENE_1345,12897.214452721399,-0.09294689575070847,0.23525406122349596,-0.3950915672499575,0.6927754145664093,1.0,0
GENE_1346,658.6980304473838,2.1164528754404692,0.2136218698862567,9.907472847079646,0.0,1e-300,1
GENE_1347,134.5010395350138,0.07103644676943688,0.3259390588358113,0.21794395253874993,0.8274728558568165,1.0,0
GENE_1348,1593.830397969856,0.21572182117714964,0.30625451852319824,0.7043873906494186,0.48119141809225496,1.0,0
GENE_1349,342.5036356416295,-0.3668195785843043,0.2994565106849793,-1.2249510880402572,0.22059378438978317,1.0,0
GENE_1350,276.07645287337346,-2.7932767967660106,0.1409144851425979,-19.822495848736658,0.0,1e-300,1
GENE_1351,937.6805330307379,0.16812913191045162,0.12134324009645633,1.3855665282780067,0.16587941947460005,1.0,0
GENE_1352,58.10063525693912,0.3302683813214638,0.2663260603224418,1.2400903648768236,0.214942108666883,1.0,0
GENE_1353,684.6726260691752,-0.32228726664511687,0.2065334092121769,-1.5604606919262305,0.11865107550727316,1.0,0
GENE_1354,7111.242145861755,-1.9845868904625557,0.26460243249834775,-7.500259433461361,6.417089082333405e-14,6.417089082333405e-12,1
GENE_1355,811.8101385451605,-1.0815270720293362,0.2853693526700014,-3.7899201925863584,0.00015074562425132498,0.015074562425132498,1
GENE_1356,229.4492436156416,-0.24858478703110967,0.15973464698308273,-1.5562358682110897,0.11965204111307282,1.0,0
GENE_1357,188.54601327557282,-0.20976595718841723,0.15685561694315833,-1.3373187474977875,0.18111874320273302,1.0,0
GENE_1358,217.99890503087778,-0.40783380326697727,0.21252452288970958,-1.9189964420182428,0.05498464952319182,1.0,0
GENE_1359,275.6290618403685,-1.563808645707712,0.15385831465215427,-10.163952785023023,0.0,1e-300,1
GENE_1360,228.9011385294733,-0.022378172818107292,0.26016972452437387,-0.08601374683014204,0.9314553602319993,1.0,0
GENE_1361,1594.7418643873375,-0.9036855510310446,0.2816172203877935,-3.2089143902018793,0.0013324990200571651,0.13324990200571651,0
GENE_1362,29.969684233486348,0.0862031877207026,0.20745051543437598,0.4155361462477144,0.6777495448462116,1.0,0
GENE_1363,1469.9741221205454,-2.1079449681132196,0.2754259367116336,-7.653400377903418,1.9761969838327786e-14,1.9761969838327786e-12,1
GENE_1364,228.2565492280865,0.19427558367620607,0.21781814364910956,0.8919164419524712,0.37243765666600526,1.0,0
GENE_1365,710.1112717588533,2.980989117125132,0.2724753649310925,10.940398659082474,0.0,1e-300,1
GENE_1366,74.40462729264937,0.01200261541237605,0.14074142690484584,0.0852813253093627,0.9320376079541302,1.0,0
GENE_1367,2960.006076756139,-0.11326533155460237,0.2794876224019213,-0.4052606358063309,0.6852860323142635,1.0,0
GENE_1368,2613.5178819021553,0.12124075398013215,0.27308348633339474,0.44396955527407844,0.6570646523825152,1.0,0
GENE_1369,1701.7046937166178,-2.5311137883496295,0.15198354090327795,-16.653867736641466,0.0,1e-300,1
GENE_1370,41.59033615481557,-2.4304082578686463,0.23011216758084724,-10.561841572392083,0.0,1e-300,1
GENE_1371,1399.2359359677134,-0.6145089256176979,0.3109341503260884,-1.9763314032030226,0.04811711665497853,1.0,0
GENE_1372,740.468157515352,1.8320134303065008,0.14737111468255853,12.43129248396274,0.0,1e-300,1
GENE_1373,36.30999796209783,-0.23355477563688762,0.2787145416839626,-0.8379712598624218,0.40204674460007483,1.0,0
GENE_1374,388.9901120278266,3.290755084787453,0.33757101362965947,9.748334282035414,0.0,1e-300,1
GENE_1375,697.0113770770436,-2.311987875833545,0.3138853183345425,-7.365708877690809,1.7763568394002505e-13,1.7763568394002505e-11,1
GENE_1376,929.0038757225891,0.2500847722317862,0.18841042232367455,1.3273404366248907,0.1843962246525046,1.0,0
GENE_1377,526.3108724511479,-0.11168836768467348,0.24394608790679734,-0.4578403722028345,0.6470671709747697,1.0,0
GENE_1378,624.4349278085051,-0.38600508991180416,0.34777793624823,-1.1099182831319383,0.26703433526472997,1.0,0
GENE_1379,3679.0766464166363,-0.11123851719516374,0.23347810107144396,-0.4764409025286912,0.6337603230560864,1.0,0
GENE_1380,2537.7949799909206,2.1063189689332136,0.11105745265619897,18.966029911146567,0.0,1e-300,1
GENE_1381,5.4707601251287805,0.12995388752983378,0.09226630379026544,1.4084653030562233,0.15899343976167168,1.0,0
GENE_1382,250.59602182712246,0.7513516527972518,0.29338491763088764,2.560975727261275,0.010437918557335335,1.0,0
GENE_1383,315.14204027029007,-0.2675637360013678,0.19437964785849843,-1.3765007754111418,0.16866676529876923,1.0,0
GENE_1384,29.132434494023606,-0.029391464636160155,0.14663948046988248,-0.20043350223268633,0.8411416103473446,1.0,0
GENE_1385,464.64542477433554,0.17044957872777056,0.1738714482784557,0.9803195430614634,0.32692841524575167,1.0,0
GENE_1386,2625.7888879418483,-0.00936918368032613,0.2844906739675421,-0.03293318388846403,0.97372775790539,1.0,0
GENE_1387,79.05534767295488,3.1959571929672386,0.20561678062113387,15.543270268665752,0.0,1e-300,1
GENE_1388,668.209273418889,-0.6197028705376975,0.31449486298198664,-1.9704705655977353,0.048784326763291475,1.0,0
GENE_1389,102.13186618393458,-0.20433382362120622,0.27842990896997877,-0.733878857975844,0.463022435434689,1.0,0
GENE_1390,147.25002090196057,-1.8883996758899961,0.3429838206202647,-5.505798123290317,3.6841016459732145e-08,3.6841016459732145e-06,1
GENE_1391,3700.0087047143647,-0.6906426724495114,0.31989601703325765,-2.1589598984525944,0.03085316867840726,1.0,0
GENE_1392,178.78129976617439,-0.3182715366682346,0.14872774718222248,-2.139960718145523,0.03235782643431939,1.0,0
GENE_1393,806.9960176633388,-0.41883668830658183,0.25794599285668934,-1.623737913770503,0.10443174047379733,1.0,0
GENE_1394,24.365612778027494,0.23351461811717927,0.08554661932259885,2.7296767536375537,0.0063397516582619495,0.633975165826195,0
GENE_1395,6591.105331873663,2.7375959695247953,0.3475988155959915,7.8757344579293935,3.552713678800501e-15,3.552713678800501e-13,1
GENE_1396,996.230512898332,-0.36155171583234996,0.15047164937670104,-2.4027896107340236,0.016270533066407467,1.0,0
GENE_1397,306.8166187419518,-1.495428074056089,0.25949467527836767,-5.762846857847464,8.295695241855583e-09,8.295695241855583e-07,1
GENE_1398,956.5372813848717,-0.7432970648450142,0.3092714777238826,-2.4033805843183167,0.016244259558504837,1.0,0
GENE_1399,48.68012600634516,-0.19773598007307766,0.12332545893655228,-1.6033670726075113,0.10885363338958709,1.0,0
GENE_1400,2377.479359132545,0.15959276028093827,0.3089274225588293,0.516602763714014,0.6054334655066154,1.0,0
GENE_1401,248.1473782400905,0.32997515584564113,0.08330632976352205,3.9609853990966455,7.467390956983344e-05,0.007467390956983344,1
GENE_1402,297.04858979578114,-0.28521883267652554,0.19933382728305998,-1.4308601633956803,0.15247039185353373,1.0,0
GENE_1403,192.96649591727805,0.4207419442110079,0.2074501580834074,2.0281591882029053,0.042543867450095973,1.0,0
GENE_1404,168.85205137956146,-0.6062767686053887,0.18100449257985868,-3.349512268806815,0.0008096499409036007,0.08096499409036007,0
GENE_1405,1143.679433777444,-0.49905111965751703,0.23832388150113493,-2.0940038258614067,0.036259513234812246,1.0,0
GENE_1406,592.2093920637697,0.2838647462551505,0.3270074341497106,0.8680681740256446,0.3853569313263956,1.0,0
GENE_1407,1072.3654754342806,0.6684484914252989,0.16828706086107803,3.972073004335771,7.128174635839812e-05,0.007128174635839812,1
GENE_1408,398.14169749176557,0.19737279527347817,0.23640016953493453,0.834909702737379,0.40376844912949084,1.0,0
GENE_1409,871.1374021704155,-0.01613695461360497,0.3169148819506971,-0.05091889189386638,0.9593900163786824,1.0,0
GENE_1410,215.23423153579023,-3.0297037517698198,0.28870875667737206,-10.493979422853013,0.0,1e-300,1
GENE_1411,11436.871555583986,-0.8089788224173917,0.09099798149748392,-8.890074363240242,0.0,1e-300,1
GENE_1412,38.40180160746749,0.051763814758347584,0.3345535063144688,0.15472507022446622,0.8770380387102543,1.0,0
GENE_1413,2674.2011663897874,-0.14322506782846983,0.09259466414982544,-1.5467961263590786,0.12191244633657172,1.0,0
GENE_1414,3139.632946597759,-0.4423340728608472,0.23896478808106897,-1.8510428938626098,0.06416326143941986,1.0,0
GENE_1415,112.36604387386195,0.026213032332020287,0.2353454774850945,0.11138107522665473,0.9113140676509102,1.0,0
GENE_1416,11429.013165488268,0.046052547003123834,0.2923253622896253,0.15753866391345356,0.8748203177831515,1.0,0
GENE_1417,1795.8530493104365,0.37776634741610904,0.12007962399922396,3.14596544221816,0.0016555287623254422,0.16555287623254422,0
GENE_1418,1731.4396520292375,0.05464091320508031,0.12843000585693,0.42545285924809384,0.6705066550771015,1.0,0
GENE_1419,420.7476637786049,0.4913577473337538,0.2830688718393573,1.7358240209916167,0.08259487833490264,1.0,0
GENE_1420,291.24381327265206,0.003197611819525345,0.12036628315113877,0.026565677163182328,0.9788060506472513,1.0,0
GENE_1421,294.6790386451904,-0.04613399792293445,0.20675018430772268,-0.2231388478680607,0.8234275257046164,1.0,0
GENE_1422,724.7276249049245,0.4257248744988729,0.2775449843569516,1.5338950386195653,0.12505551628738765,1.0,0
GENE_1423,3300.3355118723325,-0.39137635201657384,0.25583532077132387,-1.529797960799956,0.12606678850171282,1.0,0
GENE_1424,529.5202070325441,1.1257789813064647,0.1368631302505357,8.225582589304093,2.220446049250313e-16,2.220446049250313e-14,1
GENE_1425,102.80505914614943,-1.735807437087084,0.16206926984524309,-10.710281096129908,0.0,1e-300,1
GENE_1426,1389.4185004269555,0.15233170113506925,0.34162322387508104,0.4459055781019481,0.6556655078352671,1.0,0
GENE_1427,1606.3601458626422,1.7536541699700425,0.20114106744181864,8.718528703628852,0.0,1e-300,1
GENE_1428,1077.0588225162646,0.750854590132657,0.09200351863782275,8.161150804334344,4.440892098500626e-16,4.440892098500626e-14,1
GENE_1429,1234.2865129239851,0.31700296466904265,0.1392879228559098,2.275882633392236,0.0228529680610845,1.0,0
GENE_1430,268.703302112703,-0.6420223916015695,0.17245747420869617,-3.722786701750242,0.00019709392623457056,0.019709392623457056,1
GENE_1431,100.13469696658868,0.5613881539070017,0.3498621391595382,1.6045981861758611,0.1085822572697388,1.0,0
GENE_1432,109.69566548294974,-0.13635863177800692,0.16172671781876802,-0.8431422687425788,0.39914878405479515,1.0,0
GENE_1433,34.70227085480784,0.04286202913572939,0.08712687917128714,0.49194955154384395,0.622755013297388,1.0,0
GENE_1434,575.6057228196167,-0.5117015888701066,0.21848882593994068,-2.342003471659305,0.019180497517377493,1.0,0
GENE_1435,355.96301149536754,0.21048080724955828,0.1025734539429738,2.0520007775752203,0.04016945335190547,1.0,0
GENE_1436,208.5165559673115,-0.2605497160270209,0.1539982516478449,-1.6919004809407334,0.09066489579650572,1.0,0
GENE_1437,4.790198080460836,0.04006785519738951,0.34794345754536354,0.1151562253248162,0.9083212017296338,1.0,0
GENE_1438,62.11725418140041,-0.11363960214431319,0.27025240011114166,-0.420494330846197,0.6741244502989892,1.0,0
GENE_1439,2167.3510294850357,1.3900208695687744,0.093679989906375,14.83796989045344,0.0,1e-300,1
GENE_1440,148.86814777341482,0.7929041200582359,0.20114541401978492,3.9419448060607776,8.08580542397408e-05,0.00808580542397408,1
GENE_1441,692.9012665197574,0.018605268085896555,0.1263421284097893,0.14726099932043704,0.8829259755184673,1.0,0
GENE_1442,50.097537492529845,0.0255910845475419,0.11319505722857273,0.22607952302958145,0.8211396556085493,1.0,0
GENE_1443,3491.4004980418467,-0.14937718653980603,0.23850766160417652,-0.6262993210998395,0.5311185186750325,1.0,0
GENE_1444,325.04333435494885,-1.1842395803458503,0.2165270902028582,-5.469244422193865,4.530452679674113e-08,4.530452679674113e-06,1
GENE_1445,623.3203516447613,-0.13156794813335088,0.2805739777651872,-0.46892427152834637,0.6391237973325126,1.0,0
GENE_1446,13209.21125849232,-0.16853490985827974,0.32092268162260207,-0.5251573650268604,0.5994737711473199,1.0,0
GENE_1447,3923.1891114962655,0.3914371454659858,0.14660410150654873,2.670028610683177,0.007584568821682902,0.7584568821682902,0
GENE_1448,254.716603436746,-0.21531963812665977,0.32920783639695717,-0.6540538052898244,0.5130770152433402,1.0,0
GENE_1449,165.69847527901922,-0.015102013779412234,0.21985777858960576,-0.0686899225321574,0.9452363010805289,1.0,0
GENE_1450,247.56730457587577,-0.6325243126043971,0.14988542790998163,-4.220052085278626,2.4440296408245743e-05,0.0024440296408245743,1
GENE_1451,866.8338951886916,0.2816761380492668,0.30836217628770446,0.9134587822679673,0.3610012537421208,1.0,0
GENE_1452,344.5240153015799,0.7763467756727476,0.08959307786783607,8.665253992255758,0.0,1e-300,1
GENE_1453,222.99152862164271,-2.000530052941495,0.23106753191769935,-8.657772194728055,0.0,1e-300,1
GENE_1454,3643.761754628055,0.584719667018922,0.27483781445809097,2.127508065699903,0.03337777351961879,1.0,0
GENE_1455,339.9114567371134,-0.33844085447093236,0.15559397553215865,-2.1751539756819334,0.02961847533597428,1.0,0
GENE_1456,12700.334866702777,0.09452971281128028,0.3131428177420688,0.3018741208656525,0.7627481613998852,1.0,0
GENE_1457,462.25368662533515,-0.37726396974775583,0.14487683210665592,-2.6040324340472902,0.009213473042661402,0.9213473042661402,0
GENE_1458,5872.1586697066705,-2.3287618296068713,0.30676605633756954,-7.591328249968667,3.197442310920451e-14,3.197442310920451e-12,1
GENE_1459,689.5085752493906,-3.494121485303776,0.10120714023476346,-34.52445625080103,0.0,1e-300,1
GENE_1460,1710.3287113353206,0.040728245241319454,0.12318044980447646,0.33063887415549414,0.7409174151186448,1.0,0
GENE_1461,136.0582935198538,-0.5650564090404887,0.1828658376535152,-3.0900053082146957,0.0020016658183998892,0.20016658183998892,0
GENE_1462,112.09661867116749,-0.5260116422151014,0.31059498845550837,-1.693561267136964,0.09034862804048993,1.0,0
GENE_1463,803.9675699822496,-0.5524655725963096,0.11903804858423125,-4.641083915328007,3.469626436825024e-06,0.0003469626436825024,1
GENE_1464,1777.2630786324953,-2.3294471082115233,0.31636832474444515,-7.36308576433243,1.8118839761882555e-13,1.8118839761882555e-11,1
GENE_1465,428.54028730536066,0.8255578142626674,0.14202751218545429,5.812661234146554,6.168030308728589e-09,6.168030308728589e-07,1
GENE_1466,58.58097571513345,0.5449832976000851,0.20217726762052274,2.695571584353357,0.007026895353596796,0.7026895353596796,0
GENE_1467,52.43700008101255,-0.7583940796584258,0.1752382891502912,-4.327787513424064,1.5072653562597793e-05,0.0015072653562597793,1
GENE_1468,47.431918906317506,0.5684303752279136,0.11189408118592135,5.080075453530193,3.7792945040138193e-07,3.779294504013819e-05,1
GENE_1469,28.461913655800068,0.3745601668058589,0.3349636296701678,1.118211452314035,0.2634767926635584,1.0,0
GENE_1470,475.4339848245287,1.17896825537979,0.19830813850309764,5.945132984854145,2.7718511930174827e-09,2.7718511930174827e-07,1
GENE_1471,2181.0591415839003,-2.2663619458075135,0.2663894405661725,-8.50770188559534,0.0,1e-300,1
GENE_1472,395.39146296183975,0.4382089645983238,0.2353222726992884,1.8621652747604496,0.06257967354555372,1.0,0
GENE_1473,13.590593023870445,0.22017340437391414,0.21546329755009597,1.0218603672986257,0.3068470292102081,1.0,0
GENE_1474,303.0383331332047,-0.5236380209551943,0.2464759583603492,-2.1244993809482735,0.033628288638233306,1.0,0
GENE_1475,316.01873665813633,0.2442968623184777,0.3225524226746558,0.7573865367146506,0.44881818538686113,1.0,0
GENE_1476,9358.105314701073,-0.8550002384322352,0.26881434143740957,-3.180634760260038,0.0014696579308384194,0.14696579308384194,0
GENE_1477,45.344692277228994,-2.9350602149810925,0.22376962145290968,-13.116437324799021,0.0,1e-300,1
GENE_1478,224.52422236893162,0.4551827077600195,0.2542002093798136,1.7906464706325542,0.07334994368208658,1.0,0
GENE_1479,5212.313159773469,0.007357686228527934,0.2437264557374358,0.03018829534227626,0.975916776437449,1.0,0
GENE_1480,792.3217125252302,-0.19957501998477836,0.19694272602130453,-1.0133657841376131,0.31088550633734435,1.0,0
GENE_1481,939.1447402255213,0.3557385015089397,0.2486862827352216,1.430470943536912,0.15258199538500272,1.0,0
GENE_1482,479.0843392659165,0.3899007260346326,0.19976384604432415,1.951808266387304,0.05096083482441083,1.0,0
GENE_1483,661.7681764565948,-1.257748675213275,0.2845558820254163,-4.420041034684828,9.876459685642658e-06,0.0009876459685642658,1
GENE_1484,1295.1920903081827,0.349736971378555,0.34160637055101706,1.0238010808007565,0.30592927766589995,1.0,0
GENE_1485,119.79363111964346,0.4325499175748586,0.33916364652425185,1.2753428087226595,0.2021880693172664,1.0,0
GENE_1486,1505.8124544424109,0.29316342297501385,0.3015986623347447,0.9720315756892564,0.33103483812490375,1.0,0
GENE_1487,51.44408422767627,0.10621145964658879,0.242474902206061,0.43803073505862367,0.6613640666951925,1.0,0
GENE_1488,660.2060341421627,0.03580359990552564,0.28231963677909994,0.1268193750672046,0.8990832858753708,1.0,0
GENE_1489,527.4802610973859,-0.09490388763896081,0.12807303971953968,-0.7410137828131961,0.45868494617598476,1.0,0
GENE_1490,160.06186035184766,-0.4849473172238903,0.2093349834747591,-2.3166090501178154,0.020524987933356886,1.0,0
GENE_1491,389.9318916240659,-2.5791709639498395,0.14947228654766836,-17.255178357944725,0.0,1e-300,1
GENE_1492,158.56899067347905,-0.11280579277408387,0.08094364489952371,-1.3936337178059008,0.16342835277403012,1.0,0
GENE_1493,80.83806933523644,0.09658086384097173,0.3410191451614605,0.2832124389826973,0.7770141251285261,1.0,0
GENE_1494,237.35997901665706,3.1820138299884944,0.31323911169999713,10.158417998056542,0.0,1e-300,1
GENE_1495,77.01629685619044,-0.01671889115020501,0.2186986269868802,-0.07644717015625335,0.9390632071532283,1.0,0
GENE_1496,654.7124922487735,0.4013905163510656,0.14862111779213183,2.700763675539491,0.006918146571803785,0.6918146571803785,0
GENE_1497,71.87092190332434,0.4317262625728483,0.2671033067537939,1.6163269104369338,0.10602364083888816,1.0,0
GENE_1498,1173.757634052693,-0.0925787190755164,0.19739629282848042,-0.46899927931249935,0.6390701817643096,1.0,0
GENE_1499,68.5649449872339,0.23787608454807355,0.29690437402412884,0.801187538344389,0.42302296493650604,1.0,0
GENE_1500,172.52766952099572,-0.09741121668994461,0.3498698897488563,-0.27842126328695604,0.7806891281651067,1.0,0
GENE_1501,158.0789967765501,0.5288543576313908,0.1742523040222649,3.0349920513178232,0.0024055586536997353,0.24055586536997353,0
GENE_1502,2944.575942365724,0.25433733530637287,0.1459888217390729,1.7421699297015507,0.08147863394370791,1.0,0
GENE_1503,662.1121274618012,-0.47619350187534215,0.1521932719745847,-3.1288735414983613,0.0017549124740416921,0.17549124740416921,0
GENE_1504,293.6531462460543,-2.2158960581665474,0.10520348633378143,-21.062952715617474,0.0,1e-300,1
GENE_1505,852.4198282310315,0.6592448647295519,0.18639247305504192,3.5368641980241127,0.000404991061004889,0.0404991061004889,1
GENE_1506,17.1022747162791,-0.07249241381868048,0.08470476423356552,-0.8558245155938263,0.39209476332800697,1.0,0
GENE_1507,378.1532797986438,0.17908601203802726,0.11088680049834441,1.6150345328134983,0.10630320683383632,1.0,0
GENE_1508,8072.925949230433,0.2183515350956581,0.153357851763621,1.4238040803558953,0.1545032931675836,1.0,0
GENE_1509,492.0201936253587,-0.4146491596658402,0.12316294949555978,-3.366671238096559,0.000760921166980566,0.0760921166980566,0
GENE_1510,446.6921941625641,0.20428317968540557,0.2776829568651958,0.7356705719054161,0.4619310650445456,1.0,0
GENE_1511,917.9955741883621,-0.5575340608138503,0.10851329353433309,-5.137933267479796,2.7827732251850534e-07,2.7827732251850534e-05,1
GENE_1512,1545.971609244825,-0.2502496425605584,0.3138184083566216,-0.7974345541775103,0.4251985767377324,1.0,0
GENE_1513,20.16200637186764,0.4302891869976768,0.13970091600195728,3.0800741993105345,0.002069627398620044,0.20696273986200442,0
GENE_1514,32.346644067539216,0.1427025161233432,0.10931946658232328,1.3053715004717914,0.19176651295883484,1.0,0
GENE_1515,553.0436528369553,-0.1217911230986108,0.0827287939964398,-1.4721733173561315,0.14097415571143945,1.0,0
GENE_1516,138.05955598296677,0.178584408498075,0.2731053511669795,0.6539030001974828,0.5131741747096572,1.0,0
GENE_1517,2887.186834401749,-0.02403689910205258,0.1492865214034063,-0.16101185074236796,0.8720840518857633,1.0,0
GENE_1518,251.4485548089042,0.0050314009407332995,0.21756462338719917,0.023126006711941073,0.9815496710840792,1.0,0
GENE_1519,22.158117245641147,-1.3737793487233474,0.11013633260148205,-12.473443742622507,0.0,1e-300,1
GENE_1520,60.21847053261776,-0.2909470962636528,0.3460298992737873,-0.8408149032042123,0.40045153806766454,1.0,0
GENE_1521,6.5239888165385755,0.01613456222187628,0.11385387954888793,0.14171288923842273,0.887306744463606,1.0,0
GENE_1522,283.95384123121573,1.6018573838104848,0.1912200001933071,8.377038919522768,0.0,1e-300,1
GENE_1523,304.1204405920979,1.809948866879541,0.3099453656303058,5.839573897802356,5.250191836836393e-09,5.250191836836393e-07,1
GENE_1524,213.4293651046782,-0.36818230249971995,0.14611947608970982,-2.5197346195908548,0.011744371840368029,1.0,0
GENE_1525,2035.1372870898902,0.627282578825533,0.1520823820434668,4.124623578333017,3.715504047585583e-05,0.0037155040475855827,1
GENE_1526,2435.1892537483195,0.15388932583409365,0.29829486929049787,0.5158966568889483,0.6059265693500189,1.0,0
GENE_1527,312.4415354038369,-0.5294353205605556,0.1538017074418434,-3.4423240766735277,0.000576835889119387,0.0576835889119387,0
GENE_1528,16.411125660939554,-0.6161417503393642,0.08077525399559951,-7.62785283687168,2.398081733190338e-14,2.398081733190338e-12,1
GENE_1529,1018.3331172438391,-1.6967754513908497,0.19553670453228644,-8.677529139347254,0.0,1e-300,1
GENE_1530,928.0079900927399,0.624474613270593,0.08338450661318825,7.489096459699204,6.994405055138486e-14,6.994405055138486e-12,1
GENE_1531,641.6784716334759,-0.07470325392174106,0.325643916633929,-0.22940165655149747,0.8185568377167971,1.0,0
GENE_1532,1758.5055780554947,0.5227998213616064,0.25328957052838963,2.064040063990748,0.039013786208657475,1.0,0
GENE_1533,70.29901977820889,1.9102709056049376,0.23741385187973535,8.04616449495376,8.881784197001252e-16,8.881784197001252e-14,1
GENE_1534,8210.204241324858,0.18850018313835748,0.13442916793283805,1.4022268086382397,0.1608476367733862,1.0,0
GENE_1535,95.66556107210926,-0.5342882037218278,0.26898547006573176,-1.9863087905501522,0.04699890869234413,1.0,0
GENE_1536,1241.2005687515527,0.3750091686999031,0.2628587537931533,1.4266565723544526,0.15367900671124657,1.0,0
GENE_1537,32.10393018721052,-0.13397281490944288,0.09632516495984854,-1.390839195191486,0.16427430730429604,1.0,0
GENE_1538,99.94329439439225,0.3452369814443633,0.31782856331885456,1.0862364849757442,0.2773744597562511,1.0,0
GENE_1539,3922.7686434974885,1.469651813343805,0.23644160799104746,6.215707234572061,5.130527114260985e-10,5.1305271142609854e-08,1
GENE_1540,272.7758144957902,0.070819739003965,0.29396605788042474,0.2409112790592036,0.8096239815676616,1.0,0
GENE_1541,1422.0914337512493,0.1408011815750526,0.15098679947478794,0.9325396793947132,0.3510576569551682,1.0,0
GENE_1542,575.6115743189598,-0.06161332663034661,0.11295290593343262,-0.5454780124617392,0.5854247491242441,1.0,0
GENE_1543,344.66149656739634,0.1618180772344627,0.26966138476043183,0.6000787891014595,0.548453631753056,1.0,0
GENE_1544,3120.5841392536327,-0.10655883007700351,0.29434832528889376,-0.3620160908760711,0.717340130746212,1.0,0
GENE_1545,282.8768836902591,-0.25962390121651174,0.18422905407720866,-1.4092451514607778,0.1587627962870335,1.0,0
GENE_1546,27.907426568432648,-2.9478462883590266,0.08639691433540403,-34.1198098454663,0.0,1e-300,1
GENE_1547,120.92129290304247,0.4195811465445769,0.3009285866565434,1.3942880974064933,0.1632307351344926,1.0,0
GENE_1548,922.2234917579623,-0.30434589801927076,0.13564535470921896,-2.243688319970063,0.024852382148339514,1.0,0
GENE_1549,730.1599790700664,0.22737772223784516,0.1715386243123218,1.3255190960600025,0.18499917175728675,1.0,0
GENE_1550,38.45207361424319,-1.4924161398986926,0.24962237209982513,-5.978695448426668,2.2572566038547848e-09,2.2572566038547848e-07,1
GENE_1551,136.11310858968287,-0.4738738574649297,0.10698777418705173,-4.429233723812535,9.464840139195019e-06,0.0009464840139195019,1
GENE_1552,168.58127474394885,0.4135237765595905,0.09943885685738504,4.158573314581293,3.2043049576824245e-05,0.0032043049576824245,1
GENE_1553,233.17648398072632,-0.6816398502589623,0.08694001832532405,-7.840346291489255,4.440892098500626e-15,4.440892098500626e-13,1
GENE_1554,51.21997625063826,0.3707423654306165,0.32749276226465296,1.13206277557674,0.2576081485992381,1.0,0
GENE_1555,157.1881252187253,-0.1010889250292234,0.164073340952537,-0.6161203547288424,0.537814982109607,1.0,0
GENE_1556,135.24450279217135,-0.08461864123221147,0.2583778800816256,-0.3274995568718155,0.7432902148856031,1.0,0
GENE_1557,1283.4408183216797,0.16390048784931588,0.34709351723479037,0.47220843867978635,0.6367780441212534,1.0,0
GENE_1558,1357.8827531237278,0.23247952479770095,0.2607517142617247,0.8915742911064966,0.3726210905123084,1.0,0
GENE_1559,324.1752656394218,-0.3305372707315633,0.2217755948811686,-1.4904131850426157,0.13611569264041457,1.0,0
GENE_1560,224.0659226704455,0.2870902435000254,0.22064838204965437,1.3011209999963609,0.19321717622646095,1.0,0
GENE_1561,497.6447495049853,0.04534821521008936,0.18176763008299895,0.24948454897817837,0.80298610079489,1.0,0
GENE_1562,118.52659180481169,-0.5024219171472153,0.24194050710787302,-2.0766341409840994,0.037835209748113385,1.0,0
GENE_1563,72.22251769804815,-1.21686442072001,0.33887367517734013,-3.590908677350632,0.00032960262862768985,0.032960262862768985,1
GENE_1564,98.46175381284336,0.5525116062235703,0.2927718890985437,1.8871743729385209,0.05913674651821221,1.0,0
GENE_1565,155.67651834993768,0.6706379192982787,0.19454118659897413,3.447279884648422,0.0005663579312753519,0.056635793127535194,0
GENE_1566,70.44197352283757,-2.5229967092898717,0.16976010383878398,-14.862129865836351,0.0,1e-300,1
GENE_1567,514.4453544204342,-0.47613739526734805,0.31855351299824275,-1.4946857461589964,0.1349965384427625,1.0,0
GENE_1568,1205.408160135547,0.1962427609823553,0.11666217291918032,1.6821456010278992,0.09254056051677906,1.0,0
GENE_1569,37.3134013931965,0.34034436154367714,0.3093880193803614,1.1000566932918563,0.2713075097142661,1.0,0
GENE_1570,418.9254861783548,-3.0420501686977532,0.14887072556242975,-20.43417305319744,0.0,1e-300,1
GENE_1571,290.06246812187266,0.3139817154751673,0.2732198936594978,1.149190533931139,0.2504775362227698,1.0,0
GENE_1572,673.3485014000712,0.14530523169901233,0.2976795568092041,0.48812633711405595,0.6254603669999925,1.0,0
GENE_1573,395.67447795674855,-2.2659351737164064,0.2087890596611376,-10.852748594174402,0.0,1e-300,1
GENE_1574,45.58601952292017,-0.24334699836160736,0.13191667355841408,-1.8447023548835226,0.06508072883629978,1.0,0
GENE_1575,60.72867863917882,-0.7591742074005986,0.3080872907348413,-2.464152953501708,0.013733763556023515,1.0,0
GENE_1576,421.63304046357945,0.13585670668534033,0.17922725316439497,0.7580136630266084,0.44844266922426224,1.0,0
GENE_1577,1887.8074959541057,0.07442113746087542,0.1665836703302802,0.4467492960944069,0.6550561386650382,1.0,0
GENE_1578,14.566420929102826,0.22303033712992648,0.21770436923542869,1.0244642214265265,0.3056161001083342,1.0,0
GENE_1579,677.6221757474663,-1.10964570854479,0.19747328509805778,-5.619219369312572,1.9234229320375107e-08,1.9234229320375107e-06,1
GENE_1580,2402.903334528909,0.25800667572602415,0.2644240986004555,0.9757305672652473,0.32919800109284414,1.0,0
GENE_1581,320.6855941561619,0.8218180378483109,0.11704340826061965,7.021480748564455,2.2097879082139116e-12,2.2097879082139116e-10,1
GENE_1582,920.8560661175558,0.03138005231116454,0.1976362065929257,0.15877683979129648,0.8738446775411117,1.0,0
GENE_1583,140.52654153470397,-0.024666127682616334,0.32075948903080503,-0.07689913635024981,0.9387036489903147,1.0,0
GENE_1584,337.2925656583914,2.293763110983873,0.08973693154872588,25.560971067284513,0.0,1e-300,1
GENE_1585,35.467958893321615,0.8129348098841351,0.2034813499513981,3.995131790104135,6.468825253791444e-05,0.006468825253791444,1
GENE_1586,11.982952771151377,-0.4094591046799564,0.2583436309240067,-1.584939807555779,0.11298001935871804,1.0,0
GENE_1587,1659.2960113282995,-3.037255647630006,0.319681993501336,-9.500865576957535,0.0,1e-300,1
GENE_1588,92.06617467349709,2.9670407292675307,0.24032228127195743,12.34609089745582,0.0,1e-300,1
GENE_1589,203.71220388224762,-0.218801888337998,0.30261075323461867,-0.7230473008616373,0.469650685646529,1.0,0
GENE_1590,50.41741343639556,-0.019836123152775737,0.14012657511900733,-0.14155860967792316,0.8874286129362465,1.0,0
GENE_1591,48.66915419715723,0.5389292966454236,0.17525854778152206,3.0750528488759064,0.0021047898562236433,0.21047898562236433,0
GENE_1592,310.8291641563473,1.3715495906922595,0.3343757139605715,4.101821793355447,4.101329601957637e-05,0.004101329601957637,1
GENE_1593,135.0485318197258,0.17925685785068254,0.3192132805350253,0.5615582708533764,0.5744169535916175,1.0,0
GENE_1594,711.2020004607349,-0.15063788920939414,0.23064730532595018,-0.653109252659653,0.5136857217632607,1.0,0
GENE_1595,795.3701696358243,0.9970955466554074,0.20838185120460817,4.784944278455271,1.7125216664748422e-06,0.00017125216664748422,1
GENE_1596,652.8023930627886,-0.17102179253180808,0.2017881956927038,-0.8475312044132215,0.39669900711494965,1.0,0
GENE_1597,577.0339977749574,-0.22845436574389494,0.09587320862309433,-2.3828801499907653,0.01717776482279776,1.0,0
GENE_1598,4301.212795579156,-0.7099772178314908,0.32094181806827304,-2.2121679938899685,0.02695496763040328,1.0,0
GENE_1599,81.33767744702455,1.9108926783379485,0.30090036727214053,6.350582738271295,2.1546653350412726e-10,2.1546653350412726e-08,1
GENE_1600,371.5181432168185,0.3872982369485176,0.20318780907652412,1.9061096170521443,0.05663585244436331,1.0,0
GENE_1601,2206.2173700195162,0.9671222144465784,0.15544879263425782,6.221484246082487,4.945175380299816e-10,4.9451753802998155e-08,1
GENE_1602,2688.6909380204743,-0.5558093408872503,0.17258856373516324,-3.220429725228715,0.0012801119461940402,0.12801119461940402,0
GENE_1603,47.81572335947641,0.5832683229916439,0.11325335818568016,5.15011945195805,2.607952811484182e-07,2.607952811484182e-05,1
GENE_1604,252.5140365623313,0.028054207346450956,0.27488323015254507,0.10205863533720269,0.9187100220921791,1.0,0
GENE_1605,3093.8812318740274,0.32244008672005453,0.23030086126981153,1.4000819838111516,0.16148887851847604,1.0,0
GENE_1606,864.4717768484636,-0.6591108564417885,0.14320792416272163,-4.602474760355204,4.179339860854725e-06,0.0004179339860854725,1
GENE_1607,540.7161946572209,0.5872327290661189,0.24821150446097617,2.365856209370197,0.017988400851188135,1.0,0
GENE_1608,291.0435638293797,0.3146067005327322,0.34439215784884314,0.9135129629485232,0.3609727708574859,1.0,0
GENE_1609,226.8521789792145,-0.01556401391448701,0.11304668657856838,-0.13767775408145105,0.890495045487355,1.0,0
GENE_1610,621.6197644480111,0.25804507506444857,0.20379095286883847,1.266224390395429,0.20543289522231634,1.0,0
GENE_1611,276.2866220419747,-0.3061981204168997,0.21342288164897422,-1.4347014624257435,0.15137228120327562,1.0,0
GENE_1612,378.46820565333354,-0.23177603423267976,0.12503524773242664,-1.8536855681581617,0.06378403584171854,1.0,0
GENE_1613,453.90959995494853,-0.1853778454501585,0.22352665696927498,-0.8293321609316591,0.40691637179396367,1.0,0
GENE_1614,145.8958056878444,-0.7410911446761113,0.24361385980798428,-3.0420729972434124,0.002349687352834806,0.2349687352834806,0
GENE_1615,896.2272972966318,0.3447033976813469,0.12248302548099373,2.8142952570585886,0.004888553883807933,0.48885538838079334,0
GENE_1616,31932.097452060458,0.4766374456730265,0.12177545273239662,3.9140683526789624,9.079094746056171e-05,0.009079094746056171,1
GENE_1617,28.06490998493274,-0.28053765990553664,0.3112141532211141,-0.9014296329454459,0.36735987435319806,1.0,0
GENE_1618,655.9068528693446,0.1392812063779275,0.1640746079009121,0.84888946656537,0.39594270686383193,1.0,0
GENE_1619,128.98741830318832,-0.10621618985169452,0.25019001451123035,-0.4245420827813524,0.6711705978829774,1.0,0
GENE_1620,959.2040886616095,-2.0936115012497925,0.2492287304323078,-8.400361778588891,0.0,1e-300,1
GENE_1621,432.60981860557104,-0.2510308964844117,0.3065761364073114,-0.8188207321880286,0.4128885895777654,1.0,0
GENE_1622,1264.9427725706214,-2.417322967573867,0.2797715504325113,-8.640345895916937,0.0,1e-300,1
GENE_1623,2352.5611500415425,0.42082995440949705,0.306955637028335,1.3709797235965089,0.17038139665600482,1.0,0
GENE_1624,538.416097497075,1.993334710516352,0.2488079932056797,8.011538073330872,1.1102230246251565e-15,1.1102230246251565e-13,1
GENE_1625,2204.1085768903654,0.8088435803413904,0.20135343333877836,4.01703396326253,5.896349076750518e-05,0.005896349076750518,1
GENE_1626,11.983769101009198,-3.473599766749362,0.18626296075453014,-18.648902351160977,0.0,1e-300,1
GENE_1627,4383.831737620392,-0.3704312161401969,0.18233803699858767,-2.0315630366420265,0.04219777598167185,1.0,0
GENE_1628,708.1055948482148,2.5021234410175737,0.19296613643547258,12.966645273816102,0.0,1e-300,1
GENE_1629,2031.9781051541804,0.2523200656584079,0.11491349808151799,2.195739141797038,0.028110522240860414,1.0,0
GENE_1630,64.727515074669,0.29074914547856945,0.19446876017085507,1.4950943546054647,0.13488988123270196,1.0,0
GENE_1631,116.02958220370407,0.47624027154716747,0.1851501249447077,2.572184445942931,0.010105961431707389,1.0,0
GENE_1632,502.154299114272,-0.26111851753831783,0.0893343490959225,-2.922935244739317,0.003467621819461364,0.3467621819461364,0
GENE_1633,393.2490656609031,-0.050901323594115026,0.1542853039381118,-0.32991686372496626,0.7414629172615665,1.0,0
GENE_1634,616.8358123032025,-2.6555323206467545,0.2830148831798585,-9.383012973770498,0.0,1e-300,1
GENE_1635,2052.4156441238442,-0.5162986147662474,0.23604530428059883,-2.1872861073842733,0.028721543794094195,1.0,0
GENE_1636,28.564638222832546,-0.10543606006329741,0.2976652241241281,-0.35421020501652545,0.7231814847731268,1.0,0
GENE_1637,1738.4142177950407,3.252953548121532,0.2265257719828065,14.360191865358411,0.0,1e-300,1
GENE_1638,408.4717943089501,1.8829695743024022,0.3106026166783222,6.0623107250011135,1.3468117732173823e-09,1.3468117732173823e-07,1
GENE_1639,297.17678824004116,2.2823861262782517,0.29493811689246346,7.738525458580947,1.021405182655144e-14,1.021405182655144e-12,1
GENE_1640,44.40389311758096,-0.6223357646659741,0.10653683393840672,-5.8415079710907465,5.1896122954531165e-09,5.189612295453117e-07,1
GENE_1641,857.9733192552006,0.6659104234993086,0.3437917193643179,1.9369588794360688,0.05275023354600261,1.0,0
GENE_1642,10.792357270195504,-0.036127604102052,0.08398181066335877,-0.43018367687819403,0.6670621058879296,1.0,0
GENE_1643,1066.9837449724073,-0.25896408228064693,0.241146270240997,-1.073887985171171,0.282872961631927,1.0,0
GENE_1644,43.02757747661311,-0.10959670595880125,0.2939781075155258,-0.3728056721128908,0.7092931994198008,1.0,0
GENE_1645,437.11086952573555,-0.5909231017269329,0.16961141775974392,-3.4839818541224665,0.0004941039290362603,0.04941039290362603,1
GENE_1646,337.392433517439,0.5692380598046479,0.2416138439202326,2.355982797047749,0.018473740339829847,1.0,0
GENE_1647,2331.5935059654485,-0.15722117503441185,0.17777308332881103,-0.884392463079542,0.376484320267084,1.0,0
GENE_1648,308.5911453283984,0.5469606110953688,0.09636604325202551,5.675864574670832,1.3838077350669664e-08,1.3838077350669664e-06,1
GENE_1649,142.42166913337468,0.02066068577892606,0.08228461015411935,0.2510880921745698,0.8017461130813297,1.0,0
GENE_1650,188.68820731078563,0.5718127898273759,0.10561274813002085,5.414240230955944,6.169095145835968e-08,6.169095145835968e-06,1
GENE_1651,2722.5498176452747,-2.4840329782949135,0.10657059041241262,-23.308803757979277,0.0,1e-300,1
GENE_1652,901.8475150956547,0.3412930651476304,0.24494023989631247,1.3933727887753593,0.16350720162364074,1.0,0
GENE_1653,226.2306440398542,0.28763721843533474,0.22198361235987857,1.295758796685491,0.19505873368034954,1.0,0
GENE_1654,282.9670246133364,0.2493164265007883,0.20297509104674832,1.2283104553127993,0.219330582571315,1.0,0
GENE_1655,38.445219738318784,0.13917379087308424,0.2668187984126527,0.5216041437149525,0.6019459518714854,1.0,0
GENE_1656,722.4955792460728,2.02507428427578,0.08454305699336107,23.953170801888596,0.0,1e-300,1
GENE_1657,28.79715041885263,-3.113644746788571,0.15316553998224736,-20.328624487919786,0.0,1e-300,1
GENE_1658,1246.0012452602314,-0.3627747940383603,0.2898960374476595,-1.2513961806182294,0.2107901072227727,1.0,0
GENE_1659,489.27876016419214,0.001723056937263877,0.32569381875962194,0.0052904195229310684,0.9957788493521056,1.0,0
GENE_1660,14478.610470613896,0.00595435008303818,0.198350880984147,0.03001927721971689,0.9760515726543963,1.0,0
GENE_1661,77.46271078545651,0.1609763013374086,0.10200067463738591,1.5781885944351055,0.11452230227566851,1.0,0
GENE_1662,345.85059084803606,-0.17178905835780045,0.29565675959169174,-0.5810422146107695,0.5612119210989,1.0,0
GENE_1663,5987.513829137686,0.12589852223583511,0.31899601698363805,0.39467114174749307,0.6930857058176159,1.0,0
GENE_1664,2409.282972512143,-0.06753703408118646,0.19168827308730424,-0.3523274167660052,0.7245928584564032,1.0,0
GENE_1665,141.97939232958532,-0.6327810069751597,0.14570591855847478,-4.342864128207748,1.4074363949401203e-05,0.0014074363949401203,1
GENE_1666,564.5060734714938,0.0038209145027385824,0.09187235042019523,0.041589384458576725,0.9668259098779481,1.0,0
GENE_1667,404.6405064885999,-0.4402261332120607,0.2395923619116111,-1.8373963581295891,0.06615128689690208,1.0,0
GENE_1668,615.8071221381804,-0.6937543049795605,0.32566476245187476,-2.1302713248937404,0.033149101882665066,1.0,0
GENE_1669,141.45467475576993,-2.2022702804537015,0.2630297668904879,-8.372703616357665,0.0,1e-300,1
GENE_1670,352.8416581960583,0.1951533368078266,0.16565712143157826,1.1780558247140085,0.23877447511009042,1.0,0
GENE_1671,36.70531021443268,0.21067921684183055,0.25357984755829105,0.8308200311280698,0.4060752003943344,1.0,0
GENE_1672,494.073937876071,0.22686828280787769,0.30465847001096685,0.7446642885054569,0.4564745562333856,1.0,0
GENE_1673,792.372025056165,-0.7730356083762442,0.20847411602435362,-3.7080651695193634,0.0002089087203012152,0.02089087203012152,1
GENE_1674,286.8246005531457,-0.5444067711629879,0.3013320922994164,-1.8066670795291269,0.07081409652087212,1.0,0
GENE_1675,35.781237509991705,0.7894085747254684,0.1858156126999156,4.248343630846188,2.155008328008634e-05,0.002155008328008634,1
GENE_1676,1777.206083748894,-0.4188835040308145,0.17409653322085805,-2.4060416154262003,0.01612641678230453,1.0,0
GENE_1677,697.0014959229949,0.24433641245467563,0.23740692898720955,1.0291882107107304,0.3033912829810137,1.0,0
GENE_1678,135.77204686172965,2.0349684406384343,0.20546533277750995,9.904193632713792,0.0,1e-300,1
GENE_1679,264.8329711565831,0.031869095707025785,0.34382021852449246,0.0926911623865295,0.9261487955172107,1.0,0
GENE_1680,42.47840783243664,-0.25330168090943767,0.21942514435260718,-1.1543876690011072,0.24834138336524347,1.0,0
GENE_1681,86.65067519429358,0.22461646184785794,0.1839964478073258,1.2207652078319897,0.22217506427895772,1.0,0
GENE_1682,180.05871289682014,0.05470964692667962,0.18663205664470478,0.2931417459050536,0.7694139439343874,1.0,0
GENE_1683,2546.897468607435,-0.17931590945769346,0.2279437866655415,-0.7866672396769516,0.4314765610360489,1.0,0
GENE_1684,154.58512471957064,-0.42006884787228416,0.17582625026221274,-2.3891133846386885,0.016889070879931634,1.0,0
GENE_1685,1053.9712893170317,0.10710967899700444,0.2751847825305327,0.38922820517926077,0.6971074476641577,1.0,0
GENE_1686,179.92240879526253,-1.6717878717016579,0.18277899047944302,-9.146499098810168,0.0,1e-300,1
GENE_1687,585.181082037345,-2.021501919068126,0.1837189843618156,-11.003228251507128,0.0,1e-300,1
GENE_1688,326.32921924944554,2.351429629721655,0.24658277733173722,9.536065961971817,0.0,1e-300,1
GENE_1689,1494.5566701458154,0.5400680205048048,0.09642865562792269,5.600700507416576,2.1405786032602236e-08,2.1405786032602236e-06,1
GENE_1690,180.87080514509253,2.0726877899670484,0.25694582789108944,8.066633371628786,8.881784197001252e-16,8.881784197001252e-14,1
GENE_1691,38.137865166539264,-0.03424291909645907,0.2163424986328455,-0.1582810557927995,0.87423531543418,1.0,0
GENE_1692,50.75836606739875,-0.7755010508014102,0.2023170508573932,-3.8330978408143954,0.0001265847444211765,0.012658474442117651,1
GENE_1693,181.66852932103154,-0.5289145583600737,0.2741983074911468,-1.9289490267081648,0.05373705479894264,1.0,0
GENE_1694,61.955107114988216,0.5131171424410854,0.28472906114131247,1.8021242383348526,0.07152575559566854,1.0,0
GENE_1695,746.4420787293562,-0.315902432049912,0.308490433121364,-1.0240266735456007,0.3058227144248584,1.0,0
GENE_1696,200.60699648532872,-0.2797008392656187,0.18119684262071073,-1.5436297631912985,0.12267808408996661,1.0,0
GENE_1697,14212.964571308088,-1.4215469045789197,0.16830017690841287,-8.446496793360533,0.0,1e-300,1
GENE_1698,29.767824853044683,-0.4248185035386219,0.2728723674035202,-1.5568395861439706,0.11950860159388688,1.0,0
GENE_1699,547.5478023264837,-0.49070749382065454,0.23708731196792038,-2.069733254587031,0.038477200014745305,1.0,0
GENE_1700,74.29699187811659,-0.020189629112568733,0.25058641751499044,-0.08056952692322583,0.9357841680474681,1.0,0
GENE_1701,192.46185715129278,-0.35661178186881454,0.2299911849185755,-1.5505454350133763,0.12101068657992387,1.0,0
GENE_1702,498.7620907476631,-0.29640743191155794,0.2886271162650407,-1.026956287916388,0.30444108781397383,1.0,0
GENE_1703,12.32886101352717,-0.3124764104588024,0.13131103989288134,-2.379665949745802,0.01732831620114994,1.0,0
GENE_1704,575.4999695100707,0.20894408553378746,0.2300422758401771,0.9082855956396132,0.3637272986456377,1.0,0
GENE_1705,7004.872052322711,-0.09285027619814291,0.12268748301478005,-0.7568031710859805,0.449167658313941,1.0,0
GENE_1706,204.35170478407608,-0.07142878715754147,0.18995802360856778,-0.37602405942446215,0.7068991259652688,1.0,0
GENE_1707,595.6848697538574,0.2387783589235533,0.25927833232234015,0.9209344906874021,0.35708458744159843,1.0,0
GENE_1708,1876.9108504388648,1.0638295928461257,0.213129334244826,4.991474292431669,6.001415862044723e-07,6.001415862044723e-05,1
GENE_1709,315.4719431947267,-0.11130150738286915,0.1824897149014889,-0.6099056456028309,0.5419242096674182,1.0,0
GENE_1710,168.77386081898092,3.001679549898552,0.3189419003822136,9.411367858225587,0.0,1e-300,1
GENE_1711,13.281809528173074,0.2672791374230524,0.28866294291431915,0.9259211962734896,0.35448689637282405,1.0,0
GENE_1712,1055.2005040579274,-0.05882939980344168,0.22209851195010122,-0.26487975667598734,0.7911022148829956,1.0,0
GENE_1713,340.4428892577352,0.03224311024820864,0.3365143520323817,0.09581496317609059,0.9236674139180652,1.0,0
GENE_1714,88.32067480173185,-0.3127160918933312,0.1945786281474483,-1.607145115939251,0.1080225332360043,1.0,0
GENE_1715,487.79491697230026,-0.3442732172658102,0.2927796904487886,-1.1758780697461957,0.23964372627904384,1.0,0
GENE_1716,168.08662386984614,0.3076590007867231,0.12534278474638283,2.4545409726554013,0.014106469173366776,1.0,0
GENE_1717,182.6114740617665,0.1779768250178487,0.15716396881986117,1.1324276572694782,0.2574547881418008,1.0,0
GENE_1718,1001.6828696193485,-1.54178078103308,0.1712831069601678,-9.001359260674924,0.0,1e-300,1
GENE_1719,54.186206477095546,0.1123417394902089,0.10857160323022129,1.0347248833748286,0.30079745768495325,1.0,0
GENE_1720,1941.0278456724343,0.01848131032598143,0.2154873000705383,0.08576519507150399,0.9316529454881821,1.0,0
GENE_1721,49.57421081771876,2.7010776527311404,0.13191023621415382,20.476634188919128,0.0,1e-300,1
GENE_1722,149.29853431744291,0.37404350440911355,0.2512301901514078,1.4888477542595115,0.13652752968929738,1.0,0
GENE_1723,7218.621539124203,0.36449120207625907,0.13132493708471493,2.7754911608382002,0.00551195603940946,0.551195603940946,0
GENE_1724,2188.632377248262,-0.040311166378394735,0.11334668948160434,-0.35564484999746776,0.7221066791490927,1.0,0
GENE_1725,467.03583478648386,0.5547970919635352,0.3416534164517096,1.6238593418015828,0.10440581639482427,1.0,0
GENE_1726,98.4161263939945,0.09138427269292848,0.25772488256899867,0.3545807132862419,0.7229038554250882,1.0,0
GENE_1727,182.37983903962456,1.2726357662060783,0.3328417469712919,3.8235461079821973,0.00013159215943003844,0.013159215943003844,1
GENE_1728,450.29952474058035,-1.4361553594014365,0.21226970383817262,-6.765710477913107,1.3341772131525431e-11,1.3341772131525431e-09,1
GENE_1729,426.7869098528564,0.09880268299366965,0.08901866502711105,1.109909735936602,0.26703801873764665,1.0,0
GENE_1730,352.02197603293587,-0.2943007961001279,0.23508021601648982,-1.251916478073527,0.21060043690386232,1.0,0
GENE_1731,385.19558908069956,0.28054033533793044,0.23074879944564125,1.2157824266557835,0.22406794782013462,1.0,0
GENE_1732,292.4920057245943,1.1381177579630557,0.08404341360288037,13.542022023770459,0.0,1e-300,1
GENE_1733,46.38758675181568,-0.1499180299160333,0.3125353519884945,-0.4796834308892912,0.6314525304245526,1.0,0
GENE_1734,185.90464607668568,0.028397886169979264,0.24739208376643462,0.11478898490862786,0.9086122863734538,1.0,0
GENE_1735,1590.7105480874936,-0.17848210573890497,0.28106661573155944,-0.6350170946996043,0.5254171483014005,1.0,0
GENE_1736,51.80561565270376,-0.19520796062477383,0.21335869866252893,-0.9149285304441032,0.36022910399190966,1.0,0
GENE_1737,303.58654692276707,0.6177797912474692,0.246968658235231,2.501450166437923,0.012368614975195813,1.0,0
GENE_1738,117.96277479352534,-0.2691884070909859,0.14951687117170154,-1.8003881768088665,0.07179926161971384,1.0,0
GENE_1739,476.76592353315107,-0.18963218934654452,0.3429145972975347,-0.5530012161658067,0.5802625205410346,1.0,0
GENE_1740,225.2138124201985,-0.6349971294925205,0.18819440203786958,-3.3741552491276687,0.0007405327753500224,0.07405327753500224,0
GENE_1741,3700.00887568049,-0.30304468981689897,0.12382818776115985,-2.4472997246912183,0.014393116388848881,1.0,0
GENE_1742,862.5341404783105,1.5358635923694577,0.09509716296114938,16.150467001806494,0.0,1e-300,1
GENE_1743,56.3901924884446,1.9022569837282073,0.25176642193305016,7.555642127026997,4.218847493575595e-14,4.218847493575595e-12,1
GENE_1744,1104.16206869898,1.1198788887349238,0.34551255981764306,3.241210360995215,0.0011903571299747284,0.11903571299747284,0
GENE_1745,126.21946980779501,-0.14667151746020887,0.32186451414849604,-0.45569334615291024,0.6486105522458145,1.0,0
GENE_1746,169.7803330448286,-0.666703173196095,0.26956823322133167,-2.473226037166967,0.013389960685349589,1.0,0
GENE_1747,645.9541526672351,0.3599998657718933,0.3474614408280724,1.0360858025395256,0.3001621619604191,1.0,0
GENE_1748,192.93992488121626,-0.29076998357206274,0.27516363075136874,-1.0567166263146002,0.2906409959967826,1.0,0
GENE_1749,1539.6089344399509,0.5197387722214162,0.1715978033183769,3.028819496349321,0.0024552517024249987,0.24552517024249987,0
GENE_1750,126.24631854994938,-3.450611563189869,0.24232889592624673,-14.23937310488993,0.0,1e-300,1
GENE_1751,159.4260488464351,-0.2527262756331123,0.10153699347110161,-2.489006883043475,0.01281007357656394,1.0,0
GENE_1752,150.72299164832975,-0.0711830222982746,0.13985427236008602,-0.5089799624783576,0.6107662568104615,1.0,0
GENE_1753,172.69756361995337,0.3031107043744749,0.1927358637006929,1.5726741175954022,0.11579431184903632,1.0,0
GENE_1754,2098.099750450037,2.854552283932294,0.1344909932620222,21.22485836929548,0.0,1e-300,1
GENE_1755,1036.074612916172,-0.1986898811174822,0.337445274003606,-0.5888062344454673,0.5559911755212212,1.0,0
GENE_1756,5244.399010868806,-0.07953264119154874,0.3488113322210553,-0.2280104854539124,0.8196381763447964,1.0,0
GENE_1757,12106.11899526792,-0.508742073800354,0.18015269843284965,-2.82394922877041,0.0047437146038502576,0.47437146038502576,0
GENE_1758,85.96364309012156,0.15881264091759206,0.2714918262408436,0.5849628812644528,0.5585725909908059,1.0,0
GENE_1759,448.3744418355663,-0.7146906375379641,0.19009809727907495,-3.759588590141211,0.00017024647343166777,0.017024647343166777,1
GENE_1760,69.11000600783952,-0.17764858174620615,0.11766748518427572,-1.5097508157669532,0.13110707325326731,1.0,0
GENE_1761,125.66141511584375,0.3037540835322973,0.1709702488795693,1.7766487767486399,0.07562594956312041,1.0,0
GENE_1762,156.78512457224122,0.12121931317308672,0.14301035865322906,0.8476261042531809,0.39664613718388364,1.0,0
GENE_1763,82.62131423224896,0.23612822919455612,0.16858111951000332,1.4006801584951194,0.16130984746804677,1.0,0
GENE_1764,83.27672435768903,-0.026018269087523645,0.13805585586738345,-0.18846190133736024,0.8505146103184242,1.0,0
GENE_1765,324.9181915122911,-2.704499284245493,0.11033318214572653,-24.512111693410855,0.0,1e-300,1
GENE_1766,65.03479097164711,0.3698796787079168,0.1387056759278515,2.6666513553512528,0.007661199546364461,0.7661199546364461,0
GENE_1767,1426.8014057150315,-1.3415110069491383,0.32455439859405755,-4.133393393404777,3.5764970180762745e-05,0.0035764970180762745,1
GENE_1768,101.83661281969673,-1.853383305476776,0.10300985245966275,-17.99229162280895,0.0,1e-300,1
GENE_1769,27292.124375638898,-1.6092418855818171,0.1676842938139133,-9.59685519126594,0.0,1e-300,1
GENE_1770,204.98223637474464,-0.1757854053387561,0.22268147151571155,-0.7894029267107361,0.42987642150241134,1.0,0
GENE_1771,449.4508314186247,-0.5375595646765334,0.17571841716815634,-3.0592101462085663,0.002219352049651846,0.2219352049651846,0
GENE_1772,57.79996807259598,0.16814485033704954,0.21975391565509955,0.7651506451468666,0.4441817127278602,1.0,0
GENE_1773,5214.182715828841,0.21843569233257148,0.09172341626327557,2.38146049538311,0.01724411860456243,1.0,0
GENE_1774,2162.9991245287724,0.4361887964554262,0.255113801008382,1.7097812612697296,0.0873062653953065,1.0,0
GENE_1775,629.7820493417973,-3.3434008039469614,0.23213927642013626,-14.40256407922941,0.0,1e-300,1
GENE_1776,53.50612732753802,2.357666737275621,0.2638608917807667,8.935264037667729,0.0,1e-300,1
GENE_1777,553.3553143303791,2.219940412206618,0.23315961027335397,9.52111907205533,0.0,1e-300,1
GENE_1778,75.02740381307619,-0.028466795541234657,0.19823396725492903,-0.14360200693873182,0.885814710000814,1.0,0
GENE_1779,3617.479874834154,-1.5218172085924013,0.17453821641940226,-8.719105991868213,0.0,1e-300,1
GENE_1780,1358.0323067440795,0.15004326550167632,0.14113750132693956,1.0630999138500186,0.2877367091795977,1.0,0
GENE_1781,465.5216281046697,-0.7409691659955819,0.2150182862377854,-3.4460751174258526,0.00056888871090921,0.056888871090921,0
GENE_1782,10.437827898712376,-0.3781026207493505,0.08703416214192689,-4.344301265665973,1.3982568607850965e-05,0.0013982568607850965,1
GENE_1783,92.28448479755733,0.5406725491440428,0.16862502358681794,3.2063601098070316,0.0013443841799476441,0.13443841799476441,0
GENE_1784,1131.8873021469913,0.7299516071228461,0.2630255192624229,2.775212113143162,0.005516687771824902,0.5516687771824902,0
GENE_1785,2488.2266266302922,-0.4862625473887847,0.109353600715317,-4.446699004038142,8.72751751734846e-06,0.000872751751734846,1
GENE_1786,2129.7390026707903,-0.1317566149650777,0.09698063542627272,-1.3585868393824108,0.17427767142228268,1.0,0
GENE_1787,37.03933650323109,1.1874962232475996,0.2560882234286686,4.637059085922268,3.537833854760919e-06,0.0003537833854760919,1
GENE_1788,634.1772314333222,2.0835493887712664,0.18739917470843453,11.118242073440088,0.0,1e-300,1
GENE_1789,1850.614129217392,-0.19714757912976064,0.29649275986833284,-0.6649321865981158,0.506093737664949,1.0,0
GENE_1790,33.53188078895636,2.3245015272686778,0.33307405207225743,6.978933101532623,2.993383318994347e-12,2.993383318994347e-10,1
GENE_1791,398.6736757258878,0.6194902233851448,0.33840092250779574,1.8306398776760828,0.06715419720565396,1.0,0
GENE_1792,608.358044404686,-0.14991566108730323,0.1949100705514284,-0.7691529773868042,0.44180237019055824,1.0,0
GENE_1793,256.9427051110458,0.28888068358658303,0.1513683505542587,1.9084615940439436,0.056331449356568086,1.0,0
GENE_1794,25.072138680749337,2.380961973280134,0.24432570946046905,9.745032475452053,0.0,1e-300,1
GENE_1795,247.5104578088985,-0.0684930976369305,0.2496120900006238,-0.27439815770445786,0.7837787859446195,1.0,0
GENE_1796,246.91443376783928,-0.6638387353305619,0.2480331327404921,-2.6764115261371626,0.007441613288613258,0.7441613288613258,0
GENE_1797,323.07722882687324,2.157617016881452,0.16688022570409788,12.92913529915288,0.0,1e-300,1
GENE_1798,173.25991430569468,0.33568054206090536,0.09721296883267182,3.4530427996566666,0.0005543965165133447,0.055439651651334465,0
GENE_1799,207.57272706405723,-0.019962156434685054,0.1367013064829117,-0.14602754683387328,0.8838996007847078,1.0,0
GENE_1800,380.10235681140057,-1.5109142343729922,0.12169324556600311,-12.41576085300078,0.0,1e-300,1
GENE_1801,783.4301506871591,-0.29949984959236703,0.11345309336149376,-2.639856179487989,0.008294202890773095,0.8294202890773095,0
GENE_1802,255.5351198846916,1.3843381987221048,0.3300964966893247,4.193737929987774,2.7456514956281097e-05,0.0027456514956281097,1
GENE_1803,218.22499276073137,0.12044526684027745,0.08373886441297135,1.438343685272381,0.15033665472948488,1.0,0
GENE_1804,463.3724032124391,0.39316648258470477,0.24250158959380685,1.621294455196205,0.10495448990444212,1.0,0
GENE_1805,22.61528739838929,-1.7926039072736326,0.3358179248498369,-5.338023299605602,9.416785684557283e-08,9.416785684557283e-06,1
GENE_1806,825.139688041204,2.5883356076189603,0.17721434442341452,14.605677751653694,0.0,1e-300,1
GENE_1807,403.08818297118694,0.06363849687560229,0.22231648407656485,0.28625181411957495,0.7746853940111438,1.0,0
GENE_1808,428.17855360088294,-0.03954524638491435,0.26786158913829305,-0.14763313587487795,0.8826322643241649,1.0,0
GENE_1809,1704.626768061317,0.16135049701069,0.1656358175577245,0.9741280562971167,0.32999296005889667,1.0,0
GENE_1810,21.558640876440865,0.10701611445062154,0.20896603668095726,0.5121220469621595,0.6085655796375042,1.0,0
GENE_1811,20.88955336911852,1.791150356038117,0.300617769589843,5.958231805398356,2.558690592735502e-09,2.558690592735502e-07,1
GENE_1812,608.3228643941336,-0.21074127839487083,0.28124602962567113,-0.7493129011469434,0.4536684977978913,1.0,0
GENE_1813,399.1449832011617,-0.09820059589420037,0.298281341103067,-0.3292213838487085,0.741988497593836,1.0,0
GENE_1814,520.7475705229969,0.4594969399290971,0.3465818441794671,1.3257963382847036,0.18490729788970905,1.0,0
GENE_1815,201.7056360368526,-0.29280317316228577,0.17998841823276832,-1.6267889680747172,0.10378190841125079,1.0,0
GENE_1816,1092.834994795704,-0.025122689257582195,0.2817146409926587,-0.08917779057935749,0.9289404893798521,1.0,0
GENE_1817,1634.2810543034807,0.0733368855993684,0.24275183311753534,0.30210641319384074,0.7625710806242729,1.0,0
GENE_1818,833.7832203445614,0.6241403719497832,0.25998328714972296,2.4006942092025483,0.016363991615032436,1.0,0
GENE_1819,272.8050158625294,-0.12012330329452531,0.27976595430489226,-0.42937069877921424,0.6676535457039288,1.0,0
GENE_1820,17.089528689094884,0.3835226624043844,0.28242745557550497,1.357951059052941,0.17447933793905301,1.0,0
GENE_1821,1279.026233168917,0.4927917613060089,0.31915119030960126,1.5440699463723224,0.12257142198628168,1.0,0
GENE_1822,2521.4590456495234,-0.0255017059962593,0.17431685231373495,-0.14629512670617414,0.883688371764185,1.0,0
GENE_1823,1060.8625875021373,-0.08428759163070501,0.25643996615021586,-0.3286835234619066,0.7423950460134894,1.0,0
GENE_1824,107.8278915186993,-0.13162146881928646,0.15567841653115105,-0.8454702440588427,0.3978482436272268,1.0,0
GENE_1825,1108.4208131906114,-0.10232925369703294,0.24053355038158325,-0.42542611429755833,0.6705261480937841,1.0,0
GENE_1826,1466.7356466545,-1.4536361382536016,0.2828172878464205,-5.1398418721948,2.7546642744624705e-07,2.7546642744624705e-05,1
GENE_1827,4180.659849107639,0.09240399090220557,0.29357029326364287,0.31475933710779624,0.7529445256850542,1.0,0
GENE_1828,108.40076147500744,-1.9998780776687273,0.19343361580706314,-10.338834174838924,0.0,1e-300,1
GENE_1829,287.2400057280469,2.9689064063492605,0.2173544602643671,13.659284482766974,0.0,1e-300,1
GENE_1830,1237.5737352586527,-0.38699603095009383,0.17013945981594666,-2.2745812838993267,0.022930992254603044,1.0,0
GENE_1831,439.70986300833454,0.857378729910792,0.12563981356570023,6.8241006220726925,8.90021389921003e-12,8.90021389921003e-10,1
GENE_1832,75.4906341014178,-0.07113029011547584,0.1503396994019837,-0.473130453223038,0.6361201375527696,1.0,0
GENE_1833,751.3897016828724,-0.3099087982313441,0.32627699132295257,-0.9498334435865659,0.3421968698735949,1.0,0
GENE_1834,961.0173382805176,0.572439666235719,0.1634217764505153,3.502835905158917,0.0004604211538068448,0.04604211538068448,1
GENE_1835,460.3303318571512,0.11272341947342085,0.3431850200573147,0.3284625286225929,0.7425621085324536,1.0,0
GENE_1836,560.8073213195696,0.23126196674580865,0.14519908300815304,1.5927233282377073,0.11122227548114094,1.0,0
GENE_1837,273.6749661958806,-0.05521883011261344,0.2752291936198821,-0.20062853575364517,0.8409890939929965,1.0,0
GENE_1838,3704.925403702629,-0.12746923623072168,0.2349538892643956,-0.542528734594725,0.5874542711640824,1.0,0
GENE_1839,104.47645389435097,-0.06783454899891615,0.2681549133716956,-0.25296776458796094,0.8002932358580743,1.0,0
GENE_1840,167.17127001868337,-0.5530952681194508,0.25386864558447886,-2.1786671089140053,0.029356303524551652,1.0,0
GENE_1841,410.1316764833286,-0.035170963767958995,0.27082211757134905,-0.12986739814074852,0.8966712688196041,1.0,0
GENE_1842,1507.836380296127,0.11841323081704694,0.32449770307757386,0.364912385184863,0.7151769319737138,1.0,0
GENE_1843,42.68895598989673,0.7401852935375016,0.23213676393686994,3.1885741878386678,0.0014298926211195884,0.14298926211195884,0
GENE_1844,56.51775719160763,0.0343996260020862,0.09831917138407871,0.34987709434313535,0.7264310683426298,1.0,0
GENE_1845,18.98040703456682,-1.6873292299259544,0.15312286730066288,-11.019446407131444,0.0,1e-300,1
GENE_1846,423.70727933335036,-0.03759417311384857,0.2712191247103662,-0.13861180753383537,0.8897568578162143,1.0,0
GENE_1847,75.37994620517229,-3.2112874684166868,0.21340014955343178,-15.048196897409554,0.0,1e-300,1
GENE_1848,226.5973910285504,0.34654649399401594,0.2281090353073154,1.519214236854485,0.12870862713232434,1.0,0
GENE_1849,1087.9682933367906,-0.32435557752343547,0.24107672295267868,-1.3454454397370572,0.1784815567248781,1.0,0
GENE_1850,154.1129721445648,0.2364426057722227,0.1833099037058339,1.2898517810126253,0.19710226196714342,1.0,0
GENE_1851,570.7338758012257,-2.638985338388218,0.2889517917737209,-9.132960630522119,0.0,1e-300,1
GENE_1852,257.4931552951436,-0.5415230078187431,0.27535441865206806,-1.9666399779224168,0.04922459281073732,1.0,0
GENE_1853,1105.6309789383165,-0.1393477452936289,0.2728608412921407,-0.5106916208047423,0.6095669946696991,1.0,0
GENE_1854,822.7826746829224,0.03661057569554448,0.27313374698943504,0.1340390050628222,0.8933716687281472,1.0,0
GENE_1855,142.89347973640173,2.7547043010364782,0.3203966604466469,8.597793426424298,0.0,1e-300,1
GENE_1856,313.25650818818195,-0.4596637162154544,0.24075605044968407,-1.9092509424244777,0.05622959422589657,1.0,0
GENE_1857,1930.655953780945,0.0041342252729418905,0.3411094938641787,0.012119936112326547,0.9903298724851899,1.0,0
GENE_1858,727.8283994578786,-0.16326927039558167,0.11218202478547223,-1.455396002236584,0.14555974621183831,1.0,0
GENE_1859,49.62808549882865,0.1579245084584363,0.25062892368034334,0.6301128622323579,0.5286206299399709,1.0,0
GENE_1860,1078.6085305236006,1.6272740721872807,0.27357016740266477,5.948287737793115,2.718984593030882e-09,2.718984593030882e-07,1
GENE_1861,79.2877838010458,0.2856454994213203,0.20884951095767706,1.3677096877627153,0.17140308710105234,1.0,0
GENE_1862,3356.887904798222,-0.47350363882407803,0.15781626434337284,-3.0003475294145865,0.002696855775613294,0.2696855775613294,0
GENE_1863,1874.5956461512365,-3.0998352354929706,0.22851011223199674,-13.565418200599533,0.0,1e-300,1
GENE_1864,623.1755207616701,-0.6863033137513267,0.17848187367848972,-3.8452269667877124,0.00012048476780934791,0.012048476780934791,1
GENE_1865,510.73418306135255,-0.43702170815336505,0.3254634991883104,-1.342767189694928,0.1793474984954786,1.0,0
GENE_1866,294.84553704039513,0.1669483212127317,0.1763339513839788,0.9467735504275675,0.3437541601185279,1.0,0
GENE_1867,1116.3122828050587,0.6656933005990553,0.12744088802957484,5.2235456837413885,1.7587124467866033e-07,1.7587124467866033e-05,1
GENE_1868,231.32710452850537,0.1260172144464683,0.23562506784467224,0.5348209152751983,0.5927736596391047,1.0,0
GENE_1869,574.4165361949373,0.22514316807295645,0.18691799967269973,1.2045023404230217,0.22839560867698916,1.0,0
GENE_1870,1492.0429239885186,0.007014760669223393,0.10589249909622708,0.06624416959740377,0.9471832924870416,1.0,0
GENE_1871,173.6931409768207,-0.41055938164607736,0.23250743476943525,-1.7657903372131147,0.07743093938997525,1.0,0
GENE_1872,160.08595504489833,-0.19605533929575172,0.22521853101473938,-0.8705115800747361,0.3840208140111394,1.0,0
GENE_1873,67.25233767963826,-0.4847638879925107,0.12676321339096266,-3.824168503029373,0.00013126027039378485,0.013126027039378485,1
GENE_1874,81.71935530213017,-0.5114839871107487,0.24136230561915756,-2.119154379962763,0.03407730179012436,1.0,0
GENE_1875,25.98207904422882,0.1606995677278986,0.233186922941522,0.6891448529821649,0.4907319802368568,1.0,0
GENE_1876,1205.6127025229105,-0.4492711928351847,0.28887540822122953,-1.5552420872430899,0.11988845078840127,1.0,0
GENE_1877,6083.721114280553,0.12782160268934456,0.17762388105751126,0.7196194674293731,0.4717591836818764,1.0,0
GENE_1878,3422.0443519852734,-0.520729100888439,0.1471650713891826,-3.538401442495514,0.00040264056096650513,0.04026405609665051,1
GENE_1879,35.19391741845478,0.11855320804670187,0.3368293694821094,0.35196814407539007,0.7248622825982847,1.0,0
GENE_1880,1196.6508881463928,-2.1109154065955806,0.23152873115135275,-9.117293547536669,0.0,1e-300,1
GENE_1881,3405.542481166549,0.5626462134602578,0.08732778889872868,6.4429229292950625,1.1775247443779335e-10,1.1775247443779335e-08,1
GENE_1882,203.32080033279578,-1.0171950275858326,0.30159215471017065,-3.372750291078873,0.000744321132757797,0.0744321132757797,0
GENE_1883,469.7361461876758,0.4943131571976566,0.133124676448114,3.713159501201249,0.0002047469562440618,0.02047469562440618,1
GENE_1884,19.849134889549266,-0.30225868657007704,0.29222980576437774,-1.0343184733653947,0.30098734903573643,1.0,0
GENE_1885,601.9077846705649,0.022457336097666914,0.27039385533211047,0.08305416582075711,0.9338083387209917,1.0,0
GENE_1886,81.83134867659943,-0.39243486324651133,0.34157970555105244,-1.1488822575492796,0.2506046473907215,1.0,0
GENE_1887,544.2738532328119,-0.16544209709776725,0.34070641143052205,-0.48558551159376917,0.6272610835356054,1.0,0
GENE_1888,38.79128533821663,3.0765870674571425,0.15409086865705518,19.9660570043537,0.0,1e-300,1
GENE_1889,910.7672140915262,-0.2903432882748557,0.28694138693032295,-1.0118557360474418,0.31160706491488366,1.0,0
GENE_1890,1875.7596689800741,-0.48620114353827804,0.16555087316057945,-2.936868493992643,0.0033155831137823277,0.3315583113782328,0
GENE_1891,124.61515241506366,-0.5654069294610612,0.24988344348399044,-2.2626826394654103,0.023655187269936206,1.0,0
GENE_1892,73.30406965506523,-0.935899246282959,0.24139144293774012,-3.8771020003569343,0.00010574864514500959,0.010574864514500959,1
GENE_1893,15.894377592792154,-0.42253858540138317,0.09472674921771446,-4.460604727712602,8.180048858275057e-06,0.0008180048858275057,1
GENE_1894,270.5291075284546,0.2509975586687378,0.08139907245554655,3.0835432284048685,0.0020456508369837145,0.20456508369837145,0
GENE_1895,168.61349747770814,-0.6393994128053132,0.09559628394059856,-6.688538366225846,2.2664981003117646e-11,2.2664981003117646e-09,1
GENE_1896,39.388381281323376,-0.5472491385013221,0.11454435283357009,-4.7776177957586485,1.7760784851716949e-06,0.0001776078485171695,1
GENE_1897,795.943445113779,0.716359428493166,0.14956617266389888,4.789581866903487,1.6734267811457926e-06,0.00016734267811457926,1
GENE_1898,205.41748638643483,-0.2545984199393016,0.3248779102754918,-0.7836741492316477,0.4332312082388383,1.0,0
GENE_1899,80.35031897797055,0.12841840366593432,0.22003082234360527,0.5836382480332376,0.5594636379267688,1.0,0
GENE_1900,175.58818433294834,0.25692685860019787,0.2951607694870129,0.8704641170530037,0.38404674098177694,1.0,0
GENE_1901,2012.1454269311457,0.2650104519125121,0.3063441730689462,0.8650742374423049,0.38699796051716207,1.0,0
GENE_1902,996.6557411830403,-0.6089256922432239,0.2784346366194461,-2.1869610032586584,0.028745270348677687,1.0,0
GENE_1903,331.94221672253616,-0.0924238719597961,0.18567398359355441,-0.4977750257252764,0.6186426200154369,1.0,0
GENE_1904,1021.1222307487453,-2.1565757987068275,0.3132420363370653,-6.884694736137635,5.8264504332328215e-12,5.826450433232822e-10,1
GENE_1905,70.71318625050802,0.9785271435641294,0.28035343339664853,3.490334081907581,0.0004825070855738467,0.04825070855738467,1
GENE_1906,423.50069326940536,-0.6379501056062401,0.28065088971936414,-2.2731091508177865,0.023019534863533364,1.0,0
GENE_1907,503.19788170529523,-0.4191360875479281,0.3234250683347037,-1.2959295014020857,0.19499991037249065,1.0,0
GENE_1908,199.38651697286807,-1.4015569370238419,0.24163913756357458,-5.8002066683220805,6.643913197379447e-09,6.643913197379447e-07,1
GENE_1909,775.2515086035221,-0.5986641906891522,0.22271509608978768,-2.6880269959239786,0.007187654096338925,0.7187654096338925,0
GENE_1910,125.12957720600959,-2.116990861726422,0.3203438905512103,-6.608494571517352,3.902855816306783e-11,3.902855816306783e-09,1
GENE_1911,866.7330786907737,0.9689791604333984,0.20270466660433312,4.780250877621803,1.752980029579021e-06,0.0001752980029579021,1
GENE_1912,923.1466973954126,-3.0106920819439362,0.29912408792778755,-10.06502720259278,0.0,1e-300,1
GENE_1913,5.074663305354032,2.9074756733325877,0.09453851732009809,30.75440313378474,0.0,1e-300,1
GENE_1914,2405.3688896924673,2.53807512633823,0.08034828500320698,31.588416930578255,0.0,1e-300,1
GENE_1915,4.172649275597679,-0.0976434874088406,0.2226389721931763,-0.4385732041743287,0.6609708790837019,1.0,0
GENE_1916,160.12046875862143,-0.12654616926457754,0.09987521133042265,-1.2670428185219844,0.2051401174395393,1.0,0
GENE_1917,1878.1115407716616,-0.2605184505440578,0.34366661363232714,-0.7580557441718047,0.44841747789799036,1.0,0
GENE_1918,250.6531001615964,0.08855010159049137,0.08148531699074567,1.0867000934726443,0.2771694533883542,1.0,0
GENE_1919,44.733426845163756,0.15806925712619455,0.2739004018546345,0.5771048748226579,0.5638685332088418,1.0,0
GENE_1920,78.20975683074342,0.12923330317516027,0.14571386786227958,0.8868977611472383,0.375133879085757,1.0,0
GENE_1921,1882.5050070931131,-1.1387149663107867,0.3412390414234552,-3.337000835428196,0.0008469888798412484,0.08469888798412484,0
GENE_1922,22.595329015280747,2.939314535055695,0.18301624566953195,16.060402311842548,0.0,1e-300,1
GENE_1923,2194.010993301165,0.26633323912268636,0.0873665250912436,3.048458649860848,0.002300323793828607,0.2300323793828607,0
GENE_1924,371.42495985384363,0.005005503768612182,0.08727265666037134,0.05735477708775966,0.9542624479828596,1.0,0
GENE_1925,67.45137745655526,0.35534300993386014,0.2294108103656659,1.5489375124366045,0.12139677264448756,1.0,0
GENE_1926,168.2292094579471,-3.1066231016763375,0.34641223433844587,-8.96799475806376,0.0,1e-300,1
GENE_1927,87.72118991213792,-0.5687048276188462,0.3445388544623442,-1.6506261057444882,0.09881491371796569,1.0,0
GENE_1928,1479.3199993682288,-0.5736888829830413,0.17106370251810177,-3.3536564130098507,0.0007976229160964188,0.07976229160964188,0
GENE_1929,1210.3219948603605,2.177872837846807,0.21032998528100216,10.354552323755243,0.0,1e-300,1
GENE_1930,30.607904701774075,-0.4225061633162672,0.10712306756541035,-3.944119347201115,8.01280478750499e-05,0.00801280478750499,1
GENE_1931,220.21664729396136,0.3021007103904403,0.22098775111776753,1.367047308560765,0.17161059842367554,1.0,0
GENE_1932,110.52276374501879,0.1405238703951671,0.2419194317430337,0.5808705376938519,0.5613276290113922,1.0,0
GENE_1933,2808.104424563372,0.4396735975141243,0.14778664971505667,2.9750562609129223,0.002929486226006084,0.2929486226006084,0
GENE_1934,53.24220041652178,0.15859472696436733,0.24527089769709692,0.6466104558406583,0.5178839661086356,1.0,0
GENE_1935,4475.367082830596,0.08345983274934761,0.3229170429579885,0.25845595508009694,0.7960551540610363,1.0,0
GENE_1936,383.77555546303097,2.16275482116024,0.08025794002433974,26.9475496194438,0.0,1e-300,1
GENE_1937,70.60481832711922,0.1878909358940194,0.141812119063145,1.3249286248261813,0.18519495752221204,1.0,0
GENE_1938,146.07040390212822,0.027240385375087522,0.1366782820974633,0.19930295403963885,0.8420258171182353,1.0,0
GENE_1939,121.21571644262366,0.5921812135722742,0.11344927481913329,5.219788443040822,1.7947558150765985e-07,1.7947558150765985e-05,1
GENE_1940,59.624847823375234,0.04607235326111603,0.1248473274390175,0.36902955158267503,0.7121058187181788,1.0,0
GENE_1941,465.09435063461024,-0.12173624196716866,0.24899638724865464,-0.48890766373087774,0.6249070788168367,1.0,0
GENE_1942,63.951608102914186,-0.33512930351105985,0.1077274853406735,-3.1108987873545835,0.0018653240851413955,0.18653240851413955,0
GENE_1943,15.324466776981302,0.2812101836181645,0.27940353443559485,1.0064660928009346,0.3141914391350795,1.0,0
GENE_1944,228.25999169185795,-1.0230973035462818,0.31949609945076346,-3.2022215773684213,0.0013638486997789023,0.13638486997789023,0
GENE_1945,26.9967288611295,-0.020234960573372027,0.3301786855281596,-0.061284878340962044,0.9511321942819344,1.0,0
GENE_1946,130.550313679857,0.5231662495119355,0.2582474698663192,2.0258330111917475,0.042781763376290805,1.0,0
GENE_1947,103.16665259869849,-0.7880060127886304,0.1332970308710763,-5.911654653064123,3.3982885394578943e-09,3.3982885394578943e-07,1
GENE_1948,109.19943529009187,-0.02218134992316592,0.10303007539577513,-0.21529004844419916,0.8295412592713429,1.0,0
GENE_1949,8114.798526823575,-0.01603796484177448,0.1426467375278899,-0.11243134697447098,0.9104813043360094,1.0,0
GENE_1950,439.05177769437256,-2.6269495889353567,0.33972844016196146,-7.732498308599038,1.0658141036401503e-14,1.0658141036401503e-12,1
GENE_1951,582.9238227013421,0.9535444151927494,0.3398332044726923,2.8059189115211156,0.005017453527435656,0.5017453527435656,0
GENE_1952,28.089688606390705,2.587519789652016,0.18311809865795234,14.130333422068038,0.0,1e-300,1
GENE_1953,151.26833300932412,2.7863802456752054,0.16796371609633864,16.589179558738902,0.0,1e-300,1
GENE_1954,557.2165507610895,-2.312275949887284,0.21770285720994764,-10.621247601070197,0.0,1e-300,1
GENE_1955,86.7652877208544,-0.8011254954103318,0.15875578469619817,-5.046275932202406,4.512498570363732e-07,4.512498570363732e-05,1
GENE_1956,1575.1318550961432,-0.30394717013796607,0.3445088619470021,-0.882262268727137,0.37763492411022037,1.0,0
GENE_1957,66.41713770504975,0.39329598777816166,0.13972977530663588,2.814689903530416,0.004882555415361534,0.48825554153615336,0
GENE_1958,262.5524302051247,-0.2515781419731099,0.1796685241893475,-1.40023492210566,0.16144309048962824,1.0,0
GENE_1959,167.48981442893475,-0.33155006512010865,0.1959301364390481,-1.6921851387739453,0.09061062452918156,1.0,0
GENE_1960,516.1931355087946,0.5238102546057601,0.11376728623191379,4.604225625440135,4.144344811773948e-06,0.0004144344811773948,1
GENE_1961,154.35650464187876,0.5361017603807315,0.18336270322793505,2.9237230415081337,0.0034588590123028062,0.3458859012302806,0
GENE_1962,268.7172091126387,0.20679618886445672,0.31131729442753275,0.6642618080204148,0.5065226305332353,1.0,0
GENE_1963,283.1013221410014,-0.18204693361546692,0.11789747039332478,-1.54411229526918,0.12256116412031481,1.0,0
GENE_1964,134.07755000258152,-0.09578842604652942,0.23768592672307054,-0.4030041970391169,0.6869452329321559,1.0,0
GENE_1965,835.1745982938552,-0.32165998462998363,0.18979202727620453,-1.6948024068570147,0.09011285469829433,1.0,0
GENE_1966,576.8501701031906,-0.39790924761145796,0.12604491605171278,-3.156884546205788,0.0015947769634023778,0.15947769634023778,0
GENE_1967,353.2157578010066,-0.41776659532337296,0.08333076440128558,-5.013353691460052,5.357516070780832e-07,5.357516070780832e-05,1
GENE_1968,211.51850733903086,-0.24722176271408303,0.15380269194227303,-1.6073955507025397,0.10796762019140171,1.0,0
GENE_1969,1332.5051830886246,-0.413888396273898,0.09669381938846051,-4.2804017763651565,1.866863927402207e-05,0.001866863927402207,1
GENE_1970,283.2269824457567,1.9687513388469207,0.1817274872501185,10.833536349607106,0.0,1e-300,1
GENE_1971,254.66630192382462,0.0877610679015623,0.2987566610388233,0.29375434708770487,0.7689457575282412,1.0,0
GENE_1972,472.0264607060878,0.09383823235737483,0.2743150204369553,0.34208200560035057,0.7322893121717802,1.0,0
GENE_1973,5140.368376476194,0.6803171033713267,0.33579360215947707,2.025997812335407,0.04276487238010751,1.0,0
GENE_1974,54.02601490023529,-0.2673353473418811,0.19529416268100866,-1.368885499043531,0.1710351896584621,1.0,0
GENE_1975,1280.21759631007,0.11844023584930824,0.2711063776198002,0.4368773500983769,0.6622003632807458,1.0,0
GENE_1976,23.576330365905473,3.2903292197750673,0.25964226496754544,12.672548593682732,0.0,1e-300,1
GENE_1977,558.8660037434934,-0.10153502445021323,0.13860250185273007,-0.7325627105786134,0.4638250432660642,1.0,0
GENE_1978,4283.92207408668,2.092130018844436,0.16196727641281777,12.916992031847668,0.0,1e-300,1
GENE_1979,839.6648185761886,0.31009167474028576,0.22305397401739524,1.3902091460432924,0.16446548990649923,1.0,0
GENE_1980,521.0977362915513,0.130964438079016,0.29509747613159887,0.44380060377274233,0.6571868090998068,1.0,0
GENE_1981,174.04707294534117,2.662259197603693,0.20468943830499178,13.006333984056706,0.0,1e-300,1
GENE_1982,422.6611527639594,-0.14301204342181403,0.14149021476739237,-1.0107557166191565,0.3121333907840511,1.0,0
GENE_1983,276.41566817847206,-0.5471015595188237,0.3482357363756998,-1.571066672285966,0.1161671799020092,1.0,0
GENE_1984,124.09347200194877,-0.3223671114470767,0.11120627771549048,-2.8988211643214865,0.003745818465209272,0.3745818465209272,0
GENE_1985,261.17392815674697,-0.24880300956067516,0.3380900050226585,-0.7359076159142907,0.4617867842313139,1.0,0
GENE_1986,543.2511526707681,-0.44958870497177367,0.29844249787623195,-1.506450013557466,0.13195174566411727,1.0,0
GENE_1987,127.63497054623727,0.1759695866750657,0.30650125021311997,0.5741235526860282,0.5658841205814369,1.0,0
GENE_1988,120.37083495919059,0.47865114759480404,0.2946277474347048,1.6245962974036665,0.10424859088403804,1.0,0
GENE_1989,52.4381743183006,2.463274761463809,0.13620615415224793,18.084900618443573,0.0,1e-300,1
GENE_1990,724.9390186668157,0.11337657429785486,0.25079724189671526,0.45206467758742835,0.6512224377930678,1.0,0
GENE_1991,914.1410607318186,-0.41364445581188414,0.28432244936175155,-1.4548427559639954,0.14571288238502556,1.0,0
GENE_1992,571.0579347138781,-0.12196886837566485,0.28133516386744584,-0.4335358108065433,0.6646256235209271,1.0,0
GENE_1993,1716.0076517384368,-1.1160601119440554,0.15332265004690093,-7.279160069322152,3.383959779057477e-13,3.383959779057477e-11,1
GENE_1994,460.2645604728256,0.24075825944257662,0.12890223469619397,1.8677586157448158,0.0617955989744714,1.0,0
GENE_1995,726.338679000825,-0.27151526953687133,0.16859320565692826,-1.6104757512552437,0.10729402785814113,1.0,0
GENE_1996,636.3547166553176,0.4046641654826587,0.20955800970189575,1.9310364994318705,0.053478402846954376,1.0,0
GENE_1997,351.66885180022746,-0.09828830946487961,0.23492080170719265,-0.4183891283811768,0.6756627161959019,1.0,0
GENE_1998,181.9564290889134,-0.2598414838379323,0.30597659782617326,-0.849220122336119,0.39575872478252916,1.0,0
GENE_1999,11172.703820438841,1.690615352584779,0.28763924148024633,5.877554619754072,4.177402201932523e-09,4.177402201932523e-07,1
